-- -------------------------------------------------------------
-- TablePlus 4.8.2(436)
--
-- https://tableplus.com/
--
-- Database: voientspannt
-- Generation Time: 2022-07-26 11:29:12.7420
-- -------------------------------------------------------------


/*!40101 SET @OLD_CHARACTER_SET_CLIENT=@@CHARACTER_SET_CLIENT */;
/*!40101 SET @OLD_CHARACTER_SET_RESULTS=@@CHARACTER_SET_RESULTS */;
/*!40101 SET @OLD_COLLATION_CONNECTION=@@COLLATION_CONNECTION */;
/*!40101 SET NAMES utf8mb4 */;
/*!40014 SET @OLD_UNIQUE_CHECKS=@@UNIQUE_CHECKS, UNIQUE_CHECKS=0 */;
/*!40014 SET @OLD_FOREIGN_KEY_CHECKS=@@FOREIGN_KEY_CHECKS, FOREIGN_KEY_CHECKS=0 */;
/*!40101 SET @OLD_SQL_MODE=@@SQL_MODE, SQL_MODE='NO_AUTO_VALUE_ON_ZERO' */;
/*!40111 SET @OLD_SQL_NOTES=@@SQL_NOTES, SQL_NOTES=0 */;


CREATE TABLE `announcements` (
  `id` int(11) NOT NULL AUTO_INCREMENT,
  `userId` int(11) NOT NULL,
  `pluginId` int(11) DEFAULT NULL,
  `heading` varchar(255) COLLATE utf8_unicode_ci NOT NULL,
  `body` text COLLATE utf8_unicode_ci NOT NULL,
  `unread` tinyint(1) NOT NULL DEFAULT 1,
  `dateRead` datetime DEFAULT NULL,
  `dateCreated` datetime NOT NULL,
  PRIMARY KEY (`id`),
  KEY `idx_lfdcsochtmkwahmorrqkulidjgqdgkuxjdld` (`userId`,`unread`,`dateRead`,`dateCreated`),
  KEY `idx_sgheapvthpxemcuqdqtjcvbopeykpvtuugky` (`dateRead`),
  KEY `fk_iozknjdzunzulyestxdvgmhhmblbgqlnxjpw` (`pluginId`),
  CONSTRAINT `fk_dmmeeupcbjiuaemjhfbveksilzmywguwcbkx` FOREIGN KEY (`userId`) REFERENCES `users` (`id`) ON DELETE CASCADE,
  CONSTRAINT `fk_iozknjdzunzulyestxdvgmhhmblbgqlnxjpw` FOREIGN KEY (`pluginId`) REFERENCES `plugins` (`id`) ON DELETE CASCADE
) ENGINE=InnoDB DEFAULT CHARSET=utf8 COLLATE=utf8_unicode_ci;

CREATE TABLE `assetindexdata` (
  `id` int(11) NOT NULL AUTO_INCREMENT,
  `sessionId` varchar(36) COLLATE utf8_unicode_ci NOT NULL DEFAULT '',
  `volumeId` int(11) NOT NULL,
  `uri` text COLLATE utf8_unicode_ci DEFAULT NULL,
  `size` bigint(20) unsigned DEFAULT NULL,
  `timestamp` datetime DEFAULT NULL,
  `recordId` int(11) DEFAULT NULL,
  `inProgress` tinyint(1) DEFAULT 0,
  `completed` tinyint(1) DEFAULT 0,
  `dateCreated` datetime NOT NULL,
  `dateUpdated` datetime NOT NULL,
  `uid` char(36) COLLATE utf8_unicode_ci NOT NULL DEFAULT '0',
  PRIMARY KEY (`id`),
  KEY `idx_npoxedxvdnylhnrzrsiaupjqujgwqzbigwzv` (`sessionId`,`volumeId`),
  KEY `idx_tijjpvtejdaoomfukcuahegawtfbltxhllci` (`volumeId`),
  CONSTRAINT `fk_gyswdphzqpevpjycsgufnqfokoabqizwmdws` FOREIGN KEY (`volumeId`) REFERENCES `volumes` (`id`) ON DELETE CASCADE
) ENGINE=InnoDB DEFAULT CHARSET=utf8 COLLATE=utf8_unicode_ci;

CREATE TABLE `assets` (
  `id` int(11) NOT NULL,
  `volumeId` int(11) DEFAULT NULL,
  `folderId` int(11) NOT NULL,
  `uploaderId` int(11) DEFAULT NULL,
  `filename` varchar(255) COLLATE utf8_unicode_ci NOT NULL,
  `kind` varchar(50) COLLATE utf8_unicode_ci NOT NULL DEFAULT 'unknown',
  `width` int(11) unsigned DEFAULT NULL,
  `height` int(11) unsigned DEFAULT NULL,
  `size` bigint(20) unsigned DEFAULT NULL,
  `focalPoint` varchar(13) COLLATE utf8_unicode_ci DEFAULT NULL,
  `deletedWithVolume` tinyint(1) DEFAULT NULL,
  `keptFile` tinyint(1) DEFAULT NULL,
  `dateModified` datetime DEFAULT NULL,
  `dateCreated` datetime NOT NULL,
  `dateUpdated` datetime NOT NULL,
  `uid` char(36) COLLATE utf8_unicode_ci NOT NULL DEFAULT '0',
  PRIMARY KEY (`id`),
  KEY `idx_rioilgbamgzpqcgawdpitwdrauevncxkmzic` (`filename`,`folderId`),
  KEY `idx_kncclrykprjhdgwljvisscfszkkblbibtptc` (`folderId`),
  KEY `idx_fooofdmnbnauwkhvlpqpmwyfqshxfbaddvqo` (`volumeId`),
  KEY `fk_gmzkqogowbjlmhnjinvosvudiwqqgziuswqs` (`uploaderId`),
  CONSTRAINT `fk_eowshzkwjstnglrnibqepnjkdcrsqmvuadnx` FOREIGN KEY (`id`) REFERENCES `elements` (`id`) ON DELETE CASCADE,
  CONSTRAINT `fk_gmzkqogowbjlmhnjinvosvudiwqqgziuswqs` FOREIGN KEY (`uploaderId`) REFERENCES `users` (`id`) ON DELETE SET NULL,
  CONSTRAINT `fk_mkbiroaegzdbqwpibgqalytflzqsdzzomoal` FOREIGN KEY (`volumeId`) REFERENCES `volumes` (`id`) ON DELETE CASCADE,
  CONSTRAINT `fk_xvyqtoppytbpdbeakujlivvgmhexnutoonjf` FOREIGN KEY (`folderId`) REFERENCES `volumefolders` (`id`) ON DELETE CASCADE
) ENGINE=InnoDB DEFAULT CHARSET=utf8 COLLATE=utf8_unicode_ci;

CREATE TABLE `assettransformindex` (
  `id` int(11) NOT NULL AUTO_INCREMENT,
  `assetId` int(11) NOT NULL,
  `filename` varchar(255) COLLATE utf8_unicode_ci DEFAULT NULL,
  `format` varchar(255) COLLATE utf8_unicode_ci DEFAULT NULL,
  `location` varchar(255) COLLATE utf8_unicode_ci NOT NULL,
  `volumeId` int(11) DEFAULT NULL,
  `fileExists` tinyint(1) NOT NULL DEFAULT 0,
  `inProgress` tinyint(1) NOT NULL DEFAULT 0,
  `error` tinyint(1) NOT NULL DEFAULT 0,
  `dateIndexed` datetime DEFAULT NULL,
  `dateCreated` datetime NOT NULL,
  `dateUpdated` datetime NOT NULL,
  `uid` char(36) COLLATE utf8_unicode_ci NOT NULL DEFAULT '0',
  PRIMARY KEY (`id`),
  KEY `idx_lkzjayfjfngytexcyktgadceddqkuzvtwhur` (`volumeId`,`assetId`,`location`)
) ENGINE=InnoDB AUTO_INCREMENT=14 DEFAULT CHARSET=utf8 COLLATE=utf8_unicode_ci;

CREATE TABLE `assettransforms` (
  `id` int(11) NOT NULL AUTO_INCREMENT,
  `name` varchar(255) COLLATE utf8_unicode_ci NOT NULL,
  `handle` varchar(255) COLLATE utf8_unicode_ci NOT NULL,
  `mode` enum('stretch','fit','crop') COLLATE utf8_unicode_ci NOT NULL DEFAULT 'crop',
  `position` enum('top-left','top-center','top-right','center-left','center-center','center-right','bottom-left','bottom-center','bottom-right') COLLATE utf8_unicode_ci NOT NULL DEFAULT 'center-center',
  `width` int(11) unsigned DEFAULT NULL,
  `height` int(11) unsigned DEFAULT NULL,
  `format` varchar(255) COLLATE utf8_unicode_ci DEFAULT NULL,
  `quality` int(11) DEFAULT NULL,
  `interlace` enum('none','line','plane','partition') COLLATE utf8_unicode_ci NOT NULL DEFAULT 'none',
  `dimensionChangeTime` datetime DEFAULT NULL,
  `dateCreated` datetime NOT NULL,
  `dateUpdated` datetime NOT NULL,
  `uid` char(36) COLLATE utf8_unicode_ci NOT NULL DEFAULT '0',
  PRIMARY KEY (`id`),
  KEY `idx_qlgetvkwxhveoefnnqpxohatyfofjxxbwgxo` (`name`),
  KEY `idx_dxeouetsaimzicybjltdzlnmqxbtappqqize` (`handle`)
) ENGINE=InnoDB AUTO_INCREMENT=6 DEFAULT CHARSET=utf8 COLLATE=utf8_unicode_ci;

CREATE TABLE `categories` (
  `id` int(11) NOT NULL,
  `groupId` int(11) NOT NULL,
  `parentId` int(11) DEFAULT NULL,
  `deletedWithGroup` tinyint(1) DEFAULT NULL,
  `dateCreated` datetime NOT NULL,
  `dateUpdated` datetime NOT NULL,
  `uid` char(36) COLLATE utf8_unicode_ci NOT NULL DEFAULT '0',
  PRIMARY KEY (`id`),
  KEY `idx_tslixvryahkfztzvdbtlfvywvabttolaeagt` (`groupId`),
  KEY `fk_yrttamhwuqcjqxxplhknunnubshppwjnsksa` (`parentId`),
  CONSTRAINT `fk_cnjoizlyqoottqugajolddnoygeycrpndcsb` FOREIGN KEY (`id`) REFERENCES `elements` (`id`) ON DELETE CASCADE,
  CONSTRAINT `fk_lzengfcfxozgdkzqksudtdbpggodauvcjltm` FOREIGN KEY (`groupId`) REFERENCES `categorygroups` (`id`) ON DELETE CASCADE,
  CONSTRAINT `fk_yrttamhwuqcjqxxplhknunnubshppwjnsksa` FOREIGN KEY (`parentId`) REFERENCES `categories` (`id`) ON DELETE SET NULL
) ENGINE=InnoDB DEFAULT CHARSET=utf8 COLLATE=utf8_unicode_ci;

CREATE TABLE `categorygroups` (
  `id` int(11) NOT NULL AUTO_INCREMENT,
  `structureId` int(11) NOT NULL,
  `fieldLayoutId` int(11) DEFAULT NULL,
  `name` varchar(255) COLLATE utf8_unicode_ci NOT NULL,
  `handle` varchar(255) COLLATE utf8_unicode_ci NOT NULL,
  `defaultPlacement` enum('beginning','end') COLLATE utf8_unicode_ci NOT NULL DEFAULT 'end',
  `dateCreated` datetime NOT NULL,
  `dateUpdated` datetime NOT NULL,
  `dateDeleted` datetime DEFAULT NULL,
  `uid` char(36) COLLATE utf8_unicode_ci NOT NULL DEFAULT '0',
  PRIMARY KEY (`id`),
  KEY `idx_qxusvddgbijncdmrojgdllmelwhqmvvtossc` (`name`),
  KEY `idx_siyxcnehxvyhxzufbonkgoetwwomzzemrbfy` (`handle`),
  KEY `idx_ieuafovydqisehsztfnzagjcwpdzepnwbglv` (`structureId`),
  KEY `idx_pmvepbxauqvxgecyjbpaqwvlkuxycwamuhmi` (`fieldLayoutId`),
  KEY `idx_jibnqkcqwaxxouzecgrndlehmboibuvjuzvn` (`dateDeleted`),
  CONSTRAINT `fk_hnvrzblaxzwvxmiglldfzepccnmfuqfwlmlm` FOREIGN KEY (`structureId`) REFERENCES `structures` (`id`) ON DELETE CASCADE,
  CONSTRAINT `fk_tsbebmenynktkcveulevdzjsttdmcnwxdjfo` FOREIGN KEY (`fieldLayoutId`) REFERENCES `fieldlayouts` (`id`) ON DELETE SET NULL
) ENGINE=InnoDB DEFAULT CHARSET=utf8 COLLATE=utf8_unicode_ci;

CREATE TABLE `categorygroups_sites` (
  `id` int(11) NOT NULL AUTO_INCREMENT,
  `groupId` int(11) NOT NULL,
  `siteId` int(11) NOT NULL,
  `hasUrls` tinyint(1) NOT NULL DEFAULT 1,
  `uriFormat` text COLLATE utf8_unicode_ci DEFAULT NULL,
  `template` varchar(500) COLLATE utf8_unicode_ci DEFAULT NULL,
  `dateCreated` datetime NOT NULL,
  `dateUpdated` datetime NOT NULL,
  `uid` char(36) COLLATE utf8_unicode_ci NOT NULL DEFAULT '0',
  PRIMARY KEY (`id`),
  UNIQUE KEY `idx_dwxmrntscjbbhajfzpymvajzhginvgvxszyb` (`groupId`,`siteId`),
  KEY `idx_qjjjcchhpiznwztyivtflcxhcbygtcsqtrom` (`siteId`),
  CONSTRAINT `fk_hwxsfhctalnsgvqofdwfwhazfuxjtwhwbhpu` FOREIGN KEY (`siteId`) REFERENCES `sites` (`id`) ON DELETE CASCADE ON UPDATE CASCADE,
  CONSTRAINT `fk_wcmasolhjwatopcuxjbmfsamsoqgcipfrsrl` FOREIGN KEY (`groupId`) REFERENCES `categorygroups` (`id`) ON DELETE CASCADE
) ENGINE=InnoDB DEFAULT CHARSET=utf8 COLLATE=utf8_unicode_ci;

CREATE TABLE `changedattributes` (
  `elementId` int(11) NOT NULL,
  `siteId` int(11) NOT NULL,
  `attribute` varchar(255) COLLATE utf8_unicode_ci NOT NULL,
  `dateUpdated` datetime NOT NULL,
  `propagated` tinyint(1) NOT NULL,
  `userId` int(11) DEFAULT NULL,
  PRIMARY KEY (`elementId`,`siteId`,`attribute`),
  KEY `idx_qzvdnxxpvfmyfqxqeeuqkbofwonctngauthz` (`elementId`,`siteId`,`dateUpdated`),
  KEY `fk_zywpdycotyxncxwwwomyquzmbeebmudehcmn` (`siteId`),
  KEY `fk_xznomvhbgusajrdejprnuvbvoxwsfzenohwt` (`userId`),
  CONSTRAINT `fk_kgttcnzlobnoqucgfungqjeakskbxxbvtzui` FOREIGN KEY (`elementId`) REFERENCES `elements` (`id`) ON DELETE CASCADE ON UPDATE CASCADE,
  CONSTRAINT `fk_xznomvhbgusajrdejprnuvbvoxwsfzenohwt` FOREIGN KEY (`userId`) REFERENCES `users` (`id`) ON DELETE SET NULL ON UPDATE CASCADE,
  CONSTRAINT `fk_zywpdycotyxncxwwwomyquzmbeebmudehcmn` FOREIGN KEY (`siteId`) REFERENCES `sites` (`id`) ON DELETE CASCADE ON UPDATE CASCADE
) ENGINE=InnoDB DEFAULT CHARSET=utf8 COLLATE=utf8_unicode_ci;

CREATE TABLE `changedfields` (
  `elementId` int(11) NOT NULL,
  `siteId` int(11) NOT NULL,
  `fieldId` int(11) NOT NULL,
  `dateUpdated` datetime NOT NULL,
  `propagated` tinyint(1) NOT NULL,
  `userId` int(11) DEFAULT NULL,
  PRIMARY KEY (`elementId`,`siteId`,`fieldId`),
  KEY `idx_bahtxvypzgcmzhrloufqujcmnuwfwsaperuj` (`elementId`,`siteId`,`dateUpdated`),
  KEY `fk_jzqbwofhcavdjjfawerwbcryakhejfbsyidj` (`siteId`),
  KEY `fk_dppxahegmmyiysycdiyjjgzlbcpshzfmidlf` (`fieldId`),
  KEY `fk_rmvoclspbdjvxhspslerlckpaewcpjfwyqdh` (`userId`),
  CONSTRAINT `fk_dppxahegmmyiysycdiyjjgzlbcpshzfmidlf` FOREIGN KEY (`fieldId`) REFERENCES `fields` (`id`) ON DELETE CASCADE ON UPDATE CASCADE,
  CONSTRAINT `fk_ibwdlejcjbocqallbtlqeqqkdysevotdwvmk` FOREIGN KEY (`elementId`) REFERENCES `elements` (`id`) ON DELETE CASCADE ON UPDATE CASCADE,
  CONSTRAINT `fk_jzqbwofhcavdjjfawerwbcryakhejfbsyidj` FOREIGN KEY (`siteId`) REFERENCES `sites` (`id`) ON DELETE CASCADE ON UPDATE CASCADE,
  CONSTRAINT `fk_rmvoclspbdjvxhspslerlckpaewcpjfwyqdh` FOREIGN KEY (`userId`) REFERENCES `users` (`id`) ON DELETE SET NULL ON UPDATE CASCADE
) ENGINE=InnoDB DEFAULT CHARSET=utf8 COLLATE=utf8_unicode_ci;

CREATE TABLE `content` (
  `id` int(11) NOT NULL AUTO_INCREMENT,
  `elementId` int(11) NOT NULL,
  `siteId` int(11) NOT NULL,
  `title` varchar(255) COLLATE utf8_unicode_ci DEFAULT NULL,
  `dateCreated` datetime NOT NULL,
  `dateUpdated` datetime NOT NULL,
  `uid` char(36) COLLATE utf8_unicode_ci NOT NULL DEFAULT '0',
  `field_heroTitle_temiowxg` text COLLATE utf8_unicode_ci DEFAULT NULL,
  `field_richText_gjkonjtl` text COLLATE utf8_unicode_ci DEFAULT NULL,
  `field_h2TitlePrice_zevnqzav` text COLLATE utf8_unicode_ci DEFAULT NULL,
  `field_h3TitlePrice_ucbimhdt` text COLLATE utf8_unicode_ci DEFAULT NULL,
  `field_h2TitleInfo_blibblco` text COLLATE utf8_unicode_ci DEFAULT NULL,
  `field_richTextAbout_hyfnnnuk` text COLLATE utf8_unicode_ci DEFAULT NULL,
  `field_gutscheinText_iqfuadci` text COLLATE utf8_unicode_ci DEFAULT NULL,
  `field_instagramLink_rsinwvae` varchar(255) COLLATE utf8_unicode_ci DEFAULT NULL,
  `field_facebookLink_awuodgok` varchar(255) COLLATE utf8_unicode_ci DEFAULT NULL,
  `field_youtubeLink_eqvqdtee` varchar(255) COLLATE utf8_unicode_ci DEFAULT NULL,
  `field_contactText_gcwekjuq` text COLLATE utf8_unicode_ci DEFAULT NULL,
  `field_contactH2_sctkoeyp` text COLLATE utf8_unicode_ci DEFAULT NULL,
  `field_email_axytcaqa` varchar(255) COLLATE utf8_unicode_ci DEFAULT NULL,
  `field_telefonnummer_qdzgebkt` text COLLATE utf8_unicode_ci DEFAULT NULL,
  `field_seoTitle_cncudhre` varchar(320) COLLATE utf8_unicode_ci DEFAULT NULL,
  `field_seoDescription_yyusjxlw` varchar(680) COLLATE utf8_unicode_ci DEFAULT NULL,
  PRIMARY KEY (`id`),
  UNIQUE KEY `idx_lzgzpsymskebpaonkglhoonbgovxiangvveu` (`elementId`,`siteId`),
  KEY `idx_kjilbyhkxiyzpgowrvmumpfkozjwwewiaufo` (`siteId`),
  KEY `idx_wtbuosiedrpuqhvevnsrkycdfefupzcerqkd` (`title`),
  CONSTRAINT `fk_cfwtrtwgyvosxokdycpduquqgajerrycqlzl` FOREIGN KEY (`elementId`) REFERENCES `elements` (`id`) ON DELETE CASCADE,
  CONSTRAINT `fk_iozkycyackmayphrlpznpmzttiomqdoyqcsc` FOREIGN KEY (`siteId`) REFERENCES `sites` (`id`) ON DELETE CASCADE ON UPDATE CASCADE
) ENGINE=InnoDB AUTO_INCREMENT=200 DEFAULT CHARSET=utf8 COLLATE=utf8_unicode_ci;

CREATE TABLE `craftidtokens` (
  `id` int(11) NOT NULL AUTO_INCREMENT,
  `userId` int(11) NOT NULL,
  `accessToken` text COLLATE utf8_unicode_ci NOT NULL,
  `expiryDate` datetime DEFAULT NULL,
  `dateCreated` datetime NOT NULL,
  `dateUpdated` datetime NOT NULL,
  `uid` char(36) COLLATE utf8_unicode_ci NOT NULL DEFAULT '0',
  PRIMARY KEY (`id`),
  KEY `fk_zxjffvopdnnuizvbvziyaecusmtrtnqijyzm` (`userId`),
  CONSTRAINT `fk_zxjffvopdnnuizvbvziyaecusmtrtnqijyzm` FOREIGN KEY (`userId`) REFERENCES `users` (`id`) ON DELETE CASCADE
) ENGINE=InnoDB DEFAULT CHARSET=utf8 COLLATE=utf8_unicode_ci;

CREATE TABLE `deprecationerrors` (
  `id` int(11) NOT NULL AUTO_INCREMENT,
  `key` varchar(255) COLLATE utf8_unicode_ci NOT NULL,
  `fingerprint` varchar(255) COLLATE utf8_unicode_ci NOT NULL,
  `lastOccurrence` datetime NOT NULL,
  `file` varchar(255) COLLATE utf8_unicode_ci NOT NULL,
  `line` smallint(6) unsigned DEFAULT NULL,
  `message` text COLLATE utf8_unicode_ci DEFAULT NULL,
  `traces` text COLLATE utf8_unicode_ci DEFAULT NULL,
  `dateCreated` datetime NOT NULL,
  `dateUpdated` datetime NOT NULL,
  `uid` char(36) COLLATE utf8_unicode_ci NOT NULL DEFAULT '0',
  PRIMARY KEY (`id`),
  UNIQUE KEY `idx_baxjcblwdbvxyrayshqmzfwljhechornivtv` (`key`,`fingerprint`)
) ENGINE=InnoDB DEFAULT CHARSET=utf8 COLLATE=utf8_unicode_ci;

CREATE TABLE `drafts` (
  `id` int(11) NOT NULL AUTO_INCREMENT,
  `sourceId` int(11) DEFAULT NULL,
  `creatorId` int(11) DEFAULT NULL,
  `provisional` tinyint(1) NOT NULL DEFAULT 0,
  `name` varchar(255) COLLATE utf8_unicode_ci NOT NULL,
  `notes` text COLLATE utf8_unicode_ci DEFAULT NULL,
  `trackChanges` tinyint(1) NOT NULL DEFAULT 0,
  `dateLastMerged` datetime DEFAULT NULL,
  `saved` tinyint(1) NOT NULL DEFAULT 1,
  PRIMARY KEY (`id`),
  KEY `idx_tivvoilwrkljhvkrztnzfvmorjernsifmtnn` (`creatorId`,`provisional`),
  KEY `idx_ftlkaeoddybesaagphfxepxsxsggvumsszzo` (`saved`),
  KEY `fk_luavahvqumbwfcvqmvelqwzoimcwvhurlvxa` (`sourceId`),
  CONSTRAINT `fk_luavahvqumbwfcvqmvelqwzoimcwvhurlvxa` FOREIGN KEY (`sourceId`) REFERENCES `elements` (`id`) ON DELETE CASCADE,
  CONSTRAINT `fk_tprmaromdymyddijltbmjaalpyvovnecubwa` FOREIGN KEY (`creatorId`) REFERENCES `users` (`id`) ON DELETE SET NULL
) ENGINE=InnoDB AUTO_INCREMENT=63 DEFAULT CHARSET=utf8 COLLATE=utf8_unicode_ci;

CREATE TABLE `elementindexsettings` (
  `id` int(11) NOT NULL AUTO_INCREMENT,
  `type` varchar(255) COLLATE utf8_unicode_ci NOT NULL,
  `settings` text COLLATE utf8_unicode_ci DEFAULT NULL,
  `dateCreated` datetime NOT NULL,
  `dateUpdated` datetime NOT NULL,
  `uid` char(36) COLLATE utf8_unicode_ci NOT NULL DEFAULT '0',
  PRIMARY KEY (`id`),
  UNIQUE KEY `idx_xksrviaqjwgultklxbciwhbahbzpjigcvzrl` (`type`)
) ENGINE=InnoDB DEFAULT CHARSET=utf8 COLLATE=utf8_unicode_ci;

CREATE TABLE `elements` (
  `id` int(11) NOT NULL AUTO_INCREMENT,
  `canonicalId` int(11) DEFAULT NULL,
  `draftId` int(11) DEFAULT NULL,
  `revisionId` int(11) DEFAULT NULL,
  `fieldLayoutId` int(11) DEFAULT NULL,
  `type` varchar(255) COLLATE utf8_unicode_ci NOT NULL,
  `enabled` tinyint(1) NOT NULL DEFAULT 1,
  `archived` tinyint(1) NOT NULL DEFAULT 0,
  `dateCreated` datetime NOT NULL,
  `dateUpdated` datetime NOT NULL,
  `dateLastMerged` datetime DEFAULT NULL,
  `dateDeleted` datetime DEFAULT NULL,
  `uid` char(36) COLLATE utf8_unicode_ci NOT NULL DEFAULT '0',
  PRIMARY KEY (`id`),
  KEY `idx_ketqzpimrfvbagwywofzpltkagdrdetsabhv` (`dateDeleted`),
  KEY `idx_peznqmmpjdxskyiidoxdxuyflivpdxjmelcq` (`fieldLayoutId`),
  KEY `idx_iiodusllsrurfdxtxwppwlneyiykwbgzwebs` (`type`),
  KEY `idx_bechkskezfqerukwkpoltntcwenidzaqovaj` (`enabled`),
  KEY `idx_bpcfrmxlfufihicpsebeomhsezxjkhgrwhfi` (`archived`,`dateCreated`),
  KEY `idx_hkoyiicedqrjbueurnuenrjdzxrtaqetwedo` (`archived`,`dateDeleted`,`draftId`,`revisionId`,`canonicalId`),
  KEY `fk_zejqejdfjtbnrbfvvhhuflhqitdfskarhxla` (`canonicalId`),
  KEY `fk_serdxzzfdrwwzacxflpgiyagvhjqxjwqroas` (`draftId`),
  KEY `fk_glewcievwenvkofxbmhkyerwljfkqzezuucj` (`revisionId`),
  CONSTRAINT `fk_glewcievwenvkofxbmhkyerwljfkqzezuucj` FOREIGN KEY (`revisionId`) REFERENCES `revisions` (`id`) ON DELETE CASCADE,
  CONSTRAINT `fk_serdxzzfdrwwzacxflpgiyagvhjqxjwqroas` FOREIGN KEY (`draftId`) REFERENCES `drafts` (`id`) ON DELETE CASCADE,
  CONSTRAINT `fk_umioiqtnjsebdfkdgkhuorvscqzmzqtjagij` FOREIGN KEY (`fieldLayoutId`) REFERENCES `fieldlayouts` (`id`) ON DELETE SET NULL,
  CONSTRAINT `fk_zejqejdfjtbnrbfvvhhuflhqitdfskarhxla` FOREIGN KEY (`canonicalId`) REFERENCES `elements` (`id`) ON DELETE SET NULL
) ENGINE=InnoDB AUTO_INCREMENT=671 DEFAULT CHARSET=utf8 COLLATE=utf8_unicode_ci;

CREATE TABLE `elements_sites` (
  `id` int(11) NOT NULL AUTO_INCREMENT,
  `elementId` int(11) NOT NULL,
  `siteId` int(11) NOT NULL,
  `slug` varchar(255) COLLATE utf8_unicode_ci DEFAULT NULL,
  `uri` varchar(255) COLLATE utf8_unicode_ci DEFAULT NULL,
  `enabled` tinyint(1) NOT NULL DEFAULT 1,
  `dateCreated` datetime NOT NULL,
  `dateUpdated` datetime NOT NULL,
  `uid` char(36) COLLATE utf8_unicode_ci NOT NULL DEFAULT '0',
  PRIMARY KEY (`id`),
  UNIQUE KEY `idx_ilzynjztatkcwtszkosvtrouxphaqbsgilzt` (`elementId`,`siteId`),
  KEY `idx_jqohcrdrynozxtqdqvzpojbppakgnclzhqwb` (`siteId`),
  KEY `idx_bjwmqsjfzgpzsuuybhyzluniawkbetytiusn` (`slug`,`siteId`),
  KEY `idx_uvhpmkisxpsnhmpcusrcdwfmtuqlozrpztkk` (`enabled`),
  KEY `idx_pbfnpgieuzdzvdevljwingabohbyfvtomnlk` (`uri`,`siteId`),
  CONSTRAINT `fk_dgowsrznmdzezzpbnpmroyyaxwoveusyqmwo` FOREIGN KEY (`siteId`) REFERENCES `sites` (`id`) ON DELETE CASCADE ON UPDATE CASCADE,
  CONSTRAINT `fk_nydetcsxgfhpgoxfgjnmgcdukbwqrtugornz` FOREIGN KEY (`elementId`) REFERENCES `elements` (`id`) ON DELETE CASCADE
) ENGINE=InnoDB AUTO_INCREMENT=671 DEFAULT CHARSET=utf8 COLLATE=utf8_unicode_ci;

CREATE TABLE `entries` (
  `id` int(11) NOT NULL,
  `sectionId` int(11) NOT NULL,
  `parentId` int(11) DEFAULT NULL,
  `typeId` int(11) NOT NULL,
  `authorId` int(11) DEFAULT NULL,
  `postDate` datetime DEFAULT NULL,
  `expiryDate` datetime DEFAULT NULL,
  `deletedWithEntryType` tinyint(1) DEFAULT NULL,
  `dateCreated` datetime NOT NULL,
  `dateUpdated` datetime NOT NULL,
  `uid` char(36) COLLATE utf8_unicode_ci NOT NULL DEFAULT '0',
  PRIMARY KEY (`id`),
  KEY `idx_cexxhdwbhfliuuyuezikranldjuyqrcrhcgh` (`postDate`),
  KEY `idx_aixebrrdtqxhtxgmflihefaajfcnxikahiox` (`expiryDate`),
  KEY `idx_rhpxmuijrpswbwkxpskoyawkjzskxodglczf` (`authorId`),
  KEY `idx_hembeelxwyhjroczhwwlaymzpvhvdoxbxzup` (`sectionId`),
  KEY `idx_zvauyqviehgubrcfjbyocyhiuasavzfjzdko` (`typeId`),
  KEY `fk_zxeczdlqncwxnzbsfrqcnmiqwfyeycqatgex` (`parentId`),
  CONSTRAINT `fk_aezrucayvuwwpauvsvnihuoesytdnfzedhwl` FOREIGN KEY (`sectionId`) REFERENCES `sections` (`id`) ON DELETE CASCADE,
  CONSTRAINT `fk_gzyisgjiclwabscldxsupbjeileiwnnclqlz` FOREIGN KEY (`id`) REFERENCES `elements` (`id`) ON DELETE CASCADE,
  CONSTRAINT `fk_rlztwkjbgrncqhubjxgibwhyqmdhksasctxo` FOREIGN KEY (`typeId`) REFERENCES `entrytypes` (`id`) ON DELETE CASCADE,
  CONSTRAINT `fk_tseysdxtiveaawxjskxofsmdilybbgxumsog` FOREIGN KEY (`authorId`) REFERENCES `users` (`id`) ON DELETE SET NULL,
  CONSTRAINT `fk_zxeczdlqncwxnzbsfrqcnmiqwfyeycqatgex` FOREIGN KEY (`parentId`) REFERENCES `entries` (`id`) ON DELETE SET NULL
) ENGINE=InnoDB DEFAULT CHARSET=utf8 COLLATE=utf8_unicode_ci;

CREATE TABLE `entrytypes` (
  `id` int(11) NOT NULL AUTO_INCREMENT,
  `sectionId` int(11) NOT NULL,
  `fieldLayoutId` int(11) DEFAULT NULL,
  `name` varchar(255) COLLATE utf8_unicode_ci NOT NULL,
  `handle` varchar(255) COLLATE utf8_unicode_ci NOT NULL,
  `hasTitleField` tinyint(1) NOT NULL DEFAULT 1,
  `titleTranslationMethod` varchar(255) COLLATE utf8_unicode_ci NOT NULL DEFAULT 'site',
  `titleTranslationKeyFormat` text COLLATE utf8_unicode_ci DEFAULT NULL,
  `titleFormat` varchar(255) COLLATE utf8_unicode_ci DEFAULT NULL,
  `sortOrder` smallint(6) unsigned DEFAULT NULL,
  `dateCreated` datetime NOT NULL,
  `dateUpdated` datetime NOT NULL,
  `dateDeleted` datetime DEFAULT NULL,
  `uid` char(36) COLLATE utf8_unicode_ci NOT NULL DEFAULT '0',
  PRIMARY KEY (`id`),
  KEY `idx_hnpbebjnydlklwyqgfzhivcweugfwtizsedv` (`name`,`sectionId`),
  KEY `idx_vdvbborymwzublcixbxrqeggzsezvbeuedmv` (`handle`,`sectionId`),
  KEY `idx_iknvifxuephkidspmasuxqcsptvrqwyguliy` (`sectionId`),
  KEY `idx_trcldyexveuzsylvaususuxdyjreiydujtbh` (`fieldLayoutId`),
  KEY `idx_teuwnyzvpyycdibyotiqjoixcqajjfwoxtuu` (`dateDeleted`),
  CONSTRAINT `fk_ahhmsjlbfvnljsponguuzoiqrjtjmfgchjke` FOREIGN KEY (`sectionId`) REFERENCES `sections` (`id`) ON DELETE CASCADE,
  CONSTRAINT `fk_udkwnvwrjryqcbaakhmhzfocvqhkcvgsoroy` FOREIGN KEY (`fieldLayoutId`) REFERENCES `fieldlayouts` (`id`) ON DELETE SET NULL
) ENGINE=InnoDB AUTO_INCREMENT=15 DEFAULT CHARSET=utf8 COLLATE=utf8_unicode_ci;

CREATE TABLE `fieldgroups` (
  `id` int(11) NOT NULL AUTO_INCREMENT,
  `name` varchar(255) COLLATE utf8_unicode_ci NOT NULL,
  `dateCreated` datetime NOT NULL,
  `dateUpdated` datetime NOT NULL,
  `dateDeleted` datetime DEFAULT NULL,
  `uid` char(36) COLLATE utf8_unicode_ci NOT NULL DEFAULT '0',
  PRIMARY KEY (`id`),
  KEY `idx_pdcgcmbffmpqszgdjyqwetfwyliqwaqutcbw` (`name`),
  KEY `idx_xgjzhjhlgokkfkxmfthfncmbhdrvrgprthpf` (`dateDeleted`,`name`)
) ENGINE=InnoDB AUTO_INCREMENT=11 DEFAULT CHARSET=utf8 COLLATE=utf8_unicode_ci;

CREATE TABLE `fieldlayoutfields` (
  `id` int(11) NOT NULL AUTO_INCREMENT,
  `layoutId` int(11) NOT NULL,
  `tabId` int(11) NOT NULL,
  `fieldId` int(11) NOT NULL,
  `required` tinyint(1) NOT NULL DEFAULT 0,
  `sortOrder` smallint(6) unsigned DEFAULT NULL,
  `dateCreated` datetime NOT NULL,
  `dateUpdated` datetime NOT NULL,
  `uid` char(36) COLLATE utf8_unicode_ci NOT NULL DEFAULT '0',
  PRIMARY KEY (`id`),
  UNIQUE KEY `idx_gduyvttdhgglhfcesvbeynqogiajkmjwggup` (`layoutId`,`fieldId`),
  KEY `idx_hcyusemorugdfgnpvlylnulwasotqiprggba` (`sortOrder`),
  KEY `idx_lxilpwevznfdfesnhnykatpizpqtjljxnduc` (`tabId`),
  KEY `idx_atvlfhefpxkfgywefujgbjyvvxvplnafnhlk` (`fieldId`),
  CONSTRAINT `fk_fsjfhhjetvgjvvnksjmkrphmdthikijnejgf` FOREIGN KEY (`fieldId`) REFERENCES `fields` (`id`) ON DELETE CASCADE,
  CONSTRAINT `fk_lztzkcucntdjohomnxcmxukghrryibrcfnea` FOREIGN KEY (`layoutId`) REFERENCES `fieldlayouts` (`id`) ON DELETE CASCADE,
  CONSTRAINT `fk_vjmpxwnjiogeizcoczsxfycbfxosmjteocgb` FOREIGN KEY (`tabId`) REFERENCES `fieldlayouttabs` (`id`) ON DELETE CASCADE
) ENGINE=InnoDB AUTO_INCREMENT=370 DEFAULT CHARSET=utf8 COLLATE=utf8_unicode_ci;

CREATE TABLE `fieldlayouts` (
  `id` int(11) NOT NULL AUTO_INCREMENT,
  `type` varchar(255) COLLATE utf8_unicode_ci NOT NULL,
  `dateCreated` datetime NOT NULL,
  `dateUpdated` datetime NOT NULL,
  `dateDeleted` datetime DEFAULT NULL,
  `uid` char(36) COLLATE utf8_unicode_ci NOT NULL DEFAULT '0',
  PRIMARY KEY (`id`),
  KEY `idx_xbfpinnjaspbehjonlkfsbdkggohfohwzbpy` (`dateDeleted`),
  KEY `idx_woguwhbdobpaenuyndpoqgaawnoawmreizpo` (`type`)
) ENGINE=InnoDB AUTO_INCREMENT=37 DEFAULT CHARSET=utf8 COLLATE=utf8_unicode_ci;

CREATE TABLE `fieldlayouttabs` (
  `id` int(11) NOT NULL AUTO_INCREMENT,
  `layoutId` int(11) NOT NULL,
  `name` varchar(255) COLLATE utf8_unicode_ci NOT NULL,
  `elements` text COLLATE utf8_unicode_ci DEFAULT NULL,
  `sortOrder` smallint(6) unsigned DEFAULT NULL,
  `dateCreated` datetime NOT NULL,
  `dateUpdated` datetime NOT NULL,
  `uid` char(36) COLLATE utf8_unicode_ci NOT NULL DEFAULT '0',
  PRIMARY KEY (`id`),
  KEY `idx_syntszbzzwicczfxpbcwzwabjwdmbkuqsxzl` (`sortOrder`),
  KEY `idx_lpotoqjnbuqnywdfphtzctujplubcgxwnpau` (`layoutId`),
  CONSTRAINT `fk_szxzjcylqutvtwnfstjutfnejhnezcplhiys` FOREIGN KEY (`layoutId`) REFERENCES `fieldlayouts` (`id`) ON DELETE CASCADE
) ENGINE=InnoDB AUTO_INCREMENT=179 DEFAULT CHARSET=utf8 COLLATE=utf8_unicode_ci;

CREATE TABLE `fields` (
  `id` int(11) NOT NULL AUTO_INCREMENT,
  `groupId` int(11) DEFAULT NULL,
  `name` varchar(255) COLLATE utf8_unicode_ci NOT NULL,
  `handle` varchar(64) COLLATE utf8_unicode_ci NOT NULL,
  `context` varchar(255) COLLATE utf8_unicode_ci NOT NULL DEFAULT 'global',
  `columnSuffix` char(8) COLLATE utf8_unicode_ci DEFAULT NULL,
  `instructions` text COLLATE utf8_unicode_ci DEFAULT NULL,
  `searchable` tinyint(1) NOT NULL DEFAULT 1,
  `translationMethod` varchar(255) COLLATE utf8_unicode_ci NOT NULL DEFAULT 'none',
  `translationKeyFormat` text COLLATE utf8_unicode_ci DEFAULT NULL,
  `type` varchar(255) COLLATE utf8_unicode_ci NOT NULL,
  `settings` text COLLATE utf8_unicode_ci DEFAULT NULL,
  `dateCreated` datetime NOT NULL,
  `dateUpdated` datetime NOT NULL,
  `uid` char(36) COLLATE utf8_unicode_ci NOT NULL DEFAULT '0',
  PRIMARY KEY (`id`),
  KEY `idx_zsxmrnnqglfxrmzikbwqhyzsxoeurcvenwsl` (`handle`,`context`),
  KEY `idx_ixvvsompkwnjugxenasphfgrepsnphinegqd` (`groupId`),
  KEY `idx_ylkrwwttlpnffmuaqmgnnncpuhrxedhbvsun` (`context`),
  CONSTRAINT `fk_xvbbquvabkkmrhauwbssnvulbdjhhhphpudp` FOREIGN KEY (`groupId`) REFERENCES `fieldgroups` (`id`) ON DELETE CASCADE
) ENGINE=InnoDB AUTO_INCREMENT=66 DEFAULT CHARSET=utf8 COLLATE=utf8_unicode_ci;

CREATE TABLE `globalsets` (
  `id` int(11) NOT NULL AUTO_INCREMENT,
  `name` varchar(255) COLLATE utf8_unicode_ci NOT NULL,
  `handle` varchar(255) COLLATE utf8_unicode_ci NOT NULL,
  `fieldLayoutId` int(11) DEFAULT NULL,
  `sortOrder` smallint(6) unsigned DEFAULT NULL,
  `dateCreated` datetime NOT NULL,
  `dateUpdated` datetime NOT NULL,
  `uid` char(36) COLLATE utf8_unicode_ci NOT NULL DEFAULT '0',
  PRIMARY KEY (`id`),
  KEY `idx_cfihzcyjfysrokqvllgjxlctrtchdgdmjghh` (`name`),
  KEY `idx_hlqrkdrtmeodpkfcchmffxcnqaxbpquzyiad` (`handle`),
  KEY `idx_mxganwoubjxcgzfaalzvnrbjmpaxccxjkqku` (`fieldLayoutId`),
  KEY `idx_wrqffjykxvlfigipgireybyxacawzeeybkru` (`sortOrder`),
  CONSTRAINT `fk_mruibdzxbmaydskavejhuuvauqvfvmbfidcc` FOREIGN KEY (`fieldLayoutId`) REFERENCES `fieldlayouts` (`id`) ON DELETE SET NULL,
  CONSTRAINT `fk_tbevzkozbcdaobqbsxsjdxsayotkvesdbiij` FOREIGN KEY (`id`) REFERENCES `elements` (`id`) ON DELETE CASCADE
) ENGINE=InnoDB AUTO_INCREMENT=487 DEFAULT CHARSET=utf8 COLLATE=utf8_unicode_ci;

CREATE TABLE `gqlschemas` (
  `id` int(11) NOT NULL AUTO_INCREMENT,
  `name` varchar(255) COLLATE utf8_unicode_ci NOT NULL,
  `scope` text COLLATE utf8_unicode_ci DEFAULT NULL,
  `isPublic` tinyint(1) NOT NULL DEFAULT 0,
  `dateCreated` datetime NOT NULL,
  `dateUpdated` datetime NOT NULL,
  `uid` char(36) COLLATE utf8_unicode_ci NOT NULL DEFAULT '0',
  PRIMARY KEY (`id`)
) ENGINE=InnoDB AUTO_INCREMENT=2 DEFAULT CHARSET=utf8 COLLATE=utf8_unicode_ci;

CREATE TABLE `gqltokens` (
  `id` int(11) NOT NULL AUTO_INCREMENT,
  `name` varchar(255) COLLATE utf8_unicode_ci NOT NULL,
  `accessToken` varchar(255) COLLATE utf8_unicode_ci NOT NULL,
  `enabled` tinyint(1) NOT NULL DEFAULT 1,
  `expiryDate` datetime DEFAULT NULL,
  `lastUsed` datetime DEFAULT NULL,
  `schemaId` int(11) DEFAULT NULL,
  `dateCreated` datetime NOT NULL,
  `dateUpdated` datetime NOT NULL,
  `uid` char(36) COLLATE utf8_unicode_ci NOT NULL DEFAULT '0',
  PRIMARY KEY (`id`),
  UNIQUE KEY `idx_qqbyasghbwjxrfhytsatjcjbvstovldwhrny` (`accessToken`),
  UNIQUE KEY `idx_bhuogefcufagybwrnchjzyybthwiwywmmvll` (`name`),
  KEY `fk_djouwnulelklxqhconiwuqajaulefspjodrw` (`schemaId`),
  CONSTRAINT `fk_djouwnulelklxqhconiwuqajaulefspjodrw` FOREIGN KEY (`schemaId`) REFERENCES `gqlschemas` (`id`) ON DELETE SET NULL
) ENGINE=InnoDB AUTO_INCREMENT=2 DEFAULT CHARSET=utf8 COLLATE=utf8_unicode_ci;

CREATE TABLE `info` (
  `id` int(11) NOT NULL AUTO_INCREMENT,
  `version` varchar(50) COLLATE utf8_unicode_ci NOT NULL,
  `schemaVersion` varchar(15) COLLATE utf8_unicode_ci NOT NULL,
  `maintenance` tinyint(1) NOT NULL DEFAULT 0,
  `configVersion` char(12) COLLATE utf8_unicode_ci NOT NULL DEFAULT '000000000000',
  `fieldVersion` char(12) COLLATE utf8_unicode_ci NOT NULL DEFAULT '000000000000',
  `dateCreated` datetime NOT NULL,
  `dateUpdated` datetime NOT NULL,
  `uid` char(36) COLLATE utf8_unicode_ci NOT NULL DEFAULT '0',
  PRIMARY KEY (`id`)
) ENGINE=InnoDB AUTO_INCREMENT=2 DEFAULT CHARSET=utf8 COLLATE=utf8_unicode_ci;

CREATE TABLE `matrixblocks` (
  `id` int(11) NOT NULL,
  `ownerId` int(11) NOT NULL,
  `fieldId` int(11) NOT NULL,
  `typeId` int(11) NOT NULL,
  `sortOrder` smallint(6) unsigned DEFAULT NULL,
  `deletedWithOwner` tinyint(1) DEFAULT NULL,
  `dateCreated` datetime NOT NULL,
  `dateUpdated` datetime NOT NULL,
  `uid` char(36) COLLATE utf8_unicode_ci NOT NULL DEFAULT '0',
  PRIMARY KEY (`id`),
  KEY `idx_tabbsungnoqchcxrfugskpfzorhjjhpolgch` (`ownerId`),
  KEY `idx_rfsfvgzicuuujwtbapblvptioqfixkzpcizl` (`fieldId`),
  KEY `idx_igacvdyrnkiplozgaggfbpwwgdupfowpensj` (`typeId`),
  KEY `idx_lmbipielxfxhqrxgatgvmgxcxhsvincsotyv` (`sortOrder`),
  CONSTRAINT `fk_iqpjykvihfzxahkocatcxjdmjpfupgespwhf` FOREIGN KEY (`ownerId`) REFERENCES `elements` (`id`) ON DELETE CASCADE,
  CONSTRAINT `fk_nfycowhseguqiqyhlosvqjrzdfkofwqhxegi` FOREIGN KEY (`id`) REFERENCES `elements` (`id`) ON DELETE CASCADE,
  CONSTRAINT `fk_tplyvwwrgctvaxxhwsxaiqemrqdupocpmgdk` FOREIGN KEY (`typeId`) REFERENCES `matrixblocktypes` (`id`) ON DELETE CASCADE,
  CONSTRAINT `fk_xzqogtapgzvixupprtdckmhjignntslcdtto` FOREIGN KEY (`fieldId`) REFERENCES `fields` (`id`) ON DELETE CASCADE
) ENGINE=InnoDB DEFAULT CHARSET=utf8 COLLATE=utf8_unicode_ci;

CREATE TABLE `matrixblocktypes` (
  `id` int(11) NOT NULL AUTO_INCREMENT,
  `fieldId` int(11) NOT NULL,
  `fieldLayoutId` int(11) DEFAULT NULL,
  `name` varchar(255) COLLATE utf8_unicode_ci NOT NULL,
  `handle` varchar(255) COLLATE utf8_unicode_ci NOT NULL,
  `sortOrder` smallint(6) unsigned DEFAULT NULL,
  `dateCreated` datetime NOT NULL,
  `dateUpdated` datetime NOT NULL,
  `uid` char(36) COLLATE utf8_unicode_ci NOT NULL DEFAULT '0',
  PRIMARY KEY (`id`),
  KEY `idx_umagxruchvbfqmtkxtrlzmfshijcsdynuepm` (`name`,`fieldId`),
  KEY `idx_ubkbgeljutmxmdowqdqzwwujnueslwjcbyml` (`handle`,`fieldId`),
  KEY `idx_lfcsqprmowrtsesukkcdsgmasrjvgmngcmuz` (`fieldId`),
  KEY `idx_umiwzoqwfmgibosqqudtnofgeqndcijurskk` (`fieldLayoutId`),
  CONSTRAINT `fk_fclvzoakhshqaesyfaaxexrvsojpfkqoreln` FOREIGN KEY (`fieldLayoutId`) REFERENCES `fieldlayouts` (`id`) ON DELETE SET NULL,
  CONSTRAINT `fk_mlidecmxgrntaxxghutiwyuqlpwqnvuhobri` FOREIGN KEY (`fieldId`) REFERENCES `fields` (`id`) ON DELETE CASCADE
) ENGINE=InnoDB AUTO_INCREMENT=16 DEFAULT CHARSET=utf8 COLLATE=utf8_unicode_ci;

CREATE TABLE `matrixcontent_infocards` (
  `id` int(11) NOT NULL AUTO_INCREMENT,
  `elementId` int(11) NOT NULL,
  `siteId` int(11) NOT NULL,
  `dateCreated` datetime NOT NULL,
  `dateUpdated` datetime NOT NULL,
  `uid` char(36) COLLATE utf8_unicode_ci NOT NULL DEFAULT '0',
  `field_infoCard_infoHeadline` text COLLATE utf8_unicode_ci DEFAULT NULL,
  `field_infoCard_infoDescription` varchar(1000) COLLATE utf8_unicode_ci DEFAULT NULL,
  PRIMARY KEY (`id`),
  UNIQUE KEY `idx_kyskjcteqgiguzopwtqbmwbjicfjuhzdzrlp` (`elementId`,`siteId`),
  KEY `fk_pxvkxeztubsozvyyosaqimdcfmnrrikjkhvr` (`siteId`),
  CONSTRAINT `fk_lezdbgskcebkpxhhzyspcowwdkqqltnfianm` FOREIGN KEY (`elementId`) REFERENCES `elements` (`id`) ON DELETE CASCADE,
  CONSTRAINT `fk_pxvkxeztubsozvyyosaqimdcfmnrrikjkhvr` FOREIGN KEY (`siteId`) REFERENCES `sites` (`id`) ON DELETE CASCADE ON UPDATE CASCADE
) ENGINE=InnoDB AUTO_INCREMENT=201 DEFAULT CHARSET=utf8 COLLATE=utf8_unicode_ci;

CREATE TABLE `matrixcontent_infocardsmobile` (
  `id` int(11) NOT NULL AUTO_INCREMENT,
  `elementId` int(11) NOT NULL,
  `siteId` int(11) NOT NULL,
  `dateCreated` datetime NOT NULL,
  `dateUpdated` datetime NOT NULL,
  `uid` char(36) COLLATE utf8_unicode_ci NOT NULL DEFAULT '0',
  `field_infoCardMobile_infoCardMobileH2` text COLLATE utf8_unicode_ci DEFAULT NULL,
  `field_infoCardMobile_infoCardMobileDescription` text COLLATE utf8_unicode_ci DEFAULT NULL,
  PRIMARY KEY (`id`),
  UNIQUE KEY `idx_wsdkgwxagtjutbsxtlampadjxgnrfefgbmct` (`elementId`,`siteId`),
  KEY `fk_lwihbqyekmqghbewikipeqiklprmazhyjbbv` (`siteId`),
  CONSTRAINT `fk_koulerjtnrhdhgxkwjqlrpkjueyplqiytasu` FOREIGN KEY (`elementId`) REFERENCES `elements` (`id`) ON DELETE CASCADE,
  CONSTRAINT `fk_lwihbqyekmqghbewikipeqiklprmazhyjbbv` FOREIGN KEY (`siteId`) REFERENCES `sites` (`id`) ON DELETE CASCADE ON UPDATE CASCADE
) ENGINE=InnoDB AUTO_INCREMENT=18 DEFAULT CHARSET=utf8 COLLATE=utf8_unicode_ci;

CREATE TABLE `matrixcontent_navlink` (
  `id` int(11) NOT NULL AUTO_INCREMENT,
  `elementId` int(11) NOT NULL,
  `siteId` int(11) NOT NULL,
  `dateCreated` datetime NOT NULL,
  `dateUpdated` datetime NOT NULL,
  `uid` char(36) COLLATE utf8_unicode_ci NOT NULL DEFAULT '0',
  `field_link_linkText` text COLLATE utf8_unicode_ci DEFAULT NULL,
  PRIMARY KEY (`id`),
  UNIQUE KEY `idx_hccoiwoeioxpvrgrcnftppyfvrxsmuctqwyk` (`elementId`,`siteId`),
  KEY `fk_xabitnqyijauuxxptzrpvamqzqmpjbccephy` (`siteId`),
  CONSTRAINT `fk_xabitnqyijauuxxptzrpvamqzqmpjbccephy` FOREIGN KEY (`siteId`) REFERENCES `sites` (`id`) ON DELETE CASCADE ON UPDATE CASCADE,
  CONSTRAINT `fk_ypfepunreyivwygklyoxtikkjbtjbwlolzyg` FOREIGN KEY (`elementId`) REFERENCES `elements` (`id`) ON DELETE CASCADE
) ENGINE=InnoDB AUTO_INCREMENT=10 DEFAULT CHARSET=utf8 COLLATE=utf8_unicode_ci;

CREATE TABLE `matrixcontent_navlinkfooter` (
  `id` int(11) NOT NULL AUTO_INCREMENT,
  `elementId` int(11) NOT NULL,
  `siteId` int(11) NOT NULL,
  `dateCreated` datetime NOT NULL,
  `dateUpdated` datetime NOT NULL,
  `uid` char(36) COLLATE utf8_unicode_ci NOT NULL DEFAULT '0',
  `field_linkFooter_linkTextFooter_nrdnyegy` text COLLATE utf8_unicode_ci DEFAULT NULL,
  PRIMARY KEY (`id`),
  UNIQUE KEY `idx_ghsdajvnyfcuyvklojjxllwszmrztisumauy` (`elementId`,`siteId`),
  KEY `fk_acnpgvgmxywnhxwkxswutjmyrehrklljfndb` (`siteId`),
  CONSTRAINT `fk_acnpgvgmxywnhxwkxswutjmyrehrklljfndb` FOREIGN KEY (`siteId`) REFERENCES `sites` (`id`) ON DELETE CASCADE ON UPDATE CASCADE,
  CONSTRAINT `fk_lwuihnznvwyohkhlkuznsgxemydxloqlsnqe` FOREIGN KEY (`elementId`) REFERENCES `elements` (`id`) ON DELETE CASCADE
) ENGINE=InnoDB AUTO_INCREMENT=3 DEFAULT CHARSET=utf8 COLLATE=utf8_unicode_ci;

CREATE TABLE `matrixcontent_prices` (
  `id` int(11) NOT NULL AUTO_INCREMENT,
  `elementId` int(11) NOT NULL,
  `siteId` int(11) NOT NULL,
  `dateCreated` datetime NOT NULL,
  `dateUpdated` datetime NOT NULL,
  `uid` char(36) COLLATE utf8_unicode_ci NOT NULL DEFAULT '0',
  `field_price_euronen_zmzwgtqq` varchar(40) COLLATE utf8_unicode_ci DEFAULT NULL,
  `field_price_stunden_zcroapgg` varchar(20) COLLATE utf8_unicode_ci DEFAULT NULL,
  PRIMARY KEY (`id`),
  UNIQUE KEY `idx_gbcpzzlwzabxbzyxzpgyabvsiljfgkxkhdkx` (`elementId`,`siteId`),
  KEY `fk_jgeyfruuwwixplcaqldnkwtxbepuzuinrzok` (`siteId`),
  CONSTRAINT `fk_eltpwebgcfvcocqrhsocrdjuxcatjlxiwlie` FOREIGN KEY (`elementId`) REFERENCES `elements` (`id`) ON DELETE CASCADE,
  CONSTRAINT `fk_jgeyfruuwwixplcaqldnkwtxbepuzuinrzok` FOREIGN KEY (`siteId`) REFERENCES `sites` (`id`) ON DELETE CASCADE ON UPDATE CASCADE
) ENGINE=InnoDB AUTO_INCREMENT=133 DEFAULT CHARSET=utf8 COLLATE=utf8_unicode_ci;

CREATE TABLE `matrixcontent_slidertexts` (
  `id` int(11) NOT NULL AUTO_INCREMENT,
  `elementId` int(11) NOT NULL,
  `siteId` int(11) NOT NULL,
  `dateCreated` datetime NOT NULL,
  `dateUpdated` datetime NOT NULL,
  `uid` char(36) COLLATE utf8_unicode_ci NOT NULL DEFAULT '0',
  `field_slidertext_sliderContent_zhfttumn` text COLLATE utf8_unicode_ci DEFAULT NULL,
  PRIMARY KEY (`id`),
  UNIQUE KEY `idx_snobuoimnemmuyzmilpfrkqzmnbqhyhtnxne` (`elementId`,`siteId`),
  KEY `fk_ujmzkgnoqmnlegtnqxtroryiwakiivzkvzzt` (`siteId`),
  CONSTRAINT `fk_jirpcnzrlagokzuwrwcbbgfmhwqjbmthujxf` FOREIGN KEY (`elementId`) REFERENCES `elements` (`id`) ON DELETE CASCADE,
  CONSTRAINT `fk_ujmzkgnoqmnlegtnqxtroryiwakiivzkvzzt` FOREIGN KEY (`siteId`) REFERENCES `sites` (`id`) ON DELETE CASCADE ON UPDATE CASCADE
) ENGINE=InnoDB AUTO_INCREMENT=59 DEFAULT CHARSET=utf8 COLLATE=utf8_unicode_ci;

CREATE TABLE `migrations` (
  `id` int(11) NOT NULL AUTO_INCREMENT,
  `track` varchar(255) COLLATE utf8_unicode_ci NOT NULL,
  `name` varchar(255) COLLATE utf8_unicode_ci NOT NULL,
  `applyTime` datetime NOT NULL,
  `dateCreated` datetime NOT NULL,
  `dateUpdated` datetime NOT NULL,
  `uid` char(36) COLLATE utf8_unicode_ci NOT NULL DEFAULT '0',
  PRIMARY KEY (`id`),
  UNIQUE KEY `idx_pbsedmgltxbpuvqezruusfliwvspwxilkzdw` (`track`,`name`)
) ENGINE=InnoDB AUTO_INCREMENT=268 DEFAULT CHARSET=utf8 COLLATE=utf8_unicode_ci;

CREATE TABLE `plugins` (
  `id` int(11) NOT NULL AUTO_INCREMENT,
  `handle` varchar(255) COLLATE utf8_unicode_ci NOT NULL,
  `version` varchar(255) COLLATE utf8_unicode_ci NOT NULL,
  `schemaVersion` varchar(255) COLLATE utf8_unicode_ci NOT NULL,
  `licenseKeyStatus` enum('valid','trial','invalid','mismatched','astray','unknown') COLLATE utf8_unicode_ci NOT NULL DEFAULT 'unknown',
  `licensedEdition` varchar(255) COLLATE utf8_unicode_ci DEFAULT NULL,
  `installDate` datetime NOT NULL,
  `dateCreated` datetime NOT NULL,
  `dateUpdated` datetime NOT NULL,
  `uid` char(36) COLLATE utf8_unicode_ci NOT NULL DEFAULT '0',
  PRIMARY KEY (`id`),
  UNIQUE KEY `idx_ouvvcyggegngvcbjmqazwwexkjcplstxhwhl` (`handle`)
) ENGINE=InnoDB AUTO_INCREMENT=12 DEFAULT CHARSET=utf8 COLLATE=utf8_unicode_ci;

CREATE TABLE `projectconfig` (
  `path` varchar(255) COLLATE utf8_unicode_ci NOT NULL,
  `value` text COLLATE utf8_unicode_ci NOT NULL,
  PRIMARY KEY (`path`)
) ENGINE=InnoDB DEFAULT CHARSET=utf8 COLLATE=utf8_unicode_ci;

CREATE TABLE `queue` (
  `id` int(11) NOT NULL AUTO_INCREMENT,
  `channel` varchar(255) COLLATE utf8_unicode_ci NOT NULL DEFAULT 'queue',
  `job` longblob NOT NULL,
  `description` text COLLATE utf8_unicode_ci DEFAULT NULL,
  `timePushed` int(11) NOT NULL,
  `ttr` int(11) NOT NULL,
  `delay` int(11) NOT NULL DEFAULT 0,
  `priority` int(11) unsigned NOT NULL DEFAULT 1024,
  `dateReserved` datetime DEFAULT NULL,
  `timeUpdated` int(11) DEFAULT NULL,
  `progress` smallint(6) NOT NULL DEFAULT 0,
  `progressLabel` varchar(255) COLLATE utf8_unicode_ci DEFAULT NULL,
  `attempt` int(11) DEFAULT NULL,
  `fail` tinyint(1) DEFAULT 0,
  `dateFailed` datetime DEFAULT NULL,
  `error` text COLLATE utf8_unicode_ci DEFAULT NULL,
  PRIMARY KEY (`id`),
  KEY `idx_vgiqhquwwljzqbpbcbvtifhvlbyhnyermhoh` (`channel`,`fail`,`timeUpdated`,`timePushed`),
  KEY `idx_raoaqvlloriypamuiubslrcuzhdqzctbbqkh` (`channel`,`fail`,`timeUpdated`,`delay`)
) ENGINE=InnoDB AUTO_INCREMENT=1298 DEFAULT CHARSET=utf8 COLLATE=utf8_unicode_ci;

CREATE TABLE `relations` (
  `id` int(11) NOT NULL AUTO_INCREMENT,
  `fieldId` int(11) NOT NULL,
  `sourceId` int(11) NOT NULL,
  `sourceSiteId` int(11) DEFAULT NULL,
  `targetId` int(11) NOT NULL,
  `sortOrder` smallint(6) unsigned DEFAULT NULL,
  `dateCreated` datetime NOT NULL,
  `dateUpdated` datetime NOT NULL,
  `uid` char(36) COLLATE utf8_unicode_ci NOT NULL DEFAULT '0',
  PRIMARY KEY (`id`),
  UNIQUE KEY `idx_zmuewtlbmrcxngxbwnczhousobuhyhlevngu` (`fieldId`,`sourceId`,`sourceSiteId`,`targetId`),
  KEY `idx_rtumgxrwzywnybrqmdweeoelzzvdbyvypohu` (`sourceId`),
  KEY `idx_lgyyofeyfrbtdmuchcbzvkbmceahlejhpkjo` (`targetId`),
  KEY `idx_gsjmrzolustfembmkkhuufqmqausdbkfzjwc` (`sourceSiteId`),
  CONSTRAINT `fk_ctrlujwwrpoehjonhzrafdamkrhirzbjkctx` FOREIGN KEY (`sourceId`) REFERENCES `elements` (`id`) ON DELETE CASCADE,
  CONSTRAINT `fk_hoiuehurdbkhyqvoayrxmukyinkprcvemhck` FOREIGN KEY (`fieldId`) REFERENCES `fields` (`id`) ON DELETE CASCADE,
  CONSTRAINT `fk_ktxwmmimncmyxenvxzkepiiexsiwhuwwhkll` FOREIGN KEY (`sourceSiteId`) REFERENCES `sites` (`id`) ON DELETE CASCADE ON UPDATE CASCADE,
  CONSTRAINT `fk_zxposemuuxrxzinyinozshpewgfldxxasacd` FOREIGN KEY (`targetId`) REFERENCES `elements` (`id`) ON DELETE CASCADE
) ENGINE=InnoDB AUTO_INCREMENT=434 DEFAULT CHARSET=utf8 COLLATE=utf8_unicode_ci;

CREATE TABLE `resourcepaths` (
  `hash` varchar(255) COLLATE utf8_unicode_ci NOT NULL,
  `path` varchar(255) COLLATE utf8_unicode_ci NOT NULL,
  PRIMARY KEY (`hash`)
) ENGINE=InnoDB DEFAULT CHARSET=utf8 COLLATE=utf8_unicode_ci;

CREATE TABLE `revisions` (
  `id` int(11) NOT NULL AUTO_INCREMENT,
  `sourceId` int(11) NOT NULL,
  `creatorId` int(11) DEFAULT NULL,
  `num` int(11) NOT NULL,
  `notes` text COLLATE utf8_unicode_ci DEFAULT NULL,
  PRIMARY KEY (`id`),
  UNIQUE KEY `idx_igdeduneqsagvyhdlcnlxezhdaqfrpmspzba` (`sourceId`,`num`),
  KEY `fk_tnhuujcvpbpegyduwvqrfhljgqocdphxcrer` (`creatorId`),
  CONSTRAINT `fk_tnhuujcvpbpegyduwvqrfhljgqocdphxcrer` FOREIGN KEY (`creatorId`) REFERENCES `users` (`id`) ON DELETE SET NULL,
  CONSTRAINT `fk_vyycsamoagwyqgeegtztwrjpzbsfyztorpsm` FOREIGN KEY (`sourceId`) REFERENCES `elements` (`id`) ON DELETE CASCADE
) ENGINE=InnoDB AUTO_INCREMENT=119 DEFAULT CHARSET=utf8 COLLATE=utf8_unicode_ci;

CREATE TABLE `searchindex` (
  `elementId` int(11) NOT NULL,
  `attribute` varchar(25) COLLATE utf8_unicode_ci NOT NULL,
  `fieldId` int(11) NOT NULL,
  `siteId` int(11) NOT NULL,
  `keywords` text COLLATE utf8_unicode_ci NOT NULL,
  PRIMARY KEY (`elementId`,`attribute`,`fieldId`,`siteId`),
  FULLTEXT KEY `idx_klsagukoyroguekskkeqmrhqnogenwpalebu` (`keywords`)
) ENGINE=MyISAM DEFAULT CHARSET=utf8 COLLATE=utf8_unicode_ci;

CREATE TABLE `sections` (
  `id` int(11) NOT NULL AUTO_INCREMENT,
  `structureId` int(11) DEFAULT NULL,
  `name` varchar(255) COLLATE utf8_unicode_ci NOT NULL,
  `handle` varchar(255) COLLATE utf8_unicode_ci NOT NULL,
  `type` enum('single','channel','structure') COLLATE utf8_unicode_ci NOT NULL DEFAULT 'channel',
  `enableVersioning` tinyint(1) NOT NULL DEFAULT 0,
  `propagationMethod` varchar(255) COLLATE utf8_unicode_ci NOT NULL DEFAULT 'all',
  `defaultPlacement` enum('beginning','end') COLLATE utf8_unicode_ci NOT NULL DEFAULT 'end',
  `previewTargets` text COLLATE utf8_unicode_ci DEFAULT NULL,
  `dateCreated` datetime NOT NULL,
  `dateUpdated` datetime NOT NULL,
  `dateDeleted` datetime DEFAULT NULL,
  `uid` char(36) COLLATE utf8_unicode_ci NOT NULL DEFAULT '0',
  PRIMARY KEY (`id`),
  KEY `idx_xvqlxoucowrfvnxcvldfsjibxdxiivcgqipu` (`handle`),
  KEY `idx_sbqzadraoofjiaohihfgweycfhizqoykhqei` (`name`),
  KEY `idx_xfbooawejjatbzgrdbvdbrimmsenixueqbaz` (`structureId`),
  KEY `idx_aelxxzbuwccmbevroxigtmjrboplxribqvdh` (`dateDeleted`),
  CONSTRAINT `fk_kpwiwxohcqubnrwkpixvmbuajnoheqmtxvxw` FOREIGN KEY (`structureId`) REFERENCES `structures` (`id`) ON DELETE SET NULL
) ENGINE=InnoDB AUTO_INCREMENT=14 DEFAULT CHARSET=utf8 COLLATE=utf8_unicode_ci;

CREATE TABLE `sections_sites` (
  `id` int(11) NOT NULL AUTO_INCREMENT,
  `sectionId` int(11) NOT NULL,
  `siteId` int(11) NOT NULL,
  `hasUrls` tinyint(1) NOT NULL DEFAULT 1,
  `uriFormat` text COLLATE utf8_unicode_ci DEFAULT NULL,
  `template` varchar(500) COLLATE utf8_unicode_ci DEFAULT NULL,
  `enabledByDefault` tinyint(1) NOT NULL DEFAULT 1,
  `dateCreated` datetime NOT NULL,
  `dateUpdated` datetime NOT NULL,
  `uid` char(36) COLLATE utf8_unicode_ci NOT NULL DEFAULT '0',
  PRIMARY KEY (`id`),
  UNIQUE KEY `idx_itutoevvvuhondvejfnfekwbmbdslzyyjqxp` (`sectionId`,`siteId`),
  KEY `idx_ypmzvpdqrcoavjvgmycvpigxsavdidyhrnui` (`siteId`),
  CONSTRAINT `fk_sxjzgvrkulnuhalbdpuohpqwbwoyqrosjemt` FOREIGN KEY (`sectionId`) REFERENCES `sections` (`id`) ON DELETE CASCADE,
  CONSTRAINT `fk_tuxhbfaqgzlhczbjvozrzabggxzlvxfvfmda` FOREIGN KEY (`siteId`) REFERENCES `sites` (`id`) ON DELETE CASCADE ON UPDATE CASCADE
) ENGINE=InnoDB AUTO_INCREMENT=14 DEFAULT CHARSET=utf8 COLLATE=utf8_unicode_ci;

CREATE TABLE `seomatic_metabundles` (
  `id` int(11) NOT NULL AUTO_INCREMENT,
  `dateCreated` datetime NOT NULL,
  `dateUpdated` datetime NOT NULL,
  `uid` char(36) COLLATE utf8_unicode_ci NOT NULL DEFAULT '0',
  `bundleVersion` varchar(255) COLLATE utf8_unicode_ci NOT NULL DEFAULT '',
  `sourceBundleType` varchar(255) COLLATE utf8_unicode_ci NOT NULL DEFAULT '',
  `sourceId` int(11) DEFAULT NULL,
  `sourceName` varchar(255) COLLATE utf8_unicode_ci NOT NULL DEFAULT '',
  `sourceHandle` varchar(255) COLLATE utf8_unicode_ci NOT NULL DEFAULT '',
  `sourceType` varchar(64) COLLATE utf8_unicode_ci NOT NULL DEFAULT '',
  `typeId` int(11) DEFAULT NULL,
  `sourceTemplate` varchar(500) COLLATE utf8_unicode_ci DEFAULT '',
  `sourceSiteId` int(11) DEFAULT NULL,
  `sourceAltSiteSettings` text COLLATE utf8_unicode_ci DEFAULT NULL,
  `sourceDateUpdated` datetime NOT NULL,
  `metaGlobalVars` text COLLATE utf8_unicode_ci DEFAULT NULL,
  `metaSiteVars` text COLLATE utf8_unicode_ci DEFAULT NULL,
  `metaSitemapVars` text COLLATE utf8_unicode_ci DEFAULT NULL,
  `metaContainers` text COLLATE utf8_unicode_ci DEFAULT NULL,
  `redirectsContainer` text COLLATE utf8_unicode_ci DEFAULT NULL,
  `frontendTemplatesContainer` text COLLATE utf8_unicode_ci DEFAULT NULL,
  `metaBundleSettings` text COLLATE utf8_unicode_ci DEFAULT NULL,
  PRIMARY KEY (`id`),
  KEY `idx_lbfjacwqjyitzzzmctdwmvqdcjdkufsdtqur` (`sourceBundleType`),
  KEY `idx_xogbejsfaqsasykvuczhexpwpmgqmthyxexy` (`sourceId`),
  KEY `idx_prehaxjhmjrarzxllizzgjkiqxdumqpfgavb` (`sourceSiteId`),
  KEY `idx_mjajzawbaresancybmuqsrofmmeqbtrljqms` (`sourceHandle`),
  CONSTRAINT `fk_aryevwvgyvetedloecrjhnwksqdlpkngaseu` FOREIGN KEY (`sourceSiteId`) REFERENCES `sites` (`id`) ON DELETE CASCADE ON UPDATE CASCADE
) ENGINE=InnoDB AUTO_INCREMENT=2 DEFAULT CHARSET=utf8 COLLATE=utf8_unicode_ci;

CREATE TABLE `sequences` (
  `name` varchar(255) COLLATE utf8_unicode_ci NOT NULL,
  `next` int(11) unsigned NOT NULL DEFAULT 1,
  PRIMARY KEY (`name`)
) ENGINE=InnoDB DEFAULT CHARSET=utf8 COLLATE=utf8_unicode_ci;

CREATE TABLE `sessions` (
  `id` int(11) NOT NULL AUTO_INCREMENT,
  `userId` int(11) NOT NULL,
  `token` char(100) COLLATE utf8_unicode_ci NOT NULL,
  `dateCreated` datetime NOT NULL,
  `dateUpdated` datetime NOT NULL,
  `uid` char(36) COLLATE utf8_unicode_ci NOT NULL DEFAULT '0',
  PRIMARY KEY (`id`),
  KEY `idx_cchgfwwonbdiiygtwyxfuomyeasroxvrloqq` (`uid`),
  KEY `idx_woehcfshnmsluhsaljaeuusuhdhginrlrgzd` (`token`),
  KEY `idx_pnthxklfljaktqwcyjqslfjpifkvaryercng` (`dateUpdated`),
  KEY `idx_wpyflmzmkclkkvqcczpmifpqaszsejopnard` (`userId`),
  CONSTRAINT `fk_levmbdxopecfmnaafofnwgdolnfnrkmdapmf` FOREIGN KEY (`userId`) REFERENCES `users` (`id`) ON DELETE CASCADE
) ENGINE=InnoDB AUTO_INCREMENT=33 DEFAULT CHARSET=utf8 COLLATE=utf8_unicode_ci;

CREATE TABLE `shunnedmessages` (
  `id` int(11) NOT NULL AUTO_INCREMENT,
  `userId` int(11) NOT NULL,
  `message` varchar(255) COLLATE utf8_unicode_ci NOT NULL,
  `expiryDate` datetime DEFAULT NULL,
  `dateCreated` datetime NOT NULL,
  `dateUpdated` datetime NOT NULL,
  `uid` char(36) COLLATE utf8_unicode_ci NOT NULL DEFAULT '0',
  PRIMARY KEY (`id`),
  UNIQUE KEY `idx_icwukqmhqacsesaktzmtopyrwuxkfyhviqkl` (`userId`,`message`),
  CONSTRAINT `fk_uwrjsvhlymjlrozpcennwpcixgtevlbrvtyk` FOREIGN KEY (`userId`) REFERENCES `users` (`id`) ON DELETE CASCADE
) ENGINE=InnoDB DEFAULT CHARSET=utf8 COLLATE=utf8_unicode_ci;

CREATE TABLE `sitegroups` (
  `id` int(11) NOT NULL AUTO_INCREMENT,
  `name` varchar(255) COLLATE utf8_unicode_ci NOT NULL,
  `dateCreated` datetime NOT NULL,
  `dateUpdated` datetime NOT NULL,
  `dateDeleted` datetime DEFAULT NULL,
  `uid` char(36) COLLATE utf8_unicode_ci NOT NULL DEFAULT '0',
  PRIMARY KEY (`id`),
  KEY `idx_htweungrmhfgrzsifdzuzypuapigyimhnopy` (`name`)
) ENGINE=InnoDB AUTO_INCREMENT=2 DEFAULT CHARSET=utf8 COLLATE=utf8_unicode_ci;

CREATE TABLE `sites` (
  `id` int(11) NOT NULL AUTO_INCREMENT,
  `groupId` int(11) NOT NULL,
  `primary` tinyint(1) NOT NULL,
  `enabled` tinyint(1) NOT NULL DEFAULT 1,
  `name` varchar(255) COLLATE utf8_unicode_ci NOT NULL,
  `handle` varchar(255) COLLATE utf8_unicode_ci NOT NULL,
  `language` varchar(12) COLLATE utf8_unicode_ci NOT NULL,
  `hasUrls` tinyint(1) NOT NULL DEFAULT 0,
  `baseUrl` varchar(255) COLLATE utf8_unicode_ci DEFAULT NULL,
  `sortOrder` smallint(6) unsigned DEFAULT NULL,
  `dateCreated` datetime NOT NULL,
  `dateUpdated` datetime NOT NULL,
  `dateDeleted` datetime DEFAULT NULL,
  `uid` char(36) COLLATE utf8_unicode_ci NOT NULL DEFAULT '0',
  PRIMARY KEY (`id`),
  KEY `idx_mcaxhedbkjgijandzxkogbokqmjqxaxmzsvs` (`dateDeleted`),
  KEY `idx_kaxkagjnpsbrwyscctvwwnhbguwlpsbknbxg` (`handle`),
  KEY `idx_ukwfawmtjgaggzuzwhdoarnqpzkroilhxvew` (`sortOrder`),
  KEY `fk_kvqegmtbehgovpvxvbapepoyezzmznnqmoyc` (`groupId`),
  CONSTRAINT `fk_kvqegmtbehgovpvxvbapepoyezzmznnqmoyc` FOREIGN KEY (`groupId`) REFERENCES `sitegroups` (`id`) ON DELETE CASCADE
) ENGINE=InnoDB AUTO_INCREMENT=2 DEFAULT CHARSET=utf8 COLLATE=utf8_unicode_ci;

CREATE TABLE `structureelements` (
  `id` int(11) NOT NULL AUTO_INCREMENT,
  `structureId` int(11) NOT NULL,
  `elementId` int(11) DEFAULT NULL,
  `root` int(11) unsigned DEFAULT NULL,
  `lft` int(11) unsigned NOT NULL,
  `rgt` int(11) unsigned NOT NULL,
  `level` smallint(6) unsigned NOT NULL,
  `dateCreated` datetime NOT NULL,
  `dateUpdated` datetime NOT NULL,
  `uid` char(36) COLLATE utf8_unicode_ci NOT NULL DEFAULT '0',
  PRIMARY KEY (`id`),
  UNIQUE KEY `idx_ipqplqllyojosqlcwaqzhqxvlyfnthovbxzs` (`structureId`,`elementId`),
  KEY `idx_jxkdpwqaauspbwgwayjdqxwjxpjavbdkhznv` (`root`),
  KEY `idx_ouiklolpsgtabzdjkibzmcbhkxsvvngropkg` (`lft`),
  KEY `idx_gmckrbjoskqvkakggiamybuoywipvcvawgqi` (`rgt`),
  KEY `idx_doevhfeuuwklhbfwnvnihxseuradvdbawhhz` (`level`),
  KEY `idx_ldhwovcsnlcgzpddqgdbkvqhllaikmprdrkn` (`elementId`),
  CONSTRAINT `fk_hwxbordfitzjstzrtwrhqcgfssvahbajbhuk` FOREIGN KEY (`structureId`) REFERENCES `structures` (`id`) ON DELETE CASCADE,
  CONSTRAINT `fk_qrweqdxvaglvbflpucxiwwumiakoytjvhzya` FOREIGN KEY (`elementId`) REFERENCES `elements` (`id`) ON DELETE CASCADE
) ENGINE=InnoDB AUTO_INCREMENT=5 DEFAULT CHARSET=utf8 COLLATE=utf8_unicode_ci;

CREATE TABLE `structures` (
  `id` int(11) NOT NULL AUTO_INCREMENT,
  `maxLevels` smallint(6) unsigned DEFAULT NULL,
  `dateCreated` datetime NOT NULL,
  `dateUpdated` datetime NOT NULL,
  `dateDeleted` datetime DEFAULT NULL,
  `uid` char(36) COLLATE utf8_unicode_ci NOT NULL DEFAULT '0',
  PRIMARY KEY (`id`),
  KEY `idx_pzwvuqadhpjnhawimwqowkejiadvyjgtbhco` (`dateDeleted`)
) ENGINE=InnoDB AUTO_INCREMENT=4 DEFAULT CHARSET=utf8 COLLATE=utf8_unicode_ci;

CREATE TABLE `supertableblocks` (
  `id` int(11) NOT NULL,
  `ownerId` int(11) NOT NULL,
  `fieldId` int(11) NOT NULL,
  `typeId` int(11) NOT NULL,
  `sortOrder` smallint(6) unsigned DEFAULT NULL,
  `deletedWithOwner` tinyint(1) DEFAULT NULL,
  `dateCreated` datetime NOT NULL,
  `dateUpdated` datetime NOT NULL,
  `uid` char(36) COLLATE utf8_unicode_ci NOT NULL DEFAULT '0',
  PRIMARY KEY (`id`),
  KEY `idx_wiynkjnrmgkydsrxidpmxudnwniwgvosrbny` (`ownerId`),
  KEY `idx_yxvgiarehovqbusbvjqcjajyyhuqrkifbvbx` (`fieldId`),
  KEY `idx_qdcxotplfmabmlibiipflvpgturwjyigvvij` (`typeId`),
  KEY `idx_lmnhkxtutqjwwzlqatimpvikcgkzwfoyxkxl` (`sortOrder`),
  CONSTRAINT `fk_dogqezgwqttdrbjblxjckubqtemirhoejaij` FOREIGN KEY (`fieldId`) REFERENCES `fields` (`id`) ON DELETE CASCADE,
  CONSTRAINT `fk_qgfrztxboosglobsyzgsydfratgdfefscewi` FOREIGN KEY (`typeId`) REFERENCES `supertableblocktypes` (`id`) ON DELETE CASCADE,
  CONSTRAINT `fk_ryefttinydlquctkcijflbldsssusjrqcnbh` FOREIGN KEY (`ownerId`) REFERENCES `elements` (`id`) ON DELETE CASCADE,
  CONSTRAINT `fk_tdujfpvsmmtwkjpbeutjwkbdjnqmkmgsauvs` FOREIGN KEY (`id`) REFERENCES `elements` (`id`) ON DELETE CASCADE
) ENGINE=InnoDB DEFAULT CHARSET=utf8 COLLATE=utf8_unicode_ci;

CREATE TABLE `supertableblocktypes` (
  `id` int(11) NOT NULL AUTO_INCREMENT,
  `fieldId` int(11) NOT NULL,
  `fieldLayoutId` int(11) DEFAULT NULL,
  `dateCreated` datetime NOT NULL,
  `dateUpdated` datetime NOT NULL,
  `uid` char(36) COLLATE utf8_unicode_ci NOT NULL DEFAULT '0',
  PRIMARY KEY (`id`),
  KEY `idx_vrxyiaekylvowtiuuhmihhfkbwfaloxujvcu` (`fieldId`),
  KEY `idx_gyoonucblbedwywcdwajrxoavjocmxbvwbwj` (`fieldLayoutId`),
  CONSTRAINT `fk_etynslysqhpqsuojffoeoxuyqyazxlprtiut` FOREIGN KEY (`fieldLayoutId`) REFERENCES `fieldlayouts` (`id`) ON DELETE SET NULL,
  CONSTRAINT `fk_grymxjaghqgrcuwstojepyrhxjjbroetyali` FOREIGN KEY (`fieldId`) REFERENCES `fields` (`id`) ON DELETE CASCADE
) ENGINE=InnoDB DEFAULT CHARSET=utf8 COLLATE=utf8_unicode_ci;

CREATE TABLE `systemmessages` (
  `id` int(11) NOT NULL AUTO_INCREMENT,
  `language` varchar(255) COLLATE utf8_unicode_ci NOT NULL,
  `key` varchar(255) COLLATE utf8_unicode_ci NOT NULL,
  `subject` text COLLATE utf8_unicode_ci NOT NULL,
  `body` text COLLATE utf8_unicode_ci NOT NULL,
  `dateCreated` datetime NOT NULL,
  `dateUpdated` datetime NOT NULL,
  `uid` char(36) COLLATE utf8_unicode_ci NOT NULL DEFAULT '0',
  PRIMARY KEY (`id`),
  UNIQUE KEY `idx_urlgpcspcqwrjzxblmslnfcczjnponxfnywf` (`key`,`language`),
  KEY `idx_rnrxtziwvvbzjczatssojbfxqdauwssyvqzs` (`language`)
) ENGINE=InnoDB DEFAULT CHARSET=utf8 COLLATE=utf8_unicode_ci;

CREATE TABLE `taggroups` (
  `id` int(11) NOT NULL AUTO_INCREMENT,
  `name` varchar(255) COLLATE utf8_unicode_ci NOT NULL,
  `handle` varchar(255) COLLATE utf8_unicode_ci NOT NULL,
  `fieldLayoutId` int(11) DEFAULT NULL,
  `dateCreated` datetime NOT NULL,
  `dateUpdated` datetime NOT NULL,
  `dateDeleted` datetime DEFAULT NULL,
  `uid` char(36) COLLATE utf8_unicode_ci NOT NULL DEFAULT '0',
  PRIMARY KEY (`id`),
  KEY `idx_ewrnhbjxuymmxdlgkankuelxccjvsxrjlfbk` (`name`),
  KEY `idx_dknqdskxdcdqwolbxswgtssjtarovcgvznno` (`handle`),
  KEY `idx_syjxufcykpnxpnddrejknfhgucsddsdtuznb` (`dateDeleted`),
  KEY `fk_ujfzcieqlozbhnhtkqwpbktgmrjkoarvwwga` (`fieldLayoutId`),
  CONSTRAINT `fk_ujfzcieqlozbhnhtkqwpbktgmrjkoarvwwga` FOREIGN KEY (`fieldLayoutId`) REFERENCES `fieldlayouts` (`id`) ON DELETE SET NULL
) ENGINE=InnoDB DEFAULT CHARSET=utf8 COLLATE=utf8_unicode_ci;

CREATE TABLE `tags` (
  `id` int(11) NOT NULL,
  `groupId` int(11) NOT NULL,
  `deletedWithGroup` tinyint(1) DEFAULT NULL,
  `dateCreated` datetime NOT NULL,
  `dateUpdated` datetime NOT NULL,
  `uid` char(36) COLLATE utf8_unicode_ci NOT NULL DEFAULT '0',
  PRIMARY KEY (`id`),
  KEY `idx_pooaduajhpqoswnevzezzcpcbhphuxfmlwmg` (`groupId`),
  CONSTRAINT `fk_cstvsbjoauwvpqxphluoccnpkdjmlxzcyhxc` FOREIGN KEY (`groupId`) REFERENCES `taggroups` (`id`) ON DELETE CASCADE,
  CONSTRAINT `fk_jijsafollgmdkofpakwazfnfyblsyzljalok` FOREIGN KEY (`id`) REFERENCES `elements` (`id`) ON DELETE CASCADE
) ENGINE=InnoDB DEFAULT CHARSET=utf8 COLLATE=utf8_unicode_ci;

CREATE TABLE `templatecacheelements` (
  `id` int(11) NOT NULL AUTO_INCREMENT,
  `cacheId` int(11) NOT NULL,
  `elementId` int(11) NOT NULL,
  PRIMARY KEY (`id`),
  KEY `idx_bofpprqpsdyyheybxnnzdcckxxytgdolhskh` (`cacheId`),
  KEY `idx_wzdxjtpdowmrarpfubdcowwezhkavrtpcvgp` (`elementId`),
  CONSTRAINT `fk_llbxfnhhmybmabmxykooysfswfntlrfcjowh` FOREIGN KEY (`elementId`) REFERENCES `elements` (`id`) ON DELETE CASCADE,
  CONSTRAINT `fk_oydmzigdspwscsirjuvyhuvieqqxqogsgfyh` FOREIGN KEY (`cacheId`) REFERENCES `templatecaches` (`id`) ON DELETE CASCADE
) ENGINE=InnoDB DEFAULT CHARSET=utf8 COLLATE=utf8_unicode_ci;

CREATE TABLE `templatecachequeries` (
  `id` int(11) NOT NULL AUTO_INCREMENT,
  `cacheId` int(11) NOT NULL,
  `type` varchar(255) COLLATE utf8_unicode_ci NOT NULL,
  `query` longtext COLLATE utf8_unicode_ci NOT NULL,
  PRIMARY KEY (`id`),
  KEY `idx_qkbzxsslpsfnzrhadltvjajyadkvcheyltta` (`cacheId`),
  KEY `idx_rkhpfkbkjprgfxdibvdfqflxllraiasijnzm` (`type`),
  CONSTRAINT `fk_zsiefulvtutabfsonyuszallzsmwcqlzfjck` FOREIGN KEY (`cacheId`) REFERENCES `templatecaches` (`id`) ON DELETE CASCADE
) ENGINE=InnoDB DEFAULT CHARSET=utf8 COLLATE=utf8_unicode_ci;

CREATE TABLE `templatecaches` (
  `id` int(11) NOT NULL AUTO_INCREMENT,
  `siteId` int(11) NOT NULL,
  `cacheKey` varchar(255) COLLATE utf8_unicode_ci NOT NULL,
  `path` varchar(255) COLLATE utf8_unicode_ci DEFAULT NULL,
  `expiryDate` datetime NOT NULL,
  `body` mediumtext COLLATE utf8_unicode_ci NOT NULL,
  PRIMARY KEY (`id`),
  KEY `idx_odphurmvgsnpqzajlxmlgxnrjfvmchuysums` (`cacheKey`,`siteId`,`expiryDate`,`path`),
  KEY `idx_ncygxuevjqirhqmksnazhaupxjghsjpmhfdq` (`cacheKey`,`siteId`,`expiryDate`),
  KEY `idx_qewkxvublwsrymdvnvejojtujbaictolamkd` (`siteId`),
  CONSTRAINT `fk_bcxgpqlcwdewkakeapfctrrxifrmgmhcomgh` FOREIGN KEY (`siteId`) REFERENCES `sites` (`id`) ON DELETE CASCADE ON UPDATE CASCADE
) ENGINE=InnoDB DEFAULT CHARSET=utf8 COLLATE=utf8_unicode_ci;

CREATE TABLE `tokens` (
  `id` int(11) NOT NULL AUTO_INCREMENT,
  `token` char(32) COLLATE utf8_unicode_ci NOT NULL,
  `route` text COLLATE utf8_unicode_ci DEFAULT NULL,
  `usageLimit` tinyint(3) unsigned DEFAULT NULL,
  `usageCount` tinyint(3) unsigned DEFAULT NULL,
  `expiryDate` datetime NOT NULL,
  `dateCreated` datetime NOT NULL,
  `dateUpdated` datetime NOT NULL,
  `uid` char(36) COLLATE utf8_unicode_ci NOT NULL DEFAULT '0',
  PRIMARY KEY (`id`),
  UNIQUE KEY `idx_azmnzqvohyirthezicadshgsxjntqwmrlixs` (`token`),
  KEY `idx_lgqqjbbisibsulmkrnxnkcshsizfrpyhffip` (`expiryDate`)
) ENGINE=InnoDB DEFAULT CHARSET=utf8 COLLATE=utf8_unicode_ci;

CREATE TABLE `usergroups` (
  `id` int(11) NOT NULL AUTO_INCREMENT,
  `name` varchar(255) COLLATE utf8_unicode_ci NOT NULL,
  `handle` varchar(255) COLLATE utf8_unicode_ci NOT NULL,
  `description` text COLLATE utf8_unicode_ci DEFAULT NULL,
  `dateCreated` datetime NOT NULL,
  `dateUpdated` datetime NOT NULL,
  `uid` char(36) COLLATE utf8_unicode_ci NOT NULL DEFAULT '0',
  PRIMARY KEY (`id`),
  KEY `idx_mybyseyrtoqgimnwubjzgnevigvaowmfqxnk` (`handle`),
  KEY `idx_mexarbdngybatbrpdcyabukjtrytkudtcata` (`name`)
) ENGINE=InnoDB AUTO_INCREMENT=2 DEFAULT CHARSET=utf8 COLLATE=utf8_unicode_ci;

CREATE TABLE `usergroups_users` (
  `id` int(11) NOT NULL AUTO_INCREMENT,
  `groupId` int(11) NOT NULL,
  `userId` int(11) NOT NULL,
  `dateCreated` datetime NOT NULL,
  `dateUpdated` datetime NOT NULL,
  `uid` char(36) COLLATE utf8_unicode_ci NOT NULL DEFAULT '0',
  PRIMARY KEY (`id`),
  UNIQUE KEY `idx_jmivledvutbolbagyawpfgeloyxiqynnbcjm` (`groupId`,`userId`),
  KEY `idx_pfhnakdguqibozvyqmyijwqnextxvploazsl` (`userId`),
  CONSTRAINT `fk_epkblgupgkjbovloccuaxvfdzzsohrhhsapj` FOREIGN KEY (`userId`) REFERENCES `users` (`id`) ON DELETE CASCADE,
  CONSTRAINT `fk_oyokfoeafayipezoltncfntpdzpxdqugvnxh` FOREIGN KEY (`groupId`) REFERENCES `usergroups` (`id`) ON DELETE CASCADE
) ENGINE=InnoDB DEFAULT CHARSET=utf8 COLLATE=utf8_unicode_ci;

CREATE TABLE `userpermissions` (
  `id` int(11) NOT NULL AUTO_INCREMENT,
  `name` varchar(255) COLLATE utf8_unicode_ci NOT NULL,
  `dateCreated` datetime NOT NULL,
  `dateUpdated` datetime NOT NULL,
  `uid` char(36) COLLATE utf8_unicode_ci NOT NULL DEFAULT '0',
  PRIMARY KEY (`id`),
  UNIQUE KEY `idx_eoigriismutwtqphsyijahdnamvgrqkcsmax` (`name`)
) ENGINE=InnoDB AUTO_INCREMENT=65 DEFAULT CHARSET=utf8 COLLATE=utf8_unicode_ci;

CREATE TABLE `userpermissions_usergroups` (
  `id` int(11) NOT NULL AUTO_INCREMENT,
  `permissionId` int(11) NOT NULL,
  `groupId` int(11) NOT NULL,
  `dateCreated` datetime NOT NULL,
  `dateUpdated` datetime NOT NULL,
  `uid` char(36) COLLATE utf8_unicode_ci NOT NULL DEFAULT '0',
  PRIMARY KEY (`id`),
  UNIQUE KEY `idx_gsfgfvvhtbnqnhcnjqalrxkpctyyuqxndipe` (`permissionId`,`groupId`),
  KEY `idx_jfbbicvvelvekfoxasudvssnqiaykdiojmfw` (`groupId`),
  CONSTRAINT `fk_snojbxregqdugwkgfvqugjdosnqdvnuppaps` FOREIGN KEY (`permissionId`) REFERENCES `userpermissions` (`id`) ON DELETE CASCADE,
  CONSTRAINT `fk_zsvholrkeeqdoslgqiscujcdyzfrvbnsrcah` FOREIGN KEY (`groupId`) REFERENCES `usergroups` (`id`) ON DELETE CASCADE
) ENGINE=InnoDB AUTO_INCREMENT=65 DEFAULT CHARSET=utf8 COLLATE=utf8_unicode_ci;

CREATE TABLE `userpermissions_users` (
  `id` int(11) NOT NULL AUTO_INCREMENT,
  `permissionId` int(11) NOT NULL,
  `userId` int(11) NOT NULL,
  `dateCreated` datetime NOT NULL,
  `dateUpdated` datetime NOT NULL,
  `uid` char(36) COLLATE utf8_unicode_ci NOT NULL DEFAULT '0',
  PRIMARY KEY (`id`),
  UNIQUE KEY `idx_orsqyeubgqkzhdtdzxalkoxctuohpumztfhz` (`permissionId`,`userId`),
  KEY `idx_kcjcazmmjukmwawhhxljhgeiaccierwqtdsz` (`userId`),
  CONSTRAINT `fk_cnpwjupgomvqeitflpagaghwbhqpqdwxelnx` FOREIGN KEY (`userId`) REFERENCES `users` (`id`) ON DELETE CASCADE,
  CONSTRAINT `fk_rvipdinfkdsnxstolhjkyqakxfbpcukyzwuy` FOREIGN KEY (`permissionId`) REFERENCES `userpermissions` (`id`) ON DELETE CASCADE
) ENGINE=InnoDB DEFAULT CHARSET=utf8 COLLATE=utf8_unicode_ci;

CREATE TABLE `userpreferences` (
  `userId` int(11) NOT NULL AUTO_INCREMENT,
  `preferences` text COLLATE utf8_unicode_ci DEFAULT NULL,
  PRIMARY KEY (`userId`),
  CONSTRAINT `fk_dcnaekirvjmjbitwpjmvtqhrwkodiftilpoa` FOREIGN KEY (`userId`) REFERENCES `users` (`id`) ON DELETE CASCADE
) ENGINE=InnoDB AUTO_INCREMENT=4 DEFAULT CHARSET=utf8 COLLATE=utf8_unicode_ci;

CREATE TABLE `users` (
  `id` int(11) NOT NULL,
  `username` varchar(100) COLLATE utf8_unicode_ci NOT NULL,
  `photoId` int(11) DEFAULT NULL,
  `firstName` varchar(100) COLLATE utf8_unicode_ci DEFAULT NULL,
  `lastName` varchar(100) COLLATE utf8_unicode_ci DEFAULT NULL,
  `email` varchar(255) COLLATE utf8_unicode_ci NOT NULL,
  `password` varchar(255) COLLATE utf8_unicode_ci DEFAULT NULL,
  `admin` tinyint(1) NOT NULL DEFAULT 0,
  `locked` tinyint(1) NOT NULL DEFAULT 0,
  `suspended` tinyint(1) NOT NULL DEFAULT 0,
  `pending` tinyint(1) NOT NULL DEFAULT 0,
  `lastLoginDate` datetime DEFAULT NULL,
  `lastLoginAttemptIp` varchar(45) COLLATE utf8_unicode_ci DEFAULT NULL,
  `invalidLoginWindowStart` datetime DEFAULT NULL,
  `invalidLoginCount` tinyint(3) unsigned DEFAULT NULL,
  `lastInvalidLoginDate` datetime DEFAULT NULL,
  `lockoutDate` datetime DEFAULT NULL,
  `hasDashboard` tinyint(1) NOT NULL DEFAULT 0,
  `verificationCode` varchar(255) COLLATE utf8_unicode_ci DEFAULT NULL,
  `verificationCodeIssuedDate` datetime DEFAULT NULL,
  `unverifiedEmail` varchar(255) COLLATE utf8_unicode_ci DEFAULT NULL,
  `passwordResetRequired` tinyint(1) NOT NULL DEFAULT 0,
  `lastPasswordChangeDate` datetime DEFAULT NULL,
  `dateCreated` datetime NOT NULL,
  `dateUpdated` datetime NOT NULL,
  `uid` char(36) COLLATE utf8_unicode_ci NOT NULL DEFAULT '0',
  PRIMARY KEY (`id`),
  KEY `idx_sixwgtdevwqyhhewffjpxbvvqygdzbjecjym` (`uid`),
  KEY `idx_iawnyeedklvonrhyiabpfvbznnkujdnbjfkv` (`verificationCode`),
  KEY `idx_vylwuifnbunaqjmoedzolocproqpzoiyqsqi` (`email`),
  KEY `idx_mcsggimrmrdepdmljpkjyenddgenzfcipbxc` (`username`),
  KEY `fk_izyhuzorfyswqjuxxknyxihyxhagytqrqdsi` (`photoId`),
  CONSTRAINT `fk_fnvxzrtigoipdqbulwbjhoxivkshunqoiczw` FOREIGN KEY (`id`) REFERENCES `elements` (`id`) ON DELETE CASCADE,
  CONSTRAINT `fk_izyhuzorfyswqjuxxknyxihyxhagytqrqdsi` FOREIGN KEY (`photoId`) REFERENCES `assets` (`id`) ON DELETE SET NULL
) ENGINE=InnoDB DEFAULT CHARSET=utf8 COLLATE=utf8_unicode_ci;

CREATE TABLE `volumefolders` (
  `id` int(11) NOT NULL AUTO_INCREMENT,
  `parentId` int(11) DEFAULT NULL,
  `volumeId` int(11) DEFAULT NULL,
  `name` varchar(255) COLLATE utf8_unicode_ci NOT NULL,
  `path` varchar(255) COLLATE utf8_unicode_ci DEFAULT NULL,
  `dateCreated` datetime NOT NULL,
  `dateUpdated` datetime NOT NULL,
  `uid` char(36) COLLATE utf8_unicode_ci NOT NULL DEFAULT '0',
  PRIMARY KEY (`id`),
  UNIQUE KEY `idx_pdobpojcloybiiaufeapvnrqfuopikucfsaq` (`name`,`parentId`,`volumeId`),
  KEY `idx_rsxsjdhqrqxtswnwkllkimeobpjvnbeljcyo` (`parentId`),
  KEY `idx_ndghzgupwqpmbwbbckaqmxntdtdqzdlhcpxm` (`volumeId`),
  CONSTRAINT `fk_eibsbllwixzvttkyxpfzetmloyqqmhjiyrym` FOREIGN KEY (`volumeId`) REFERENCES `volumes` (`id`) ON DELETE CASCADE,
  CONSTRAINT `fk_jgpjggrbdmxavkndgpsauhdhooicnbcjwvbv` FOREIGN KEY (`parentId`) REFERENCES `volumefolders` (`id`) ON DELETE CASCADE
) ENGINE=InnoDB AUTO_INCREMENT=6 DEFAULT CHARSET=utf8 COLLATE=utf8_unicode_ci;

CREATE TABLE `volumes` (
  `id` int(11) NOT NULL AUTO_INCREMENT,
  `fieldLayoutId` int(11) DEFAULT NULL,
  `name` varchar(255) COLLATE utf8_unicode_ci NOT NULL,
  `handle` varchar(255) COLLATE utf8_unicode_ci NOT NULL,
  `type` varchar(255) COLLATE utf8_unicode_ci NOT NULL,
  `hasUrls` tinyint(1) NOT NULL DEFAULT 1,
  `url` varchar(255) COLLATE utf8_unicode_ci DEFAULT NULL,
  `titleTranslationMethod` varchar(255) COLLATE utf8_unicode_ci NOT NULL DEFAULT 'site',
  `titleTranslationKeyFormat` text COLLATE utf8_unicode_ci DEFAULT NULL,
  `settings` text COLLATE utf8_unicode_ci DEFAULT NULL,
  `sortOrder` smallint(6) unsigned DEFAULT NULL,
  `dateCreated` datetime NOT NULL,
  `dateUpdated` datetime NOT NULL,
  `dateDeleted` datetime DEFAULT NULL,
  `uid` char(36) COLLATE utf8_unicode_ci NOT NULL DEFAULT '0',
  PRIMARY KEY (`id`),
  KEY `idx_jnkxgfacngwptftyipxvyfowxgkddadtfixj` (`name`),
  KEY `idx_kzbfqqttnzjycluqgolvtygypwglthygirts` (`handle`),
  KEY `idx_jfrjjgchmzsmjitlzlsgupqstcvcmneszufi` (`fieldLayoutId`),
  KEY `idx_nirjgtlyeutthmmlxdliyfksdxyxpoldyuqo` (`dateDeleted`),
  CONSTRAINT `fk_tgylgmjwmytchyuptodrqzszjfxlhztalbdk` FOREIGN KEY (`fieldLayoutId`) REFERENCES `fieldlayouts` (`id`) ON DELETE SET NULL
) ENGINE=InnoDB AUTO_INCREMENT=4 DEFAULT CHARSET=utf8 COLLATE=utf8_unicode_ci;

CREATE TABLE `widgets` (
  `id` int(11) NOT NULL AUTO_INCREMENT,
  `userId` int(11) NOT NULL,
  `type` varchar(255) COLLATE utf8_unicode_ci NOT NULL,
  `sortOrder` smallint(6) unsigned DEFAULT NULL,
  `colspan` tinyint(3) DEFAULT NULL,
  `settings` text COLLATE utf8_unicode_ci DEFAULT NULL,
  `enabled` tinyint(1) NOT NULL DEFAULT 1,
  `dateCreated` datetime NOT NULL,
  `dateUpdated` datetime NOT NULL,
  `uid` char(36) COLLATE utf8_unicode_ci NOT NULL DEFAULT '0',
  PRIMARY KEY (`id`),
  KEY `idx_iqrnfxkjtmolopfzmbafrdfgopvkkmgiezqp` (`userId`),
  CONSTRAINT `fk_mublempokaxuxblogklpfymluivbwtovobuy` FOREIGN KEY (`userId`) REFERENCES `users` (`id`) ON DELETE CASCADE
) ENGINE=InnoDB AUTO_INCREMENT=5 DEFAULT CHARSET=utf8 COLLATE=utf8_unicode_ci;

INSERT INTO `assets` (`id`, `volumeId`, `folderId`, `uploaderId`, `filename`, `kind`, `width`, `height`, `size`, `focalPoint`, `deletedWithVolume`, `keptFile`, `dateModified`, `dateCreated`, `dateUpdated`, `uid`) VALUES
(19, 3, 3, 3, 'arrow-prev.png', 'image', 1200, 800, 1102347, NULL, NULL, NULL, '2022-07-11 15:01:29', '2022-07-11 14:50:02', '2022-07-11 15:01:30', 'ae10dbef-baa9-48ab-afaf-ea306d712847'),
(22, 3, 3, 3, 'arrow-prev_2022-07-11-150100_rbpu.png', 'image', 1200, 800, 1031869, NULL, 0, 0, '2022-07-11 15:01:17', '2022-07-11 15:01:18', '2022-07-11 15:01:18', '2e721ffc-6f78-4a38-bffc-fdcf0fb719d2'),
(31, 3, 3, 3, 'bild.png', 'image', 338, 311, 195486, NULL, NULL, NULL, '2022-07-12 09:56:57', '2022-07-12 09:56:57', '2022-07-12 09:56:57', 'cc5afc87-170f-450c-b317-422ec99c46cb'),
(118, 3, 3, 3, 'me.png', 'image', 960, 1078, 1468907, NULL, NULL, NULL, '2022-07-13 07:08:43', '2022-07-13 07:08:44', '2022-07-13 07:08:44', '977036bf-53db-440c-a492-38bb50202779'),
(267, 3, 3, 3, 'gutschein.png', 'image', 1748, 2481, 87503, NULL, NULL, NULL, '2022-07-13 13:48:08', '2022-07-13 13:48:09', '2022-07-13 13:48:09', 'd0d7d706-55a4-41bd-8368-7710e8603596'),
(362, 3, 3, 3, 'placeholder.png', 'image', 2048, 1280, 18263, NULL, NULL, NULL, '2022-07-18 06:32:56', '2022-07-18 06:32:57', '2022-07-18 06:32:57', '517bdd9c-82c4-4a4e-9674-dae265089f9f');

INSERT INTO `assettransformindex` (`id`, `assetId`, `filename`, `format`, `location`, `volumeId`, `fileExists`, `inProgress`, `error`, `dateIndexed`, `dateCreated`, `dateUpdated`, `uid`) VALUES
(1, 19, 'arrow-prev.png', NULL, '_hero', 3, 1, 0, 0, '2022-07-11 15:21:08', '2022-07-11 15:21:08', '2022-07-11 15:21:09', '8c871846-7cf3-4df6-8bd1-2188aab635d8'),
(2, 362, 'placeholder.png', NULL, '_hero', 3, 1, 0, 0, '2022-07-18 06:34:05', '2022-07-18 06:34:05', '2022-07-18 06:34:06', '7030b6bb-65bf-4dc7-b57c-27344f3115dd'),
(3, 19, 'arrow-prev.webp', 'webp', '_hero', 3, 1, 0, 0, '2022-07-19 12:52:47', '2022-07-19 12:52:47', '2022-07-19 12:52:49', '438c318a-ea8a-4740-a18e-b6f9a237a761'),
(4, 362, 'placeholder.webp', 'webp', '_infoSlider', 3, 1, 0, 0, '2022-07-19 12:52:49', '2022-07-19 12:52:49', '2022-07-19 12:52:49', '203736fe-44ed-4cf6-a981-f42e0251918a'),
(5, 362, 'placeholder.png', NULL, '_infoSlider', 3, 1, 0, 0, '2022-07-19 12:55:44', '2022-07-19 12:55:44', '2022-07-19 12:55:45', 'f48afb5f-06b8-435e-b4b3-435dfb0102f2'),
(6, 118, 'me.png', NULL, '_aboutImg', 3, 1, 0, 0, '2022-07-19 12:58:48', '2022-07-19 12:58:48', '2022-07-19 12:58:49', '7dfcfe57-71db-4f6e-ac17-eb90a9bf49e9'),
(7, 267, 'gutschein.png', NULL, '_gutscheinImg', 3, 1, 0, 0, '2022-07-19 13:01:28', '2022-07-19 13:01:28', '2022-07-19 13:01:29', '06e774fb-6550-4200-9b7d-33b104be45d3'),
(8, 362, 'placeholder.webp', 'webp', '_hero', 3, 1, 0, 0, '2022-07-19 13:07:42', '2022-07-19 13:07:42', '2022-07-19 13:07:43', '1f25e613-659c-4fbd-af89-5a1899213cfa'),
(10, 31, 'bild.png', NULL, '_infoSlider', 3, 1, 0, 0, '2022-07-24 19:53:12', '2022-07-24 19:53:12', '2022-07-24 19:53:14', 'e15468ea-6a08-4f05-acbe-5399338375d4'),
(12, 362, 'placeholder.png', NULL, '_contentImage', 3, 1, 0, 0, '2022-07-25 14:49:17', '2022-07-25 14:49:17', '2022-07-25 14:49:18', '040e9ca8-fcc4-4e23-b62a-f54c3bd63f6d'),
(13, 118, 'me.png', NULL, '_contentImage', 3, 1, 0, 0, '2022-07-25 14:49:45', '2022-07-25 14:49:45', '2022-07-25 14:49:45', '7303b7c4-dd11-40d2-9c1e-891dccfb7f2e');

INSERT INTO `assettransforms` (`id`, `name`, `handle`, `mode`, `position`, `width`, `height`, `format`, `quality`, `interlace`, `dimensionChangeTime`, `dateCreated`, `dateUpdated`, `uid`) VALUES
(1, 'Hero', 'hero', 'fit', 'center-center', 1400, 900, 'webp', NULL, 'none', '2022-07-11 15:12:03', '2022-07-11 15:12:03', '2022-07-19 12:50:50', 'd0345c1f-4c41-48f5-9235-31cd644f6b30'),
(2, 'Info-Slider', 'infoSlider', 'crop', 'center-center', 254, 254, NULL, NULL, 'none', '2022-07-19 12:50:27', '2022-07-19 12:50:27', '2022-07-19 12:55:21', '866a0917-591e-4c6c-8e26-b548063bbc13'),
(3, 'About Img', 'aboutImg', 'crop', 'center-center', 950, 800, NULL, NULL, 'none', '2022-07-19 12:57:53', '2022-07-19 12:57:53', '2022-07-19 12:57:53', 'edceac26-29e6-4527-a8dc-66076a59ed58'),
(4, 'Gutschein Img', 'gutscheinImg', 'fit', 'center-center', 320, NULL, NULL, NULL, 'none', '2022-07-19 13:00:48', '2022-07-19 13:00:48', '2022-07-19 13:00:48', '5a1f7399-c9af-4cf1-a877-b9918fabb768'),
(5, 'Content Image', 'contentImage', 'fit', 'center-center', 1000, 700, NULL, NULL, 'none', '2022-07-25 14:48:54', '2022-07-19 13:07:15', '2022-07-25 14:48:54', '6f19a805-c660-4a23-98bc-883a1772b93c');

INSERT INTO `changedattributes` (`elementId`, `siteId`, `attribute`, `dateUpdated`, `propagated`, `userId`) VALUES
(1, 1, 'title', '2022-07-12 12:11:43', 0, 3),
(3, 1, 'firstName', '2022-07-01 09:04:43', 0, 3),
(3, 1, 'lastName', '2022-07-01 09:04:43', 0, 3),
(4, 1, 'slug', '2022-07-01 06:24:46', 0, 3),
(4, 1, 'title', '2022-07-01 06:31:22', 0, 3),
(14, 1, 'authorId', '2022-07-18 06:19:42', 0, 3),
(14, 1, 'slug', '2022-07-11 14:33:37', 0, 3),
(14, 1, 'title', '2022-07-18 07:04:08', 0, 3),
(14, 1, 'uri', '2022-07-18 08:03:48', 0, 3),
(260, 1, 'slug', '2022-07-13 09:30:46', 0, 3),
(260, 1, 'title', '2022-07-13 09:30:46', 0, 3),
(260, 1, 'uri', '2022-07-13 09:30:46', 0, 3),
(283, 1, 'authorId', '2022-07-14 11:39:54', 0, 3),
(283, 1, 'title', '2022-07-14 11:18:23', 0, 3),
(283, 1, 'uri', '2022-07-14 11:39:54', 0, 3),
(408, 1, 'slug', '2022-07-18 09:02:08', 0, 3);

INSERT INTO `changedfields` (`elementId`, `siteId`, `fieldId`, `dateUpdated`, `propagated`, `userId`) VALUES
(1, 1, 20, '2022-07-11 15:01:42', 0, 3),
(1, 1, 21, '2022-07-18 07:00:44', 0, 3),
(1, 1, 22, '2022-07-12 12:10:36', 0, 3),
(1, 1, 23, '2022-07-24 19:53:07', 0, 3),
(1, 1, 27, '2022-07-19 07:38:01', 0, 3),
(1, 1, 30, '2022-07-12 12:10:36', 0, 3),
(1, 1, 31, '2022-07-12 12:10:36', 0, 3),
(1, 1, 32, '2022-07-12 12:15:26', 0, 3),
(1, 1, 33, '2022-07-13 07:14:22', 0, 3),
(1, 1, 34, '2022-07-13 07:09:58', 0, 3),
(1, 1, 40, '2022-07-13 13:48:57', 0, 3),
(1, 1, 41, '2022-07-13 13:48:57', 0, 3),
(1, 1, 42, '2022-07-18 07:00:44', 0, 3),
(1, 1, 43, '2022-07-18 07:00:44', 0, 3),
(1, 1, 44, '2022-07-18 07:00:44', 0, 3),
(1, 1, 45, '2022-07-14 12:25:45', 0, 3),
(1, 1, 46, '2022-07-14 12:25:45', 0, 3),
(1, 1, 58, '2022-07-19 07:38:01', 0, 3),
(1, 1, 62, '2022-07-19 07:38:01', 0, 3),
(1, 1, 64, '2022-07-19 12:11:47', 0, 3),
(1, 1, 65, '2022-07-19 12:11:47', 0, 3),
(14, 1, 20, '2022-07-18 08:03:53', 0, 3),
(14, 1, 21, '2022-07-18 08:03:53', 0, 3),
(14, 1, 22, '2022-07-24 19:59:14', 0, 3),
(14, 1, 64, '2022-07-19 12:29:43', 0, 3),
(14, 1, 65, '2022-07-19 12:29:43', 0, 3),
(16, 1, 18, '2022-07-24 20:03:17', 0, 3),
(16, 1, 19, '2022-07-24 20:03:17', 0, 3),
(41, 1, 24, '2022-07-19 07:38:02', 0, 3),
(41, 1, 25, '2022-07-18 09:45:11', 0, 3),
(41, 1, 26, '2022-07-18 09:45:11', 0, 3),
(50, 1, 24, '2022-07-18 09:47:19', 0, 3),
(50, 1, 25, '2022-07-18 09:45:11', 0, 3),
(50, 1, 26, '2022-07-18 09:45:11', 0, 3),
(86, 1, 28, '2022-07-19 07:38:02', 0, 3),
(86, 1, 29, '2022-07-19 07:38:02', 0, 3),
(87, 1, 28, '2022-07-19 07:38:03', 0, 3),
(87, 1, 29, '2022-07-19 07:38:03', 0, 3),
(283, 1, 22, '2022-07-14 11:39:54', 0, 3),
(283, 1, 42, '2022-07-14 11:39:54', 0, 3),
(283, 1, 43, '2022-07-14 11:39:54', 0, 3),
(283, 1, 44, '2022-07-14 11:39:54', 0, 3),
(326, 1, 18, '2022-07-24 20:03:17', 0, 3),
(326, 1, 19, '2022-07-24 20:03:17', 0, 3),
(328, 1, 18, '2022-07-19 08:52:46', 0, 3),
(328, 1, 19, '2022-07-19 08:52:46', 0, 3),
(329, 1, 51, '2022-07-19 08:52:47', 0, 3),
(329, 1, 52, '2022-07-19 08:52:47', 0, 3),
(387, 1, 20, '2022-07-18 08:02:12', 0, 3),
(387, 1, 21, '2022-07-18 08:02:12', 0, 3),
(387, 1, 22, '2022-07-18 08:02:12', 0, 3),
(387, 1, 64, '2022-07-19 12:19:07', 0, 3),
(387, 1, 65, '2022-07-19 12:19:07', 0, 3),
(392, 1, 18, '2022-07-24 20:03:17', 0, 3),
(392, 1, 19, '2022-07-24 20:03:17', 0, 3),
(395, 1, 64, '2022-07-19 12:26:22', 0, 3),
(395, 1, 65, '2022-07-19 12:26:22', 0, 3),
(400, 1, 18, '2022-07-24 20:03:17', 0, 3),
(400, 1, 19, '2022-07-24 20:03:17', 0, 3),
(408, 1, 20, '2022-07-18 09:02:08', 0, 3),
(408, 1, 21, '2022-07-18 09:02:08', 0, 3),
(408, 1, 22, '2022-07-25 14:51:17', 0, 3),
(408, 1, 64, '2022-07-19 12:28:19', 0, 3),
(408, 1, 65, '2022-07-19 12:28:19', 0, 3),
(487, 1, 18, '2022-07-24 20:03:17', 0, 3),
(487, 1, 19, '2022-07-24 20:03:17', 0, 3),
(488, 1, 18, '2022-07-19 08:52:46', 0, 3),
(488, 1, 19, '2022-07-19 08:52:46', 0, 3),
(489, 1, 18, '2022-07-19 08:52:47', 0, 3),
(489, 1, 19, '2022-07-19 08:52:47', 0, 3),
(490, 1, 18, '2022-07-19 08:52:47', 0, 3),
(490, 1, 19, '2022-07-19 08:52:47', 0, 3),
(558, 1, 22, '2022-07-19 08:44:47', 0, 3),
(565, 1, 22, '2022-07-19 08:50:07', 0, 3);

INSERT INTO `content` (`id`, `elementId`, `siteId`, `title`, `dateCreated`, `dateUpdated`, `uid`, `field_heroTitle_temiowxg`, `field_richText_gjkonjtl`, `field_h2TitlePrice_zevnqzav`, `field_h3TitlePrice_ucbimhdt`, `field_h2TitleInfo_blibblco`, `field_richTextAbout_hyfnnnuk`, `field_gutscheinText_iqfuadci`, `field_instagramLink_rsinwvae`, `field_facebookLink_awuodgok`, `field_youtubeLink_eqvqdtee`, `field_contactText_gcwekjuq`, `field_contactH2_sctkoeyp`, `field_email_axytcaqa`, `field_telefonnummer_qdzgebkt`, `field_seoTitle_cncudhre`, `field_seoDescription_yyusjxlw`) VALUES
(1, 1, 1, 'Home', '2022-06-25 12:57:38', '2022-07-24 19:53:07', '6d3cae2f-87d2-4b74-9f18-339056f701ed', 'Jetzt Massage bei dir zuhause buchen', '<p>Testing consetetur sadipscing elitr, sed diam nonumy eirmod tempor invidunt ut labore et dolore magna aliquyam erat, sed diam voluptua. At vero</p>', 'Preise Test', 'Testing Lorem ipsum dolor sit amet', 'Meine Leistungen', '<h2>Hey das ist ein Test</h2>\n<p>consetetur sadipscing elitr, sed diam nonumy eirmod tempor invidunt ut labore et dolore magna aliquyam erat, sed diam voluptua. At vero eos et accusam et justo duo dolores et ea rebum. Stet clita kasd gubergren, no sea takimata sanctus est Lorem ipsum dolor sit amet. Lorem ipsum dolor sit amet, consetetur sadipscing elitr, sed diam nonumy eirmod tempor invidunt ut labore et dolore magna aliquyam erat, sed diam voluptua. At vero</p>', '<h2>Gutscheine</h2>\n<p>Lorem ipsum dolor sit amet, consetetur sadipscing elitr, sed diam nonumy eirmod tempor invidunt ut labore et dolore magna aliquyam erat, sed diam voluptua. At vero eos et accusam et justo duo dolores et ea rebum. Stet clita kasd gubergren, no sea takimata sanctus est Lorem ipsum dolor sit amet. Lorem ipsum dolor sit amet, consetetur sadipscing elitr, sed diam nonumy eirmod tempor </p>', 'https://instagram.com', 'https://facebook.com', 'https://youtube.com', '<p>Test Massage</p>', 'Kontaktiere Mich', NULL, NULL, 'Voi Entspannt | Dein Masseur bei dir Zuhause', 'Voi Entspannt | Ich bin Christoph Reiter und Masseur aus Linz. Jetzt Termin vereinbaren.'),
(3, 3, 1, NULL, '2022-06-25 12:57:40', '2022-07-19 13:18:42', '99626b25-209d-4345-9348-221ab2c8ff1e', NULL, NULL, NULL, NULL, NULL, NULL, NULL, NULL, NULL, NULL, NULL, NULL, NULL, NULL, NULL, NULL),
(4, 4, 1, 'ber mich', '2022-07-01 06:24:24', '2022-07-01 06:39:07', '73841a16-e6e0-4168-b4ac-1508082a3c31', NULL, NULL, NULL, NULL, NULL, NULL, NULL, NULL, NULL, NULL, NULL, NULL, NULL, NULL, NULL, NULL),
(5, 5, 1, 'About Me', '2022-07-01 06:30:10', '2022-07-01 06:31:10', 'd22ee55c-5d1a-41a4-8c9d-2c16113e46e6', NULL, NULL, NULL, NULL, NULL, NULL, NULL, NULL, NULL, NULL, NULL, NULL, NULL, NULL, NULL, NULL),
(6, 6, 1, 'About Me', '2022-07-01 06:30:10', '2022-07-01 06:30:10', '413e1849-7f08-4c5d-968b-0dddac805880', NULL, NULL, NULL, NULL, NULL, NULL, NULL, NULL, NULL, NULL, NULL, NULL, NULL, NULL, NULL, NULL),
(7, 7, 1, 'About Me', '2022-07-01 06:30:57', '2022-07-01 06:30:57', '6494a877-f177-4c7f-8c2a-87201d51b11b', NULL, NULL, NULL, NULL, NULL, NULL, NULL, NULL, NULL, NULL, NULL, NULL, NULL, NULL, NULL, NULL),
(8, 8, 1, 'About Me', '2022-07-01 06:31:10', '2022-07-01 06:31:10', 'b3e86f70-122f-4c60-ae0f-fc0f9d172e49', NULL, NULL, NULL, NULL, NULL, NULL, NULL, NULL, NULL, NULL, NULL, NULL, NULL, NULL, NULL, NULL),
(9, 9, 1, 'ber mich', '2022-07-01 06:31:37', '2022-07-01 06:31:37', '537d75de-a2e6-4519-afb9-fd5d399b623e', NULL, NULL, NULL, NULL, NULL, NULL, NULL, NULL, NULL, NULL, NULL, NULL, NULL, NULL, NULL, NULL),
(11, 11, 1, 'ber mich', '2022-07-01 06:39:07', '2022-07-01 06:39:07', 'd6f313ea-0a42-4ec1-8300-00264f9d2ba5', NULL, NULL, NULL, NULL, NULL, NULL, NULL, NULL, NULL, NULL, NULL, NULL, NULL, NULL, NULL, NULL),
(12, 12, 1, 'ber mich', '2022-07-01 06:39:25', '2022-07-01 06:39:29', 'e1b2e2e6-7420-465b-a6ea-5063080a37ea', NULL, NULL, NULL, NULL, NULL, NULL, NULL, NULL, NULL, NULL, NULL, NULL, NULL, NULL, NULL, NULL),
(13, 13, 1, NULL, '2022-07-11 14:23:24', '2022-07-24 20:03:17', 'b14c64db-75c4-4735-812b-8ecef8df1770', NULL, NULL, NULL, NULL, NULL, NULL, NULL, NULL, NULL, NULL, NULL, NULL, NULL, NULL, NULL, NULL),
(14, 14, 1, 'ber mich', '2022-07-11 14:33:12', '2022-07-24 19:59:14', '8f4137df-f7b0-4c72-87d7-ec424d65c99f', 'Diese Seite berichtet ber mich', '<h2>Hallo! You\'re not the only one facing a challenging, stressful housing market.</h2>\n<p>Lorem, ipsum dolor sit amet consectetur adipisicing elit. Recusandae cum delectus amet cupiditate minima alias velit enim aliquam deserunt sequi dolorem possimus quia eaque mollitia, labore nulla voluptates reprehenderit iste!</p>\n<p>Lorem ipsum dolor sit amet, consectetur adipisicing elit. Itaque eaque officia dolor ad adipisci amet sunt eligendi omnis incidunt, ea, illo, reiciendis assumenda! Quidem molestias ab dolorem dolore placeat quo?</p>\n<h2>But it can be done!</h2>\n<p>Lorem, ipsum dolor sit amet consectetur adipisicing elit. Voluptatem magnam dolor rem quaerat accusamus, tempore eos veniam culpa perferendis exercitationem qui. Sequi, ut laborum debitis atque aperiam voluptatibus nam molestiae!</p>\n<blockquote><p>Olivia was able to find a home for me in a short amount of time. I was able to get a job and a place to live. I am so grateful to her for all of her hard work and dedication.</p></blockquote>\n<figure><img src=\"{asset:362:transform:contentImage||http://voi-entspannt.test/assets/images/_contentImage/placeholder.png}\" alt=\"Thats me\" /><figcaption>Das ist ein Bild von mir</figcaption></figure>\n<h2>Working with Me</h2>\n<p>Lorem ipsum dolor sit amet consectetur adipisicing elit. Praesentium, harum placeat maiores quidem aperiam reprehenderit repellat, necessitatibus nulla iure alias quibusdam asperiores architecto quos ad consectetur incidunt labore doloribus. Fuga.</p>\n<p>Lorem ipsum dolor sit amet consectetur adipisicing elit. Itaque quis rerum minus dolorum aut, harum tenetur error vitae quo fuga sed laudantium fugiat ducimus eaque quos placeat dolor accusantium deleniti!</p>\n<h2>Let\'s Work Together</h2>\n<p>Contact me via phone, email, or social media to schedule a time to talk about your next home purchase.</p>\n<p><a href=\"tel:+12025550199\">+1 (202) 555-0199</a><br /><a href=\"mailto:olivia@gmail.com\">olivia@gmail.com</a></p>', NULL, NULL, NULL, NULL, NULL, NULL, NULL, NULL, NULL, NULL, NULL, NULL, 'Voi Entspannt | Christoph Reiter ber mich', 'Voi Entrspannt | Christoph Reiter Hier erzhle ich etwas ber mich'),
(18, 19, 1, 'Arrow prev', '2022-07-11 14:49:49', '2022-07-11 15:01:26', '8288ce4f-8e12-46ca-8a62-f62f78308597', NULL, NULL, NULL, NULL, NULL, NULL, NULL, NULL, NULL, NULL, NULL, NULL, NULL, NULL, NULL, NULL),
(21, 22, 1, 'Arrow prev', '2022-07-11 15:01:01', '2022-07-11 15:01:01', 'd7ebd2e8-963a-4540-b429-cfa2cb8e4477', NULL, NULL, NULL, NULL, NULL, NULL, NULL, NULL, NULL, NULL, NULL, NULL, NULL, NULL, NULL, NULL),
(29, 31, 1, 'Bild', '2022-07-12 09:56:56', '2022-07-12 09:56:56', 'bfcc8451-9316-41f1-b476-951a496f356f', NULL, NULL, NULL, NULL, NULL, NULL, NULL, NULL, NULL, NULL, NULL, NULL, NULL, NULL, NULL, NULL),
(45, 118, 1, 'Me', '2022-07-13 07:08:41', '2022-07-13 07:08:41', '78470ad2-d434-4596-bf08-37cb8d7e965c', NULL, NULL, NULL, NULL, NULL, NULL, NULL, NULL, NULL, NULL, NULL, NULL, NULL, NULL, NULL, NULL),
(64, 260, 1, '404 Error', '2022-07-13 09:30:27', '2022-07-13 09:30:47', '91f5b2a5-90c1-40b2-8283-9ce870ed573c', NULL, NULL, NULL, NULL, NULL, NULL, NULL, NULL, NULL, NULL, NULL, NULL, NULL, NULL, NULL, NULL),
(65, 261, 1, '404 Error', '2022-07-13 09:30:47', '2022-07-13 09:30:47', '37f4fb57-d88f-48ba-ab85-493a1b522ead', NULL, NULL, NULL, NULL, NULL, NULL, NULL, NULL, NULL, NULL, NULL, NULL, NULL, NULL, NULL, NULL),
(67, 267, 1, 'Gutschein', '2022-07-13 13:48:07', '2022-07-13 13:48:07', 'd7c8eaf0-15e7-4fe9-91d7-c0803a9ae3b5', NULL, NULL, NULL, NULL, NULL, NULL, NULL, NULL, NULL, NULL, NULL, NULL, NULL, NULL, NULL, NULL),
(71, 283, 1, 'Test Contact', '2022-07-14 11:16:26', '2022-07-14 11:39:54', '3a3e3514-0050-4ba9-afe0-4a48a6c3ea52', NULL, '<p>Hi Kontaktiere mich</p>', NULL, NULL, NULL, NULL, NULL, NULL, 'https://www.facebook.com/samuelreichoer', NULL, NULL, NULL, NULL, NULL, NULL, NULL),
(72, 284, 1, 'Contact', '2022-07-14 11:16:27', '2022-07-14 11:16:27', '7933e5b6-8281-492c-9347-cc2582cc4503', NULL, NULL, NULL, NULL, NULL, NULL, NULL, NULL, NULL, NULL, NULL, NULL, NULL, NULL, NULL, NULL),
(73, 285, 1, 'Contact', '2022-07-14 11:16:27', '2022-07-14 11:16:27', 'dae54e69-5ffb-4ccc-b54c-624f1d284d19', NULL, NULL, NULL, NULL, NULL, NULL, NULL, NULL, NULL, NULL, NULL, NULL, NULL, NULL, NULL, NULL),
(74, 286, 1, 'Contact', '2022-07-14 11:17:28', '2022-07-14 11:17:28', '85ed75ac-b735-433b-ac22-e18788ecbb2e', NULL, NULL, NULL, NULL, NULL, NULL, NULL, NULL, NULL, NULL, NULL, NULL, NULL, NULL, NULL, NULL),
(76, 288, 1, 'Test Contact', '2022-07-14 11:18:23', '2022-07-14 11:18:23', '363e412b-9bc2-4b49-9239-7764ba1c3d42', NULL, '<p>Hi Kontaktiere mich</p>', NULL, NULL, NULL, NULL, NULL, NULL, 'https://www.facebook.com/samuelreichoer', NULL, NULL, NULL, NULL, NULL, NULL, NULL),
(84, 324, 1, NULL, '2022-07-14 16:45:25', '2022-07-19 08:53:19', '185eb147-cc8f-4b26-b7b3-e9939e21ce1b', NULL, NULL, NULL, NULL, NULL, NULL, NULL, 'https://instagram.com', 'https://facebook.com', 'http://youtube.com', NULL, NULL, 'christoph@voi-entspannt.at', '06639483874', NULL, NULL),
(99, 362, 1, 'Placeholder', '2022-07-18 06:32:53', '2022-07-18 06:32:53', '7dcab0fd-9532-4f5b-9942-96c407bfb69c', NULL, NULL, NULL, NULL, NULL, NULL, NULL, NULL, NULL, NULL, NULL, NULL, NULL, NULL, NULL, NULL),
(114, 387, 1, 'Gutscheine', '2022-07-18 08:01:04', '2022-07-19 12:19:07', 'acbe2ee9-6120-4e5f-bef2-351acc4d198d', 'Gutscheine', '<p>Gutscheine</p>', NULL, NULL, NULL, NULL, NULL, NULL, NULL, NULL, NULL, NULL, NULL, NULL, 'Voi Entspannt | Gutscheine von deinem Masseur aus Linz', 'Voi Entspannt | Als der top ausgebildeter und erfahrener Masseur biete ich Gutscheine fr Einheiten bei mir an. Jetzt kaufen.'),
(115, 388, 1, 'Gutscheine', '2022-07-18 08:01:04', '2022-07-18 08:01:04', 'b4aa26a2-75de-4fcb-939c-a2857b01a416', NULL, NULL, NULL, NULL, NULL, NULL, NULL, NULL, NULL, NULL, NULL, NULL, NULL, NULL, NULL, NULL),
(116, 389, 1, 'Gutscheine', '2022-07-18 08:01:36', '2022-07-18 08:01:36', '0b3fed32-c58a-4489-812d-c6d0d6dfb9ab', NULL, NULL, NULL, NULL, NULL, NULL, NULL, NULL, NULL, NULL, NULL, NULL, NULL, NULL, NULL, NULL),
(118, 391, 1, 'Gutscheine', '2022-07-18 08:02:13', '2022-07-18 08:02:13', 'a16d4519-9594-447f-8ca0-09642cb7a218', 'Gutscheine', '<p>Gutscheine</p>', NULL, NULL, NULL, NULL, NULL, NULL, NULL, NULL, NULL, NULL, NULL, NULL, NULL, NULL),
(120, 394, 1, 'ber mich', '2022-07-18 08:03:48', '2022-07-18 08:03:48', '2a8a395a-86cb-44d9-94bd-8fe481a38ad2', 'Diese Seite berichtet ber mich', '<h2>Hallo! You\'re not the only one facing a challenging, stressful housing market.</h2>\n<p>Lorem, ipsum dolor sit amet consectetur adipisicing elit. Recusandae cum delectus amet cupiditate minima alias velit enim aliquam deserunt sequi dolorem possimus quia eaque mollitia, labore nulla voluptates reprehenderit iste!</p>\n<p>Lorem ipsum dolor sit amet, consectetur adipisicing elit. Itaque eaque officia dolor ad adipisci amet sunt eligendi omnis incidunt, ea, illo, reiciendis assumenda! Quidem molestias ab dolorem dolore placeat quo?</p>\n<h2>But it can be done!</h2>\n<p>Lorem, ipsum dolor sit amet consectetur adipisicing elit. Voluptatem magnam dolor rem quaerat accusamus, tempore eos veniam culpa perferendis exercitationem qui. Sequi, ut laborum debitis atque aperiam voluptatibus nam molestiae!</p>\n<blockquote><p>Olivia was able to find a home for me in a short amount of time. I was able to get a job and a place to live. I am so grateful to her for all of her hard work and dedication.</p></blockquote><figure><img src=\"{asset:362:url||http://voi-entspannt.test/assets/images/placeholder.png}\" alt=\"Thats me\" /><figcaption>Das ist ein Bild von mir</figcaption></figure>\n\n<h2>Working with Me</h2>\n<p>Lorem ipsum dolor sit amet consectetur adipisicing elit. Praesentium, harum placeat maiores quidem aperiam reprehenderit repellat, necessitatibus nulla iure alias quibusdam asperiores architecto quos ad consectetur incidunt labore doloribus. Fuga.</p>\n<p>Lorem ipsum dolor sit amet consectetur adipisicing elit. Itaque quis rerum minus dolorum aut, harum tenetur error vitae quo fuga sed laudantium fugiat ducimus eaque quos placeat dolor accusantium deleniti!</p>\n<h2>Let\'s Work Together</h2>\n<p>Contact me via phone, email, or social media to schedule a time to talk about your next home purchase.</p>\n<p><a href=\"tel:+12025550199\">+1 (202) 555-0199</a><br /><a href=\"mailto:olivia@gmail.com\">olivia@gmail.com</a></p>', NULL, NULL, NULL, NULL, NULL, NULL, NULL, NULL, NULL, NULL, NULL, NULL, NULL, NULL),
(121, 395, 1, 'Kontakt', '2022-07-18 08:06:46', '2022-07-19 12:26:22', 'e7ea8504-d846-4007-839e-f6044595233c', NULL, NULL, NULL, NULL, NULL, NULL, NULL, NULL, NULL, NULL, NULL, NULL, NULL, NULL, 'Voi Entspannt | Christoph Reiter Kontaktfeld', 'Voi Entspannt | Christoph Reiter Massagen - Therapie online Termine buchen.'),
(124, 398, 1, 'Kontakt', '2022-07-18 08:07:17', '2022-07-18 08:07:17', '1fe49cd3-59d4-42d8-9923-5eb9c8aaf276', NULL, NULL, NULL, NULL, NULL, NULL, NULL, NULL, NULL, NULL, NULL, NULL, NULL, NULL, NULL, NULL),
(125, 399, 1, 'Kontakt', '2022-07-18 08:07:30', '2022-07-18 08:07:30', 'a6a41c49-9d03-4ec7-a23e-c7f6b50bd097', NULL, NULL, NULL, NULL, NULL, NULL, NULL, NULL, NULL, NULL, NULL, NULL, NULL, NULL, NULL, NULL),
(126, 401, 1, NULL, '2022-07-18 08:23:29', '2022-07-18 08:58:06', 'd4374235-8dee-4648-9705-9e8210d436e1', NULL, NULL, NULL, NULL, NULL, NULL, NULL, NULL, NULL, NULL, '<p>Test 1</p>', 'Kontaktier mi jetz', 'christoph@voi-entspannt.at', '+43 650 2219027', NULL, NULL),
(128, 408, 1, 'Meine Leistungen', '2022-07-18 09:00:30', '2022-07-25 14:51:17', '7d7f6c35-266d-4c4b-922e-9fc70d9a830e', 'Meine Leistungen', '<h2>Hallo! You\'re not the only one facing a challenging, stressful housing market.</h2>\n<p>Lorem, ipsum dolor sit amet consectetur adipisicing elit. Recusandae cum delectus amet cupiditate minima alias velit enim aliquam deserunt sequi dolorem possimus quia eaque mollitia, labore nulla voluptates reprehenderit iste!</p>\n<p>Lorem ipsum dolor sit amet, consectetur adipisicing elit. Itaque eaque officia dolor ad adipisci amet sunt eligendi omnis incidunt, ea, illo, reiciendis assumenda! Quidem molestias ab dolorem dolore placeat quo?</p>\n<h2>But it can be done!</h2>\n<p>Lorem, ipsum dolor sit amet consectetur adipisicing elit. Voluptatem magnam dolor rem quaerat accusamus, tempore eos veniam culpa perferendis exercitationem qui. Sequi, ut laborum debitis atque aperiam voluptatibus nam molestiae!</p>\n<blockquote><p>Olivia was able to find a home for me in a short amount of time. I was able to get a job and a place to live. I am so grateful to her for all of her hard work and dedication.</p></blockquote>\n<figure style=\"margin:0px 0px 1em;padding:0px;border:0px;font-style:normal;font-weight:400;font-size:16px;line-height:inherit;font-family:\'system-ui\';\"><img src=\"{asset:362:transform:contentImage||http://voi-entspannt.test/assets/images/_contentImage/placeholder.png}\" alt=\"Thats me\" /><figcaption style=\"margin:0px;padding:0px;border:0px;font-style:italic;font-variant:inherit;font-weight:inherit;font-size:12px;line-height:inherit;font-family:inherit;vertical-align:baseline;text-align:left;\">Das ist ein Bild von mir</figcaption></figure>\n<h2>Working with Me</h2>\n\n<p>Lorem ipsum dolor sit amet consectetur adipisicing elit. Praesentium, harum placeat maiores quidem aperiam reprehenderit repellat, necessitatibus nulla iure alias quibusdam asperiores architecto quos ad consectetur incidunt labore doloribus. Fuga.</p>\n<p>Lorem ipsum dolor sit amet consectetur adipisicing elit. Itaque quis rerum minus dolorum aut, harum tenetur error vitae quo fuga sed laudantium fugiat ducimus eaque quos placeat dolor accusantium deleniti!</p>\n<h2>Let\'s Work Together</h2>\n<p>Contact me via phone, email, or social media to schedule a time to talk about your next home purchase.</p>\n<p><a href=\"tel:+12025550199\">+1 (202) 555-0199</a><br /><a href=\"mailto:olivia@gmail.com\">olivia@gmail.com</a></p>\n<p>Test</p>', NULL, NULL, NULL, NULL, NULL, NULL, NULL, NULL, NULL, NULL, NULL, NULL, 'Voi Entspannt | Christoph Reiter Meine Leistungen', 'Voi Entspannt | Christoph Reiter Massage Therapie in Linz bei Ihnen zuhause'),
(146, 486, 1, NULL, '2022-07-18 11:09:58', '2022-07-18 11:10:35', '3ab198cf-fdb9-435c-8d71-9f8802efe809', NULL, NULL, NULL, NULL, NULL, NULL, '<h2>Gutschein Test</h2>\n<p>Paragraph</p>', NULL, NULL, NULL, NULL, NULL, NULL, NULL, NULL, NULL),
(150, 548, 1, 'Home', '2022-07-19 07:38:04', '2022-07-19 07:38:04', 'fc1fbf97-1adf-489a-943d-717f63d6dd4e', 'Jetzt Massage bei dir zuhause buchen', '<p>Testing consetetur sadipscing elitr, sed diam nonumy eirmod tempor invidunt ut labore et dolore magna aliquyam erat, sed diam voluptua. At vero</p>', 'Preise Test', 'Testing Lorem ipsum dolor sit amet', 'Meine Leistungen', '<h2>Hey das ist ein Test</h2>\n<p>consetetur sadipscing elitr, sed diam nonumy eirmod tempor invidunt ut labore et dolore magna aliquyam erat, sed diam voluptua. At vero eos et accusam et justo duo dolores et ea rebum. Stet clita kasd gubergren, no sea takimata sanctus est Lorem ipsum dolor sit amet. Lorem ipsum dolor sit amet, consetetur sadipscing elitr, sed diam nonumy eirmod tempor invidunt ut labore et dolore magna aliquyam erat, sed diam voluptua. At vero</p>', '<h2>Gutscheine</h2>\n<p>Lorem ipsum dolor sit amet, consetetur sadipscing elitr, sed diam nonumy eirmod tempor invidunt ut labore et dolore magna aliquyam erat, sed diam voluptua. At vero eos et accusam et justo duo dolores et ea rebum. Stet clita kasd gubergren, no sea takimata sanctus est Lorem ipsum dolor sit amet. Lorem ipsum dolor sit amet, consetetur sadipscing elitr, sed diam nonumy eirmod tempor </p>', NULL, NULL, NULL, NULL, NULL, NULL, NULL, NULL, NULL),
(151, 558, 1, 'Impressum', '2022-07-19 08:42:39', '2022-07-19 08:51:50', 'e36085ff-369f-4878-be55-5c8d822362aa', NULL, '<h1>Impressum</h1>\n<p><strong>Informationspflicht laut 5 E-Commerce Gesetz, 14 Unternehmensgesetzbuch, 63 Gewerbeordnung und Offenlegungspflicht laut 25 Mediengesetz</strong></p>\n<h4>Haftungsausschluss</h4>\n<p>Dieser Haftungsausschluss ist als Teil des Internetangebotes zu betrachten, von dem aus auf diese Webseite verwiesen wurde. Sofern Teile oder einzelne Formulierungen dieses Textes der geltenden Rechtslage nicht, nicht mehr oder nicht vollstndig entsprechen sollten, bleiben die brigen Teile des Dokumentes in ihrem Inhalt und ihrer Gltigkeit davon unberhrt.</p>\n<h4>Haftung fr Inhalte dieser Webseite</h4>\n<p>Die Inhalte unserer Seiten wurden mit grter Sorgfalt erstellt. Fr die Richtigkeit, Vollstndigkeit und Aktualitt der Inhalte knnen wir jedoch keine Gewhr bernehmen. Als Diensteanbieter sind wir fr eigene Inhalte auf diesen Seiten nach den allgemeinen Gesetzen verantwortlich. Wir sind jedoch nicht verpflichtet, bermittelte oder gespeicherte fremde Informationen zu berwachen oder nach Umstnden zu forschen, die auf eine rechtswidrige Ttigkeit hinweisen. Verpflichtungen zur Entfernung oder Sperrung der Nutzung von Informationen nach den allgemeinen Gesetzen bleiben hiervon unberhrt. Eine diesbezgliche Haftung ist jedoch erst ab dem Zeitpunkt der Kenntnis einer konkreten Rechtsverletzung mglich. Bei Bekanntwerden von entsprechenden Rechtsverletzungen werden wir diese Inhalte umgehend entfernen.</p>\n<h4>Haftung fr Links auf Webseiten Dritter</h4>\n<p>Unser Angebot enthlt Links zu externen Websites. Auf den Inhalt dieser externen Webseiten haben wir keinerlei Einfluss. Deshalb knnen wir fr diese fremden Inhalte auch keine Gewhr bernehmen. Fr die Inhalte der verlinkten Seiten ist stets der jeweilige Anbieter oder Betreiber der Seiten verantwortlich. Die verlinkten Seiten wurden zum Zeitpunkt der Verlinkung auf mgliche Rechtsverste berprft. Rechtswidrige Inhalte waren zum Zeitpunkt der Verlinkung nicht erkennbar. Eine permanente inhaltliche Kontrolle der verlinkten Seiten ist jedoch ohne konkrete Anhaltspunkte einer Rechtsverletzung nicht zumutbar. Bei Bekanntwerden von Rechtsverletzungen werden wir derartige Links umgehend entfernen.</p>\n<h4>Urheberrecht</h4>\n<p>Die Betreiber dieser Webseite sind bemht, stets die Urheberrechte anderer zu beachten bzw. auf selbst erstellte sowie lizenzfreie Werke zurckzugreifen. Die durch die Seitenbetreiber erstellten Inhalte und Werke auf dieser Webseite unterliegen dem Urheberrecht. Beitrge Dritter sind als solche gekennzeichnet. Die Vervielfltigung, Bearbeitung, Verbreitung und jede Art der Verwertung auerhalb der Grenzen des Urheberrechtes bedrfen der schriftlichen Zustimmung des jeweiligen Autors bzw. Erstellers. Downloads und Kopien dieser Seite sind nur fr den privaten, nicht kommerziellen Gebrauch gestattet.</p>\n<h4>Datenschutzerklrung</h4>\n<p>Wir legen groen Wert auf den Schutz Ihrer Daten. Um Sie in vollem Umfang ber die Verwendung personenbezogener Daten zu informieren, bitten wir Sie die folgenden Datenschutzhinweise zur Kenntnis zu nehmen.</p>\n<h4>Persnliche Daten</h4>\n<p>Persnliche Daten, die Sie auf dieser Website elektronisch bermitteln, wie zum Beispiel Name, E-Mail-Adresse, Adresse oder andere persnlichen Angaben, werden von uns nur zum jeweils angegebenen Zweck verwendet, sicher verwahrt und nicht an Dritte weitergegeben. Der Provider erhebt und speichert automatisch Informationen am Webserver wie verwendeter Browser, Betriebssystem, Verweisseite, IP-Adresse, Uhrzeit des Zugriffs usw. Diese Daten knnen ohne Prfung weiterer Datenquellen keinen bestimmten Personen zugeordnet werden und wir werten diese Daten auch nicht weiter aus solange keine rechtswidrige Nutzung unserer Webseite vorliegt.</p>\n<h4>Formulardaten und Kommentare</h4>\n<p>Wenn Webseitenbesucher Kommentare oder Formulareintrge hinterlassen, werden die eingegebenen Daten und ihre IP-Adressen gespeichert. Das erfolgt zur Sicherheit, falls jemand widerrechtliche Inhalte verfasst (Beleidigungen, links- oder rechtsextreme Propaganda, Hasspostings usw.). In diesem Fall sind wir an der Identitt des Verfassers interessiert.</p>\n<h4>Cookies</h4>\n<p>Cookies sind kleine Dateien, die es dieser Webseite ermglichen auf dem Computer des Besuchers spezifische, auf den Nutzer bezogene Informationen zu speichern, whrend unsere Website besucht wird. Cookies helfen uns dabei, die Nutzungshufigkeit und die Anzahl der Nutzer unserer Internetseiten zu ermitteln, sowie unsere Angebote fr Sie komfortabel und effizient zu gestalten. Wir verwenden einerseits Session-Cookies, die ausschlielich fr die Dauer Ihrer Nutzung unserer Website zwischengespeichert werden und zum anderen permanente Cookies, um Informationen ber Besucher festzuhalten, die wiederholt auf unsere Website zugreifen. Der Zweck des Einsatzes dieser Cookies besteht darin, eine optimale Benutzerfhrung anbieten zu knnen sowie Besucher wiederzuerkennen und bei wiederholter Nutzung eine mglichst attraktive Website und interessante Inhalte prsentieren zu knnen. Der Inhalt eines permanenten Cookies beschrnkt sich auf eine Identifikationsnummer. Name, IP-Adresse usw. werden nicht gespeichert. Eine Einzelprofilbildung ber Ihr Nutzungsverhalten findet nicht statt. Eine Nutzung unserer Angebote ist auch ohne Cookies mglich. Sie knnen in Ihrem Browser das Speichern von Cookies deaktivieren, auf bestimmte Webseiten beschrnken oder Ihren Webbrowser (Chrome, IE, Firefox,) so einstellen, dass er sie benachrichtigt, sobald ein Cookie gesendet wird. Sie knnen Cookies auch jederzeit von der Festplatte ihres PC lschen. Bitte beachten Sie aber, dass Sie in diesem Fall mit einer eingeschrnkten Darstellung der Seite und mit einer eingeschrnkten Benutzerfhrung rechnen mssen.</p>\n<h4>Datenschutzerklrung fr Google Analytics</h4>\n<p>Diese Website benutzt Google Analytics, einen Webanalysedienst der Google Inc. (Google). Google Analytics verwendet sog. Cookies, Textdateien, die auf Ihrem Computer gespeichert werden und die eine Analyse der Benutzung der Website durch Sie ermglichen. Die durch den Cookie erzeugten Informationen ber Ihre Benutzung dieser Website werden in der Regel an einen Server von Google in den USA bertragen und dort gespeichert. Im Falle der Aktivierung der IP-Anonymisierung auf dieser Webseite, wird Ihre IP-Adresse von Google jedoch innerhalb von Mitgliedstaaten der Europischen Union oder in anderen Vertragsstaaten des Abkommens ber den Europischen Wirtschaftsraum zuvor gekrzt. Nur in Ausnahmefllen wird die volle IP-Adresse an einen Server von Google in den USA bertragen und dort gekrzt. Im Auftrag des Betreibers dieser Website wird Google diese Informationen benutzen, um Ihre Nutzung der Website auszuwerten, um Reports ber die Websiteaktivitten zusammenzustellen und um weitere mit der Websitenutzung und der Internetnutzung verbundene Dienstleistungen gegenber dem Websitebetreiber zu erbringen. Die im Rahmen von Google Analytics von Ihrem Browser bermittelte IP-Adresse wird nicht mit anderen Daten von Google zusammengefhrt. Sie knnen die Speicherung der Cookies durch eine entsprechende Einstellung Ihrer Browser-Software verhindern; wir weisen Sie jedoch darauf hin, dass Sie in diesem Fall gegebenenfalls nicht smtliche Funktionen dieser Website vollumfnglich werden nutzen knnen. Sie knnen darber hinaus die Erfassung der durch das Cookie erzeugten und auf Ihre Nutzung der Website bezogenen Daten (inkl. Ihrer IP-Adresse) an Google sowie die Verarbeitung dieser Daten durch Google verhindern, indem sie das unter dem folgenden Link (<a href=\"http://tools.google.com/dlpage/gaoptout?hl=de\">http://tools.google.com/dlpage/gaoptout?hl=de</a>) verfgbare Browser-Plugin herunterladen und installieren. Nhere Informationen zu Nutzungsbedingungen und Datenschutz finden Sie unter <a href=\"http://www.google.com/analytics/terms/de.html\">http://www.google.com/analytics/terms/de.html</a> bzw. unter <a href=\"https://support.google.com/analytics/answer/6004245?hl=de\">https://support.google.com/analytics/answer/6004245?hl=de</a>. Wir weisen Sie darauf hin, dass auf dieser Webseite Google Analytics um den Code gat._anonymizeIp(); erweitert wurde, um eine anonymisierte Erfassung von IP-Adressen (sog. IP-Masking) zu gewhrleisten.</p>\n<h4>Datenschutzerklrung fr die Nutzung von Facebook</h4>\n<p>Auf unseren Seiten sind Plugins des sozialen Netzwerks Facebook, 1601 South California Avenue, Palo Alto, CA 94304, USA integriert. Die Facebook-Plugins erkennen Sie an dem Facebook-Logo oder dem Like-Button (Gefllt mir) auf unserer Seite. Eine bersicht ber die Facebook-Plugins finden Sie hier: <a href=\"https://developers.facebook.com/docs/plugins/\">https://developers.facebook.com/docs/plugins/</a>. Wenn Sie unsere Seiten besuchen, wird ber das Plugin eine direkte Verbindung zwischen Ihrem Browser und dem Facebook-Server hergestellt. Facebook erhlt dadurch die Information, dass Sie mit Ihrer IP-Adresse unsere Seite besucht haben. Wenn Sie den Facebook Like-Button anklicken whrend Sie in Ihrem Facebook-Account eingeloggt sind, knnen Sie die Inhalte unserer Seiten auf Ihrem Facebook-Profil verlinken. Dadurch kann Facebook den Besuch unserer Seiten Ihrem Benutzerkonto zuordnen. Wir weisen darauf hin, dass wir als Anbieter der Seiten keine Kenntnis vom Inhalt der bermittelten Daten sowie deren Nutzung durch Facebook erhalten. Weitere Informationen hierzu finden Sie in der Datenschutzerklrung von Facebook unter <a href=\"https://www.facebook.com/policy.php\">https://www.facebook.com/policy.php</a> Wenn Sie nicht wnschen, dass Facebook den Besuch unserer Seiten Ihrem Facebook- Nutzerkonto zuordnen kann, loggen Sie sich bitte aus Ihrem Facebook-Benutzerkonto aus.</p>\n<h4>Datenschutzerklrung fr die Nutzung von Twitter</h4>\n<p>Auf unserer Webseite sind Funktionen des Dienstes Twitter eingebunden. Diese Funktionen werden durch die Twitter Inc., Twitter, Inc. 1355 Market St, Suite 900, San Francisco, CA 94103, USA angeboten. Durch das Benutzen von Twitter und den Funktionen der Twitter-Buttons, werden die von Ihnen besuchten Webseiten mit Ihrem Twitter-Account verknpft und anderen Nutzern bekannt gegeben. Dabei werden auch Daten an Twitter bertragen. Wir weisen darauf hin, dass wir als Anbieter der Webseite keine Kenntnis vom Inhalt der bermittelten Daten sowie deren Nutzung durch Twitter erhalten. Weitere Informationen hierzu finden Sie in der Datenschutzrichtline von Twitter unter <a href=\"https://twitter.com/privacy?lang=de\">https://twitter.com/privacy?lang=de</a>. Ihre Datenschutzeinstellungen bei Twitter knnen Sie in den Konto- Einstellungen unter <a href=\"https://twitter.com/settings/account\">https://twitter.com/settings/a...</a> ndern.</p>\n<h4>Datenschutzerklrung fr die Nutzung von Instagram</h4>\n<p>Auf unserer Webseite sind Funktionen des Dienstes Instagram eingebunden. Diese Funktionen werden angeboten durch die Instagram Inc., 1601 Willow Road, Menlo Park, CA, 94025, USA integriert. Wenn Sie in Ihren Instagram-Account eingeloggt sind, knnen Sie durch Anklicken des Instagram-Buttons die Inhalte unserer Seiten mit Ihrem Instagram-Profil verlinken. Dadurch kann Instagram den Besuch unserer Seiten Ihrem Benutzerkonto zuordnen. Wir weisen darauf hin, dass wir als Anbieter der Seiten keine Kenntnis vom Inhalt der bermittelten Daten sowie deren Nutzung durch Instagram erhalten. Weitere Informationen hierzu finden Sie in der Datenschutzerklrung von Instagram auf <a href=\"https://www.instagram.com/about/legal/privacy/\">https://www.instagram.com/abou...</a>.</p>\n<h4>Auskunftsrecht</h4>\n<p>Sie haben jederzeit das Recht auf Auskunft ber die bezglich Ihrer Person gespeicherten Daten, deren Herkunft und Empfnger sowie den Zweck der Speicherung</p>', NULL, NULL, NULL, NULL, NULL, NULL, NULL, NULL, NULL, NULL, NULL, NULL, NULL, NULL),
(153, 560, 1, 'Impressum', '2022-07-19 08:43:14', '2022-07-19 08:43:14', '5c66987f-2d49-4236-ab2f-c0e651d100c0', NULL, NULL, NULL, NULL, NULL, NULL, NULL, NULL, NULL, NULL, NULL, NULL, NULL, NULL, NULL, NULL),
(155, 562, 1, 'Impressum', '2022-07-19 08:44:47', '2022-07-19 08:44:47', 'f67dcf8b-52b1-48d7-868b-211b1787b1c9', NULL, '<h1>Impressum</h1>\n<p><strong>Informationspflicht laut 5 E-Commerce Gesetz, 14 Unternehmensgesetzbuch, 63 Gewerbeordnung und Offenlegungspflicht laut 25 Mediengesetz</strong></p>\n<h4>Haftungsausschluss</h4>\n<p>Dieser Haftungsausschluss ist als Teil des Internetangebotes zu betrachten, von dem aus auf diese Webseite verwiesen wurde. Sofern Teile oder einzelne Formulierungen dieses Textes der geltenden Rechtslage nicht, nicht mehr oder nicht vollstndig entsprechen sollten, bleiben die brigen Teile des Dokumentes in ihrem Inhalt und ihrer Gltigkeit davon unberhrt.</p>\n<h4>Haftung fr Inhalte dieser Webseite</h4>\n<p>Die Inhalte unserer Seiten wurden mit grter Sorgfalt erstellt. Fr die Richtigkeit, Vollstndigkeit und Aktualitt der Inhalte knnen wir jedoch keine Gewhr bernehmen. Als Diensteanbieter sind wir fr eigene Inhalte auf diesen Seiten nach den allgemeinen Gesetzen verantwortlich. Wir sind jedoch nicht verpflichtet, bermittelte oder gespeicherte fremde Informationen zu berwachen oder nach Umstnden zu forschen, die auf eine rechtswidrige Ttigkeit hinweisen. Verpflichtungen zur Entfernung oder Sperrung der Nutzung von Informationen nach den allgemeinen Gesetzen bleiben hiervon unberhrt. Eine diesbezgliche Haftung ist jedoch erst ab dem Zeitpunkt der Kenntnis einer konkreten Rechtsverletzung mglich. Bei Bekanntwerden von entsprechenden Rechtsverletzungen werden wir diese Inhalte umgehend entfernen.</p>\n<h4>Haftung fr Links auf Webseiten Dritter</h4>\n<p>Unser Angebot enthlt Links zu externen Websites. Auf den Inhalt dieser externen Webseiten haben wir keinerlei Einfluss. Deshalb knnen wir fr diese fremden Inhalte auch keine Gewhr bernehmen. Fr die Inhalte der verlinkten Seiten ist stets der jeweilige Anbieter oder Betreiber der Seiten verantwortlich. Die verlinkten Seiten wurden zum Zeitpunkt der Verlinkung auf mgliche Rechtsverste berprft. Rechtswidrige Inhalte waren zum Zeitpunkt der Verlinkung nicht erkennbar. Eine permanente inhaltliche Kontrolle der verlinkten Seiten ist jedoch ohne konkrete Anhaltspunkte einer Rechtsverletzung nicht zumutbar. Bei Bekanntwerden von Rechtsverletzungen werden wir derartige Links umgehend entfernen.</p>\n<h4>Urheberrecht</h4>\n<p>Die Betreiber dieser Webseite sind bemht, stets die Urheberrechte anderer zu beachten bzw. auf selbst erstellte sowie lizenzfreie Werke zurckzugreifen. Die durch die Seitenbetreiber erstellten Inhalte und Werke auf dieser Webseite unterliegen dem Urheberrecht. Beitrge Dritter sind als solche gekennzeichnet. Die Vervielfltigung, Bearbeitung, Verbreitung und jede Art der Verwertung auerhalb der Grenzen des Urheberrechtes bedrfen der schriftlichen Zustimmung des jeweiligen Autors bzw. Erstellers. Downloads und Kopien dieser Seite sind nur fr den privaten, nicht kommerziellen Gebrauch gestattet.</p>\n<h4>Datenschutzerklrung</h4>\n<p>Wir legen groen Wert auf den Schutz Ihrer Daten. Um Sie in vollem Umfang ber die Verwendung personenbezogener Daten zu informieren, bitten wir Sie die folgenden Datenschutzhinweise zur Kenntnis zu nehmen.</p>\n<h4>Persnliche Daten</h4>\n<p>Persnliche Daten, die Sie auf dieser Website elektronisch bermitteln, wie zum Beispiel Name, E-Mail-Adresse, Adresse oder andere persnlichen Angaben, werden von uns nur zum jeweils angegebenen Zweck verwendet, sicher verwahrt und nicht an Dritte weitergegeben. Der Provider erhebt und speichert automatisch Informationen am Webserver wie verwendeter Browser, Betriebssystem, Verweisseite, IP-Adresse, Uhrzeit des Zugriffs usw. Diese Daten knnen ohne Prfung weiterer Datenquellen keinen bestimmten Personen zugeordnet werden und wir werten diese Daten auch nicht weiter aus solange keine rechtswidrige Nutzung unserer Webseite vorliegt.</p>\n<h4>Formulardaten und Kommentare</h4>\n<p>Wenn Webseitenbesucher Kommentare oder Formulareintrge hinterlassen, werden die eingegebenen Daten und ihre IP-Adressen gespeichert. Das erfolgt zur Sicherheit, falls jemand widerrechtliche Inhalte verfasst (Beleidigungen, links- oder rechtsextreme Propaganda, Hasspostings usw.). In diesem Fall sind wir an der Identitt des Verfassers interessiert.</p>\n<h4>Cookies</h4>\n<p>Cookies sind kleine Dateien, die es dieser Webseite ermglichen auf dem Computer des Besuchers spezifische, auf den Nutzer bezogene Informationen zu speichern, whrend unsere Website besucht wird. Cookies helfen uns dabei, die Nutzungshufigkeit und die Anzahl der Nutzer unserer Internetseiten zu ermitteln, sowie unsere Angebote fr Sie komfortabel und effizient zu gestalten. Wir verwenden einerseits Session-Cookies, die ausschlielich fr die Dauer Ihrer Nutzung unserer Website zwischengespeichert werden und zum anderen permanente Cookies, um Informationen ber Besucher festzuhalten, die wiederholt auf unsere Website zugreifen. Der Zweck des Einsatzes dieser Cookies besteht darin, eine optimale Benutzerfhrung anbieten zu knnen sowie Besucher wiederzuerkennen und bei wiederholter Nutzung eine mglichst attraktive Website und interessante Inhalte prsentieren zu knnen. Der Inhalt eines permanenten Cookies beschrnkt sich auf eine Identifikationsnummer. Name, IP-Adresse usw. werden nicht gespeichert. Eine Einzelprofilbildung ber Ihr Nutzungsverhalten findet nicht statt. Eine Nutzung unserer Angebote ist auch ohne Cookies mglich. Sie knnen in Ihrem Browser das Speichern von Cookies deaktivieren, auf bestimmte Webseiten beschrnken oder Ihren Webbrowser (Chrome, IE, Firefox,) so einstellen, dass er sie benachrichtigt, sobald ein Cookie gesendet wird. Sie knnen Cookies auch jederzeit von der Festplatte ihres PC lschen. Bitte beachten Sie aber, dass Sie in diesem Fall mit einer eingeschrnkten Darstellung der Seite und mit einer eingeschrnkten Benutzerfhrung rechnen mssen.</p>\n<h4>Datenschutzerklrung fr Google Analytics</h4>\n<p>Diese Website benutzt Google Analytics, einen Webanalysedienst der Google Inc. (Google). Google Analytics verwendet sog. Cookies, Textdateien, die auf Ihrem Computer gespeichert werden und die eine Analyse der Benutzung der Website durch Sie ermglichen. Die durch den Cookie erzeugten Informationen ber Ihre Benutzung dieser Website werden in der Regel an einen Server von Google in den USA bertragen und dort gespeichert. Im Falle der Aktivierung der IP-Anonymisierung auf dieser Webseite, wird Ihre IP-Adresse von Google jedoch innerhalb von Mitgliedstaaten der Europischen Union oder in anderen Vertragsstaaten des Abkommens ber den Europischen Wirtschaftsraum zuvor gekrzt. Nur in Ausnahmefllen wird die volle IP-Adresse an einen Server von Google in den USA bertragen und dort gekrzt. Im Auftrag des Betreibers dieser Website wird Google diese Informationen benutzen, um Ihre Nutzung der Website auszuwerten, um Reports ber die Websiteaktivitten zusammenzustellen und um weitere mit der Websitenutzung und der Internetnutzung verbundene Dienstleistungen gegenber dem Websitebetreiber zu erbringen. Die im Rahmen von Google Analytics von Ihrem Browser bermittelte IP-Adresse wird nicht mit anderen Daten von Google zusammengefhrt. Sie knnen die Speicherung der Cookies durch eine entsprechende Einstellung Ihrer Browser-Software verhindern; wir weisen Sie jedoch darauf hin, dass Sie in diesem Fall gegebenenfalls nicht smtliche Funktionen dieser Website vollumfnglich werden nutzen knnen. Sie knnen darber hinaus die Erfassung der durch das Cookie erzeugten und auf Ihre Nutzung der Website bezogenen Daten (inkl. Ihrer IP-Adresse) an Google sowie die Verarbeitung dieser Daten durch Google verhindern, indem sie das unter dem folgenden Link (<a href=\"http://tools.google.com/dlpage/gaoptout?hl=de\">http://tools.google.com/dlpage/gaoptout?hl=de</a>) verfgbare Browser-Plugin herunterladen und installieren. Nhere Informationen zu Nutzungsbedingungen und Datenschutz finden Sie unter <a href=\"http://www.google.com/analytics/terms/de.html\">http://www.google.com/analytics/terms/de.html</a> bzw. unter <a href=\"https://support.google.com/analytics/answer/6004245?hl=de\">https://support.google.com/analytics/answer/6004245?hl=de</a>. Wir weisen Sie darauf hin, dass auf dieser Webseite Google Analytics um den Code gat._anonymizeIp(); erweitert wurde, um eine anonymisierte Erfassung von IP-Adressen (sog. IP-Masking) zu gewhrleisten.</p>\n<h4>Datenschutzerklrung fr die Nutzung von Facebook</h4>\n<p>Auf unseren Seiten sind Plugins des sozialen Netzwerks Facebook, 1601 South California Avenue, Palo Alto, CA 94304, USA integriert. Die Facebook-Plugins erkennen Sie an dem Facebook-Logo oder dem Like-Button (Gefllt mir) auf unserer Seite. Eine bersicht ber die Facebook-Plugins finden Sie hier: <a href=\"https://developers.facebook.com/docs/plugins/\">https://developers.facebook.com/docs/plugins/</a>. Wenn Sie unsere Seiten besuchen, wird ber das Plugin eine direkte Verbindung zwischen Ihrem Browser und dem Facebook-Server hergestellt. Facebook erhlt dadurch die Information, dass Sie mit Ihrer IP-Adresse unsere Seite besucht haben. Wenn Sie den Facebook Like-Button anklicken whrend Sie in Ihrem Facebook-Account eingeloggt sind, knnen Sie die Inhalte unserer Seiten auf Ihrem Facebook-Profil verlinken. Dadurch kann Facebook den Besuch unserer Seiten Ihrem Benutzerkonto zuordnen. Wir weisen darauf hin, dass wir als Anbieter der Seiten keine Kenntnis vom Inhalt der bermittelten Daten sowie deren Nutzung durch Facebook erhalten. Weitere Informationen hierzu finden Sie in der Datenschutzerklrung von Facebook unter <a href=\"https://www.facebook.com/policy.php\">https://www.facebook.com/policy.php</a> Wenn Sie nicht wnschen, dass Facebook den Besuch unserer Seiten Ihrem Facebook- Nutzerkonto zuordnen kann, loggen Sie sich bitte aus Ihrem Facebook-Benutzerkonto aus.</p>\n<h4>Datenschutzerklrung fr die Nutzung von Twitter</h4>\n<p>Auf unserer Webseite sind Funktionen des Dienstes Twitter eingebunden. Diese Funktionen werden durch die Twitter Inc., Twitter, Inc. 1355 Market St, Suite 900, San Francisco, CA 94103, USA angeboten. Durch das Benutzen von Twitter und den Funktionen der Twitter-Buttons, werden die von Ihnen besuchten Webseiten mit Ihrem Twitter-Account verknpft und anderen Nutzern bekannt gegeben. Dabei werden auch Daten an Twitter bertragen. Wir weisen darauf hin, dass wir als Anbieter der Webseite keine Kenntnis vom Inhalt der bermittelten Daten sowie deren Nutzung durch Twitter erhalten. Weitere Informationen hierzu finden Sie in der Datenschutzrichtline von Twitter unter <a href=\"https://twitter.com/privacy?lang=de\">https://twitter.com/privacy?lang=de</a>. Ihre Datenschutzeinstellungen bei Twitter knnen Sie in den Konto- Einstellungen unter <a href=\"https://twitter.com/settings/account\">https://twitter.com/settings/a...</a> ndern.</p>\n<h4>Datenschutzerklrung fr die Nutzung von Instagram</h4>\n<p>Auf unserer Webseite sind Funktionen des Dienstes Instagram eingebunden. Diese Funktionen werden angeboten durch die Instagram Inc., 1601 Willow Road, Menlo Park, CA, 94025, USA integriert. Wenn Sie in Ihren Instagram-Account eingeloggt sind, knnen Sie durch Anklicken des Instagram-Buttons die Inhalte unserer Seiten mit Ihrem Instagram-Profil verlinken. Dadurch kann Instagram den Besuch unserer Seiten Ihrem Benutzerkonto zuordnen. Wir weisen darauf hin, dass wir als Anbieter der Seiten keine Kenntnis vom Inhalt der bermittelten Daten sowie deren Nutzung durch Instagram erhalten. Weitere Informationen hierzu finden Sie in der Datenschutzerklrung von Instagram auf <a href=\"https://www.instagram.com/about/legal/privacy/\">https://www.instagram.com/abou...</a>.</p>\n<h4>Auskunftsrecht</h4>\n<p>Sie haben jederzeit das Recht auf Auskunft ber die bezglich Ihrer Person gespeicherten Daten, deren Herkunft und Empfnger sowie den Zweck der Speicherung</p>', NULL, NULL, NULL, NULL, NULL, NULL, NULL, NULL, NULL, NULL, NULL, NULL, NULL, NULL),
(156, 563, 1, 'Impressum', '2022-07-19 08:46:40', '2022-07-19 08:46:40', '52c535da-ee74-42c4-940c-fa8566f2e871', NULL, '<h1>Impressum</h1>\n<p><strong>Informationspflicht laut 5 E-Commerce Gesetz, 14 Unternehmensgesetzbuch, 63 Gewerbeordnung und Offenlegungspflicht laut 25 Mediengesetz</strong></p>\n<h4>Haftungsausschluss</h4>\n<p>Dieser Haftungsausschluss ist als Teil des Internetangebotes zu betrachten, von dem aus auf diese Webseite verwiesen wurde. Sofern Teile oder einzelne Formulierungen dieses Textes der geltenden Rechtslage nicht, nicht mehr oder nicht vollstndig entsprechen sollten, bleiben die brigen Teile des Dokumentes in ihrem Inhalt und ihrer Gltigkeit davon unberhrt.</p>\n<h4>Haftung fr Inhalte dieser Webseite</h4>\n<p>Die Inhalte unserer Seiten wurden mit grter Sorgfalt erstellt. Fr die Richtigkeit, Vollstndigkeit und Aktualitt der Inhalte knnen wir jedoch keine Gewhr bernehmen. Als Diensteanbieter sind wir fr eigene Inhalte auf diesen Seiten nach den allgemeinen Gesetzen verantwortlich. Wir sind jedoch nicht verpflichtet, bermittelte oder gespeicherte fremde Informationen zu berwachen oder nach Umstnden zu forschen, die auf eine rechtswidrige Ttigkeit hinweisen. Verpflichtungen zur Entfernung oder Sperrung der Nutzung von Informationen nach den allgemeinen Gesetzen bleiben hiervon unberhrt. Eine diesbezgliche Haftung ist jedoch erst ab dem Zeitpunkt der Kenntnis einer konkreten Rechtsverletzung mglich. Bei Bekanntwerden von entsprechenden Rechtsverletzungen werden wir diese Inhalte umgehend entfernen.</p>\n<h4>Haftung fr Links auf Webseiten Dritter</h4>\n<p>Unser Angebot enthlt Links zu externen Websites. Auf den Inhalt dieser externen Webseiten haben wir keinerlei Einfluss. Deshalb knnen wir fr diese fremden Inhalte auch keine Gewhr bernehmen. Fr die Inhalte der verlinkten Seiten ist stets der jeweilige Anbieter oder Betreiber der Seiten verantwortlich. Die verlinkten Seiten wurden zum Zeitpunkt der Verlinkung auf mgliche Rechtsverste berprft. Rechtswidrige Inhalte waren zum Zeitpunkt der Verlinkung nicht erkennbar. Eine permanente inhaltliche Kontrolle der verlinkten Seiten ist jedoch ohne konkrete Anhaltspunkte einer Rechtsverletzung nicht zumutbar. Bei Bekanntwerden von Rechtsverletzungen werden wir derartige Links umgehend entfernen.</p>\n<h4>Urheberrecht</h4>\n<p>Die Betreiber dieser Webseite sind bemht, stets die Urheberrechte anderer zu beachten bzw. auf selbst erstellte sowie lizenzfreie Werke zurckzugreifen. Die durch die Seitenbetreiber erstellten Inhalte und Werke auf dieser Webseite unterliegen dem Urheberrecht. Beitrge Dritter sind als solche gekennzeichnet. Die Vervielfltigung, Bearbeitung, Verbreitung und jede Art der Verwertung auerhalb der Grenzen des Urheberrechtes bedrfen der schriftlichen Zustimmung des jeweiligen Autors bzw. Erstellers. Downloads und Kopien dieser Seite sind nur fr den privaten, nicht kommerziellen Gebrauch gestattet.</p>\n<h4>Datenschutzerklrung</h4>\n<p>Wir legen groen Wert auf den Schutz Ihrer Daten. Um Sie in vollem Umfang ber die Verwendung personenbezogener Daten zu informieren, bitten wir Sie die folgenden Datenschutzhinweise zur Kenntnis zu nehmen.</p>\n<h4>Persnliche Daten</h4>\n<p>Persnliche Daten, die Sie auf dieser Website elektronisch bermitteln, wie zum Beispiel Name, E-Mail-Adresse, Adresse oder andere persnlichen Angaben, werden von uns nur zum jeweils angegebenen Zweck verwendet, sicher verwahrt und nicht an Dritte weitergegeben. Der Provider erhebt und speichert automatisch Informationen am Webserver wie verwendeter Browser, Betriebssystem, Verweisseite, IP-Adresse, Uhrzeit des Zugriffs usw. Diese Daten knnen ohne Prfung weiterer Datenquellen keinen bestimmten Personen zugeordnet werden und wir werten diese Daten auch nicht weiter aus solange keine rechtswidrige Nutzung unserer Webseite vorliegt.</p>\n<h4>Formulardaten und Kommentare</h4>\n<p>Wenn Webseitenbesucher Kommentare oder Formulareintrge hinterlassen, werden die eingegebenen Daten und ihre IP-Adressen gespeichert. Das erfolgt zur Sicherheit, falls jemand widerrechtliche Inhalte verfasst (Beleidigungen, links- oder rechtsextreme Propaganda, Hasspostings usw.). In diesem Fall sind wir an der Identitt des Verfassers interessiert.</p>\n<h4>Cookies</h4>\n<p>Cookies sind kleine Dateien, die es dieser Webseite ermglichen auf dem Computer des Besuchers spezifische, auf den Nutzer bezogene Informationen zu speichern, whrend unsere Website besucht wird. Cookies helfen uns dabei, die Nutzungshufigkeit und die Anzahl der Nutzer unserer Internetseiten zu ermitteln, sowie unsere Angebote fr Sie komfortabel und effizient zu gestalten. Wir verwenden einerseits Session-Cookies, die ausschlielich fr die Dauer Ihrer Nutzung unserer Website zwischengespeichert werden und zum anderen permanente Cookies, um Informationen ber Besucher festzuhalten, die wiederholt auf unsere Website zugreifen. Der Zweck des Einsatzes dieser Cookies besteht darin, eine optimale Benutzerfhrung anbieten zu knnen sowie Besucher wiederzuerkennen und bei wiederholter Nutzung eine mglichst attraktive Website und interessante Inhalte prsentieren zu knnen. Der Inhalt eines permanenten Cookies beschrnkt sich auf eine Identifikationsnummer. Name, IP-Adresse usw. werden nicht gespeichert. Eine Einzelprofilbildung ber Ihr Nutzungsverhalten findet nicht statt. Eine Nutzung unserer Angebote ist auch ohne Cookies mglich. Sie knnen in Ihrem Browser das Speichern von Cookies deaktivieren, auf bestimmte Webseiten beschrnken oder Ihren Webbrowser (Chrome, IE, Firefox,) so einstellen, dass er sie benachrichtigt, sobald ein Cookie gesendet wird. Sie knnen Cookies auch jederzeit von der Festplatte ihres PC lschen. Bitte beachten Sie aber, dass Sie in diesem Fall mit einer eingeschrnkten Darstellung der Seite und mit einer eingeschrnkten Benutzerfhrung rechnen mssen.</p>\n<h4>Datenschutzerklrung fr Google Analytics</h4>\n<p>Diese Website benutzt Google Analytics, einen Webanalysedienst der Google Inc. (Google). Google Analytics verwendet sog. Cookies, Textdateien, die auf Ihrem Computer gespeichert werden und die eine Analyse der Benutzung der Website durch Sie ermglichen. Die durch den Cookie erzeugten Informationen ber Ihre Benutzung dieser Website werden in der Regel an einen Server von Google in den USA bertragen und dort gespeichert. Im Falle der Aktivierung der IP-Anonymisierung auf dieser Webseite, wird Ihre IP-Adresse von Google jedoch innerhalb von Mitgliedstaaten der Europischen Union oder in anderen Vertragsstaaten des Abkommens ber den Europischen Wirtschaftsraum zuvor gekrzt. Nur in Ausnahmefllen wird die volle IP-Adresse an einen Server von Google in den USA bertragen und dort gekrzt. Im Auftrag des Betreibers dieser Website wird Google diese Informationen benutzen, um Ihre Nutzung der Website auszuwerten, um Reports ber die Websiteaktivitten zusammenzustellen und um weitere mit der Websitenutzung und der Internetnutzung verbundene Dienstleistungen gegenber dem Websitebetreiber zu erbringen. Die im Rahmen von Google Analytics von Ihrem Browser bermittelte IP-Adresse wird nicht mit anderen Daten von Google zusammengefhrt. Sie knnen die Speicherung der Cookies durch eine entsprechende Einstellung Ihrer Browser-Software verhindern; wir weisen Sie jedoch darauf hin, dass Sie in diesem Fall gegebenenfalls nicht smtliche Funktionen dieser Website vollumfnglich werden nutzen knnen. Sie knnen darber hinaus die Erfassung der durch das Cookie erzeugten und auf Ihre Nutzung der Website bezogenen Daten (inkl. Ihrer IP-Adresse) an Google sowie die Verarbeitung dieser Daten durch Google verhindern, indem sie das unter dem folgenden Link (<a href=\"http://tools.google.com/dlpage/gaoptout?hl=de\">http://tools.google.com/dlpage/gaoptout?hl=de</a>) verfgbare Browser-Plugin herunterladen und installieren. Nhere Informationen zu Nutzungsbedingungen und Datenschutz finden Sie unter <a href=\"http://www.google.com/analytics/terms/de.html\">http://www.google.com/analytics/terms/de.html</a> bzw. unter <a href=\"https://support.google.com/analytics/answer/6004245?hl=de\">https://support.google.com/analytics/answer/6004245?hl=de</a>. Wir weisen Sie darauf hin, dass auf dieser Webseite Google Analytics um den Code gat._anonymizeIp(); erweitert wurde, um eine anonymisierte Erfassung von IP-Adressen (sog. IP-Masking) zu gewhrleisten.</p>\n<h4>Datenschutzerklrung fr die Nutzung von Facebook</h4>\n<p>Auf unseren Seiten sind Plugins des sozialen Netzwerks Facebook, 1601 South California Avenue, Palo Alto, CA 94304, USA integriert. Die Facebook-Plugins erkennen Sie an dem Facebook-Logo oder dem Like-Button (Gefllt mir) auf unserer Seite. Eine bersicht ber die Facebook-Plugins finden Sie hier: <a href=\"https://developers.facebook.com/docs/plugins/\">https://developers.facebook.com/docs/plugins/</a>. Wenn Sie unsere Seiten besuchen, wird ber das Plugin eine direkte Verbindung zwischen Ihrem Browser und dem Facebook-Server hergestellt. Facebook erhlt dadurch die Information, dass Sie mit Ihrer IP-Adresse unsere Seite besucht haben. Wenn Sie den Facebook Like-Button anklicken whrend Sie in Ihrem Facebook-Account eingeloggt sind, knnen Sie die Inhalte unserer Seiten auf Ihrem Facebook-Profil verlinken. Dadurch kann Facebook den Besuch unserer Seiten Ihrem Benutzerkonto zuordnen. Wir weisen darauf hin, dass wir als Anbieter der Seiten keine Kenntnis vom Inhalt der bermittelten Daten sowie deren Nutzung durch Facebook erhalten. Weitere Informationen hierzu finden Sie in der Datenschutzerklrung von Facebook unter <a href=\"https://www.facebook.com/policy.php\">https://www.facebook.com/policy.php</a> Wenn Sie nicht wnschen, dass Facebook den Besuch unserer Seiten Ihrem Facebook- Nutzerkonto zuordnen kann, loggen Sie sich bitte aus Ihrem Facebook-Benutzerkonto aus.</p>\n<h4>Datenschutzerklrung fr die Nutzung von Twitter</h4>\n<p>Auf unserer Webseite sind Funktionen des Dienstes Twitter eingebunden. Diese Funktionen werden durch die Twitter Inc., Twitter, Inc. 1355 Market St, Suite 900, San Francisco, CA 94103, USA angeboten. Durch das Benutzen von Twitter und den Funktionen der Twitter-Buttons, werden die von Ihnen besuchten Webseiten mit Ihrem Twitter-Account verknpft und anderen Nutzern bekannt gegeben. Dabei werden auch Daten an Twitter bertragen. Wir weisen darauf hin, dass wir als Anbieter der Webseite keine Kenntnis vom Inhalt der bermittelten Daten sowie deren Nutzung durch Twitter erhalten. Weitere Informationen hierzu finden Sie in der Datenschutzrichtline von Twitter unter <a href=\"https://twitter.com/privacy?lang=de\">https://twitter.com/privacy?lang=de</a>. Ihre Datenschutzeinstellungen bei Twitter knnen Sie in den Konto- Einstellungen unter <a href=\"https://twitter.com/settings/account\">https://twitter.com/settings/a...</a> ndern.</p>\n<h4>Datenschutzerklrung fr die Nutzung von Instagram</h4>\n<p>Auf unserer Webseite sind Funktionen des Dienstes Instagram eingebunden. Diese Funktionen werden angeboten durch die Instagram Inc., 1601 Willow Road, Menlo Park, CA, 94025, USA integriert. Wenn Sie in Ihren Instagram-Account eingeloggt sind, knnen Sie durch Anklicken des Instagram-Buttons die Inhalte unserer Seiten mit Ihrem Instagram-Profil verlinken. Dadurch kann Instagram den Besuch unserer Seiten Ihrem Benutzerkonto zuordnen. Wir weisen darauf hin, dass wir als Anbieter der Seiten keine Kenntnis vom Inhalt der bermittelten Daten sowie deren Nutzung durch Instagram erhalten. Weitere Informationen hierzu finden Sie in der Datenschutzerklrung von Instagram auf <a href=\"https://www.instagram.com/about/legal/privacy/\">https://www.instagram.com/abou...</a>.</p>\n<h4>Auskunftsrecht</h4>\n<p>Sie haben jederzeit das Recht auf Auskunft ber die bezglich Ihrer Person gespeicherten Daten, deren Herkunft und Empfnger sowie den Zweck der Speicherung</p>', NULL, NULL, NULL, NULL, NULL, NULL, NULL, NULL, NULL, NULL, NULL, NULL, NULL, NULL),
(157, 564, 1, 'Impressum', '2022-07-19 08:46:40', '2022-07-19 08:46:40', 'daa82031-5ebb-45fa-9030-2289f0816b41', NULL, '<h1>Impressum</h1>\n<p><strong>Informationspflicht laut 5 E-Commerce Gesetz, 14 Unternehmensgesetzbuch, 63 Gewerbeordnung und Offenlegungspflicht laut 25 Mediengesetz</strong></p>\n<h4>Haftungsausschluss</h4>\n<p>Dieser Haftungsausschluss ist als Teil des Internetangebotes zu betrachten, von dem aus auf diese Webseite verwiesen wurde. Sofern Teile oder einzelne Formulierungen dieses Textes der geltenden Rechtslage nicht, nicht mehr oder nicht vollstndig entsprechen sollten, bleiben die brigen Teile des Dokumentes in ihrem Inhalt und ihrer Gltigkeit davon unberhrt.</p>\n<h4>Haftung fr Inhalte dieser Webseite</h4>\n<p>Die Inhalte unserer Seiten wurden mit grter Sorgfalt erstellt. Fr die Richtigkeit, Vollstndigkeit und Aktualitt der Inhalte knnen wir jedoch keine Gewhr bernehmen. Als Diensteanbieter sind wir fr eigene Inhalte auf diesen Seiten nach den allgemeinen Gesetzen verantwortlich. Wir sind jedoch nicht verpflichtet, bermittelte oder gespeicherte fremde Informationen zu berwachen oder nach Umstnden zu forschen, die auf eine rechtswidrige Ttigkeit hinweisen. Verpflichtungen zur Entfernung oder Sperrung der Nutzung von Informationen nach den allgemeinen Gesetzen bleiben hiervon unberhrt. Eine diesbezgliche Haftung ist jedoch erst ab dem Zeitpunkt der Kenntnis einer konkreten Rechtsverletzung mglich. Bei Bekanntwerden von entsprechenden Rechtsverletzungen werden wir diese Inhalte umgehend entfernen.</p>\n<h4>Haftung fr Links auf Webseiten Dritter</h4>\n<p>Unser Angebot enthlt Links zu externen Websites. Auf den Inhalt dieser externen Webseiten haben wir keinerlei Einfluss. Deshalb knnen wir fr diese fremden Inhalte auch keine Gewhr bernehmen. Fr die Inhalte der verlinkten Seiten ist stets der jeweilige Anbieter oder Betreiber der Seiten verantwortlich. Die verlinkten Seiten wurden zum Zeitpunkt der Verlinkung auf mgliche Rechtsverste berprft. Rechtswidrige Inhalte waren zum Zeitpunkt der Verlinkung nicht erkennbar. Eine permanente inhaltliche Kontrolle der verlinkten Seiten ist jedoch ohne konkrete Anhaltspunkte einer Rechtsverletzung nicht zumutbar. Bei Bekanntwerden von Rechtsverletzungen werden wir derartige Links umgehend entfernen.</p>\n<h4>Urheberrecht</h4>\n<p>Die Betreiber dieser Webseite sind bemht, stets die Urheberrechte anderer zu beachten bzw. auf selbst erstellte sowie lizenzfreie Werke zurckzugreifen. Die durch die Seitenbetreiber erstellten Inhalte und Werke auf dieser Webseite unterliegen dem Urheberrecht. Beitrge Dritter sind als solche gekennzeichnet. Die Vervielfltigung, Bearbeitung, Verbreitung und jede Art der Verwertung auerhalb der Grenzen des Urheberrechtes bedrfen der schriftlichen Zustimmung des jeweiligen Autors bzw. Erstellers. Downloads und Kopien dieser Seite sind nur fr den privaten, nicht kommerziellen Gebrauch gestattet.</p>\n<h4>Datenschutzerklrung</h4>\n<p>Wir legen groen Wert auf den Schutz Ihrer Daten. Um Sie in vollem Umfang ber die Verwendung personenbezogener Daten zu informieren, bitten wir Sie die folgenden Datenschutzhinweise zur Kenntnis zu nehmen.</p>\n<h4>Persnliche Daten</h4>\n<p>Persnliche Daten, die Sie auf dieser Website elektronisch bermitteln, wie zum Beispiel Name, E-Mail-Adresse, Adresse oder andere persnlichen Angaben, werden von uns nur zum jeweils angegebenen Zweck verwendet, sicher verwahrt und nicht an Dritte weitergegeben. Der Provider erhebt und speichert automatisch Informationen am Webserver wie verwendeter Browser, Betriebssystem, Verweisseite, IP-Adresse, Uhrzeit des Zugriffs usw. Diese Daten knnen ohne Prfung weiterer Datenquellen keinen bestimmten Personen zugeordnet werden und wir werten diese Daten auch nicht weiter aus solange keine rechtswidrige Nutzung unserer Webseite vorliegt.</p>\n<h4>Formulardaten und Kommentare</h4>\n<p>Wenn Webseitenbesucher Kommentare oder Formulareintrge hinterlassen, werden die eingegebenen Daten und ihre IP-Adressen gespeichert. Das erfolgt zur Sicherheit, falls jemand widerrechtliche Inhalte verfasst (Beleidigungen, links- oder rechtsextreme Propaganda, Hasspostings usw.). In diesem Fall sind wir an der Identitt des Verfassers interessiert.</p>\n<h4>Cookies</h4>\n<p>Cookies sind kleine Dateien, die es dieser Webseite ermglichen auf dem Computer des Besuchers spezifische, auf den Nutzer bezogene Informationen zu speichern, whrend unsere Website besucht wird. Cookies helfen uns dabei, die Nutzungshufigkeit und die Anzahl der Nutzer unserer Internetseiten zu ermitteln, sowie unsere Angebote fr Sie komfortabel und effizient zu gestalten. Wir verwenden einerseits Session-Cookies, die ausschlielich fr die Dauer Ihrer Nutzung unserer Website zwischengespeichert werden und zum anderen permanente Cookies, um Informationen ber Besucher festzuhalten, die wiederholt auf unsere Website zugreifen. Der Zweck des Einsatzes dieser Cookies besteht darin, eine optimale Benutzerfhrung anbieten zu knnen sowie Besucher wiederzuerkennen und bei wiederholter Nutzung eine mglichst attraktive Website und interessante Inhalte prsentieren zu knnen. Der Inhalt eines permanenten Cookies beschrnkt sich auf eine Identifikationsnummer. Name, IP-Adresse usw. werden nicht gespeichert. Eine Einzelprofilbildung ber Ihr Nutzungsverhalten findet nicht statt. Eine Nutzung unserer Angebote ist auch ohne Cookies mglich. Sie knnen in Ihrem Browser das Speichern von Cookies deaktivieren, auf bestimmte Webseiten beschrnken oder Ihren Webbrowser (Chrome, IE, Firefox,) so einstellen, dass er sie benachrichtigt, sobald ein Cookie gesendet wird. Sie knnen Cookies auch jederzeit von der Festplatte ihres PC lschen. Bitte beachten Sie aber, dass Sie in diesem Fall mit einer eingeschrnkten Darstellung der Seite und mit einer eingeschrnkten Benutzerfhrung rechnen mssen.</p>\n<h4>Datenschutzerklrung fr Google Analytics</h4>\n<p>Diese Website benutzt Google Analytics, einen Webanalysedienst der Google Inc. (Google). Google Analytics verwendet sog. Cookies, Textdateien, die auf Ihrem Computer gespeichert werden und die eine Analyse der Benutzung der Website durch Sie ermglichen. Die durch den Cookie erzeugten Informationen ber Ihre Benutzung dieser Website werden in der Regel an einen Server von Google in den USA bertragen und dort gespeichert. Im Falle der Aktivierung der IP-Anonymisierung auf dieser Webseite, wird Ihre IP-Adresse von Google jedoch innerhalb von Mitgliedstaaten der Europischen Union oder in anderen Vertragsstaaten des Abkommens ber den Europischen Wirtschaftsraum zuvor gekrzt. Nur in Ausnahmefllen wird die volle IP-Adresse an einen Server von Google in den USA bertragen und dort gekrzt. Im Auftrag des Betreibers dieser Website wird Google diese Informationen benutzen, um Ihre Nutzung der Website auszuwerten, um Reports ber die Websiteaktivitten zusammenzustellen und um weitere mit der Websitenutzung und der Internetnutzung verbundene Dienstleistungen gegenber dem Websitebetreiber zu erbringen. Die im Rahmen von Google Analytics von Ihrem Browser bermittelte IP-Adresse wird nicht mit anderen Daten von Google zusammengefhrt. Sie knnen die Speicherung der Cookies durch eine entsprechende Einstellung Ihrer Browser-Software verhindern; wir weisen Sie jedoch darauf hin, dass Sie in diesem Fall gegebenenfalls nicht smtliche Funktionen dieser Website vollumfnglich werden nutzen knnen. Sie knnen darber hinaus die Erfassung der durch das Cookie erzeugten und auf Ihre Nutzung der Website bezogenen Daten (inkl. Ihrer IP-Adresse) an Google sowie die Verarbeitung dieser Daten durch Google verhindern, indem sie das unter dem folgenden Link (<a href=\"http://tools.google.com/dlpage/gaoptout?hl=de\">http://tools.google.com/dlpage/gaoptout?hl=de</a>) verfgbare Browser-Plugin herunterladen und installieren. Nhere Informationen zu Nutzungsbedingungen und Datenschutz finden Sie unter <a href=\"http://www.google.com/analytics/terms/de.html\">http://www.google.com/analytics/terms/de.html</a> bzw. unter <a href=\"https://support.google.com/analytics/answer/6004245?hl=de\">https://support.google.com/analytics/answer/6004245?hl=de</a>. Wir weisen Sie darauf hin, dass auf dieser Webseite Google Analytics um den Code gat._anonymizeIp(); erweitert wurde, um eine anonymisierte Erfassung von IP-Adressen (sog. IP-Masking) zu gewhrleisten.</p>\n<h4>Datenschutzerklrung fr die Nutzung von Facebook</h4>\n<p>Auf unseren Seiten sind Plugins des sozialen Netzwerks Facebook, 1601 South California Avenue, Palo Alto, CA 94304, USA integriert. Die Facebook-Plugins erkennen Sie an dem Facebook-Logo oder dem Like-Button (Gefllt mir) auf unserer Seite. Eine bersicht ber die Facebook-Plugins finden Sie hier: <a href=\"https://developers.facebook.com/docs/plugins/\">https://developers.facebook.com/docs/plugins/</a>. Wenn Sie unsere Seiten besuchen, wird ber das Plugin eine direkte Verbindung zwischen Ihrem Browser und dem Facebook-Server hergestellt. Facebook erhlt dadurch die Information, dass Sie mit Ihrer IP-Adresse unsere Seite besucht haben. Wenn Sie den Facebook Like-Button anklicken whrend Sie in Ihrem Facebook-Account eingeloggt sind, knnen Sie die Inhalte unserer Seiten auf Ihrem Facebook-Profil verlinken. Dadurch kann Facebook den Besuch unserer Seiten Ihrem Benutzerkonto zuordnen. Wir weisen darauf hin, dass wir als Anbieter der Seiten keine Kenntnis vom Inhalt der bermittelten Daten sowie deren Nutzung durch Facebook erhalten. Weitere Informationen hierzu finden Sie in der Datenschutzerklrung von Facebook unter <a href=\"https://www.facebook.com/policy.php\">https://www.facebook.com/policy.php</a> Wenn Sie nicht wnschen, dass Facebook den Besuch unserer Seiten Ihrem Facebook- Nutzerkonto zuordnen kann, loggen Sie sich bitte aus Ihrem Facebook-Benutzerkonto aus.</p>\n<h4>Datenschutzerklrung fr die Nutzung von Twitter</h4>\n<p>Auf unserer Webseite sind Funktionen des Dienstes Twitter eingebunden. Diese Funktionen werden durch die Twitter Inc., Twitter, Inc. 1355 Market St, Suite 900, San Francisco, CA 94103, USA angeboten. Durch das Benutzen von Twitter und den Funktionen der Twitter-Buttons, werden die von Ihnen besuchten Webseiten mit Ihrem Twitter-Account verknpft und anderen Nutzern bekannt gegeben. Dabei werden auch Daten an Twitter bertragen. Wir weisen darauf hin, dass wir als Anbieter der Webseite keine Kenntnis vom Inhalt der bermittelten Daten sowie deren Nutzung durch Twitter erhalten. Weitere Informationen hierzu finden Sie in der Datenschutzrichtline von Twitter unter <a href=\"https://twitter.com/privacy?lang=de\">https://twitter.com/privacy?lang=de</a>. Ihre Datenschutzeinstellungen bei Twitter knnen Sie in den Konto- Einstellungen unter <a href=\"https://twitter.com/settings/account\">https://twitter.com/settings/a...</a> ndern.</p>\n<h4>Datenschutzerklrung fr die Nutzung von Instagram</h4>\n<p>Auf unserer Webseite sind Funktionen des Dienstes Instagram eingebunden. Diese Funktionen werden angeboten durch die Instagram Inc., 1601 Willow Road, Menlo Park, CA, 94025, USA integriert. Wenn Sie in Ihren Instagram-Account eingeloggt sind, knnen Sie durch Anklicken des Instagram-Buttons die Inhalte unserer Seiten mit Ihrem Instagram-Profil verlinken. Dadurch kann Instagram den Besuch unserer Seiten Ihrem Benutzerkonto zuordnen. Wir weisen darauf hin, dass wir als Anbieter der Seiten keine Kenntnis vom Inhalt der bermittelten Daten sowie deren Nutzung durch Instagram erhalten. Weitere Informationen hierzu finden Sie in der Datenschutzerklrung von Instagram auf <a href=\"https://www.instagram.com/about/legal/privacy/\">https://www.instagram.com/abou...</a>.</p>\n<h4>Auskunftsrecht</h4>\n<p>Sie haben jederzeit das Recht auf Auskunft ber die bezglich Ihrer Person gespeicherten Daten, deren Herkunft und Empfnger sowie den Zweck der Speicherung</p>', NULL, NULL, NULL, NULL, NULL, NULL, NULL, NULL, NULL, NULL, NULL, NULL, NULL, NULL),
(158, 565, 1, 'Datenschutz', '2022-07-19 08:49:02', '2022-07-19 08:50:07', '02c1bebc-1b61-4dd5-b65d-c83f7c061cf8', NULL, '<h1>Datenschutz</h1>\n<p><strong>Informationspflicht laut 5 E-Commerce Gesetz, 14 Unternehmensgesetzbuch, 63 Gewerbeordnung und Offenlegungspflicht laut 25 Mediengesetz</strong></p>\n<h4>Haftungsausschluss</h4>\n<p>Dieser Haftungsausschluss ist als Teil des Internetangebotes zu betrachten, von dem aus auf diese Webseite verwiesen wurde. Sofern Teile oder einzelne Formulierungen dieses Textes der geltenden Rechtslage nicht, nicht mehr oder nicht vollstndig entsprechen sollten, bleiben die brigen Teile des Dokumentes in ihrem Inhalt und ihrer Gltigkeit davon unberhrt.</p>\n<h4>Haftung fr Inhalte dieser Webseite</h4>\n<p>Die Inhalte unserer Seiten wurden mit grter Sorgfalt erstellt. Fr die Richtigkeit, Vollstndigkeit und Aktualitt der Inhalte knnen wir jedoch keine Gewhr bernehmen. Als Diensteanbieter sind wir fr eigene Inhalte auf diesen Seiten nach den allgemeinen Gesetzen verantwortlich. Wir sind jedoch nicht verpflichtet, bermittelte oder gespeicherte fremde Informationen zu berwachen oder nach Umstnden zu forschen, die auf eine rechtswidrige Ttigkeit hinweisen. Verpflichtungen zur Entfernung oder Sperrung der Nutzung von Informationen nach den allgemeinen Gesetzen bleiben hiervon unberhrt. Eine diesbezgliche Haftung ist jedoch erst ab dem Zeitpunkt der Kenntnis einer konkreten Rechtsverletzung mglich. Bei Bekanntwerden von entsprechenden Rechtsverletzungen werden wir diese Inhalte umgehend entfernen.</p>\n<h4>Haftung fr Links auf Webseiten Dritter</h4>\n<p>Unser Angebot enthlt Links zu externen Websites. Auf den Inhalt dieser externen Webseiten haben wir keinerlei Einfluss. Deshalb knnen wir fr diese fremden Inhalte auch keine Gewhr bernehmen. Fr die Inhalte der verlinkten Seiten ist stets der jeweilige Anbieter oder Betreiber der Seiten verantwortlich. Die verlinkten Seiten wurden zum Zeitpunkt der Verlinkung auf mgliche Rechtsverste berprft. Rechtswidrige Inhalte waren zum Zeitpunkt der Verlinkung nicht erkennbar. Eine permanente inhaltliche Kontrolle der verlinkten Seiten ist jedoch ohne konkrete Anhaltspunkte einer Rechtsverletzung nicht zumutbar. Bei Bekanntwerden von Rechtsverletzungen werden wir derartige Links umgehend entfernen.</p>\n<h4>Urheberrecht</h4>\n<p>Die Betreiber dieser Webseite sind bemht, stets die Urheberrechte anderer zu beachten bzw. auf selbst erstellte sowie lizenzfreie Werke zurckzugreifen. Die durch die Seitenbetreiber erstellten Inhalte und Werke auf dieser Webseite unterliegen dem Urheberrecht. Beitrge Dritter sind als solche gekennzeichnet. Die Vervielfltigung, Bearbeitung, Verbreitung und jede Art der Verwertung auerhalb der Grenzen des Urheberrechtes bedrfen der schriftlichen Zustimmung des jeweiligen Autors bzw. Erstellers. Downloads und Kopien dieser Seite sind nur fr den privaten, nicht kommerziellen Gebrauch gestattet.</p>\n<h4>Datenschutzerklrung</h4>\n<p>Wir legen groen Wert auf den Schutz Ihrer Daten. Um Sie in vollem Umfang ber die Verwendung personenbezogener Daten zu informieren, bitten wir Sie die folgenden Datenschutzhinweise zur Kenntnis zu nehmen.</p>\n<h4>Persnliche Daten</h4>\n<p>Persnliche Daten, die Sie auf dieser Website elektronisch bermitteln, wie zum Beispiel Name, E-Mail-Adresse, Adresse oder andere persnlichen Angaben, werden von uns nur zum jeweils angegebenen Zweck verwendet, sicher verwahrt und nicht an Dritte weitergegeben. Der Provider erhebt und speichert automatisch Informationen am Webserver wie verwendeter Browser, Betriebssystem, Verweisseite, IP-Adresse, Uhrzeit des Zugriffs usw. Diese Daten knnen ohne Prfung weiterer Datenquellen keinen bestimmten Personen zugeordnet werden und wir werten diese Daten auch nicht weiter aus solange keine rechtswidrige Nutzung unserer Webseite vorliegt.</p>\n<h4>Formulardaten und Kommentare</h4>\n<p>Wenn Webseitenbesucher Kommentare oder Formulareintrge hinterlassen, werden die eingegebenen Daten und ihre IP-Adressen gespeichert. Das erfolgt zur Sicherheit, falls jemand widerrechtliche Inhalte verfasst (Beleidigungen, links- oder rechtsextreme Propaganda, Hasspostings usw.). In diesem Fall sind wir an der Identitt des Verfassers interessiert.</p>\n<h4>Cookies</h4>\n<p>Cookies sind kleine Dateien, die es dieser Webseite ermglichen auf dem Computer des Besuchers spezifische, auf den Nutzer bezogene Informationen zu speichern, whrend unsere Website besucht wird. Cookies helfen uns dabei, die Nutzungshufigkeit und die Anzahl der Nutzer unserer Internetseiten zu ermitteln, sowie unsere Angebote fr Sie komfortabel und effizient zu gestalten. Wir verwenden einerseits Session-Cookies, die ausschlielich fr die Dauer Ihrer Nutzung unserer Website zwischengespeichert werden und zum anderen permanente Cookies, um Informationen ber Besucher festzuhalten, die wiederholt auf unsere Website zugreifen. Der Zweck des Einsatzes dieser Cookies besteht darin, eine optimale Benutzerfhrung anbieten zu knnen sowie Besucher wiederzuerkennen und bei wiederholter Nutzung eine mglichst attraktive Website und interessante Inhalte prsentieren zu knnen. Der Inhalt eines permanenten Cookies beschrnkt sich auf eine Identifikationsnummer. Name, IP-Adresse usw. werden nicht gespeichert. Eine Einzelprofilbildung ber Ihr Nutzungsverhalten findet nicht statt. Eine Nutzung unserer Angebote ist auch ohne Cookies mglich. Sie knnen in Ihrem Browser das Speichern von Cookies deaktivieren, auf bestimmte Webseiten beschrnken oder Ihren Webbrowser (Chrome, IE, Firefox,) so einstellen, dass er sie benachrichtigt, sobald ein Cookie gesendet wird. Sie knnen Cookies auch jederzeit von der Festplatte ihres PC lschen. Bitte beachten Sie aber, dass Sie in diesem Fall mit einer eingeschrnkten Darstellung der Seite und mit einer eingeschrnkten Benutzerfhrung rechnen mssen.</p>\n<h4>Datenschutzerklrung fr Google Analytics</h4>\n<p>Diese Website benutzt Google Analytics, einen Webanalysedienst der Google Inc. (Google). Google Analytics verwendet sog. Cookies, Textdateien, die auf Ihrem Computer gespeichert werden und die eine Analyse der Benutzung der Website durch Sie ermglichen. Die durch den Cookie erzeugten Informationen ber Ihre Benutzung dieser Website werden in der Regel an einen Server von Google in den USA bertragen und dort gespeichert. Im Falle der Aktivierung der IP-Anonymisierung auf dieser Webseite, wird Ihre IP-Adresse von Google jedoch innerhalb von Mitgliedstaaten der Europischen Union oder in anderen Vertragsstaaten des Abkommens ber den Europischen Wirtschaftsraum zuvor gekrzt. Nur in Ausnahmefllen wird die volle IP-Adresse an einen Server von Google in den USA bertragen und dort gekrzt. Im Auftrag des Betreibers dieser Website wird Google diese Informationen benutzen, um Ihre Nutzung der Website auszuwerten, um Reports ber die Websiteaktivitten zusammenzustellen und um weitere mit der Websitenutzung und der Internetnutzung verbundene Dienstleistungen gegenber dem Websitebetreiber zu erbringen. Die im Rahmen von Google Analytics von Ihrem Browser bermittelte IP-Adresse wird nicht mit anderen Daten von Google zusammengefhrt. Sie knnen die Speicherung der Cookies durch eine entsprechende Einstellung Ihrer Browser-Software verhindern; wir weisen Sie jedoch darauf hin, dass Sie in diesem Fall gegebenenfalls nicht smtliche Funktionen dieser Website vollumfnglich werden nutzen knnen. Sie knnen darber hinaus die Erfassung der durch das Cookie erzeugten und auf Ihre Nutzung der Website bezogenen Daten (inkl. Ihrer IP-Adresse) an Google sowie die Verarbeitung dieser Daten durch Google verhindern, indem sie das unter dem folgenden Link (<a href=\"http://tools.google.com/dlpage/gaoptout?hl=de\">http://tools.google.com/dlpage/gaoptout?hl=de</a>) verfgbare Browser-Plugin herunterladen und installieren. Nhere Informationen zu Nutzungsbedingungen und Datenschutz finden Sie unter <a href=\"http://www.google.com/analytics/terms/de.html\">http://www.google.com/analytics/terms/de.html</a> bzw. unter <a href=\"https://support.google.com/analytics/answer/6004245?hl=de\">https://support.google.com/analytics/answer/6004245?hl=de</a>. Wir weisen Sie darauf hin, dass auf dieser Webseite Google Analytics um den Code gat._anonymizeIp(); erweitert wurde, um eine anonymisierte Erfassung von IP-Adressen (sog. IP-Masking) zu gewhrleisten.</p>\n<h4>Datenschutzerklrung fr die Nutzung von Facebook</h4>\n<p>Auf unseren Seiten sind Plugins des sozialen Netzwerks Facebook, 1601 South California Avenue, Palo Alto, CA 94304, USA integriert. Die Facebook-Plugins erkennen Sie an dem Facebook-Logo oder dem Like-Button (Gefllt mir) auf unserer Seite. Eine bersicht ber die Facebook-Plugins finden Sie hier: <a href=\"https://developers.facebook.com/docs/plugins/\">https://developers.facebook.com/docs/plugins/</a>. Wenn Sie unsere Seiten besuchen, wird ber das Plugin eine direkte Verbindung zwischen Ihrem Browser und dem Facebook-Server hergestellt. Facebook erhlt dadurch die Information, dass Sie mit Ihrer IP-Adresse unsere Seite besucht haben. Wenn Sie den Facebook Like-Button anklicken whrend Sie in Ihrem Facebook-Account eingeloggt sind, knnen Sie die Inhalte unserer Seiten auf Ihrem Facebook-Profil verlinken. Dadurch kann Facebook den Besuch unserer Seiten Ihrem Benutzerkonto zuordnen. Wir weisen darauf hin, dass wir als Anbieter der Seiten keine Kenntnis vom Inhalt der bermittelten Daten sowie deren Nutzung durch Facebook erhalten. Weitere Informationen hierzu finden Sie in der Datenschutzerklrung von Facebook unter <a href=\"https://www.facebook.com/policy.php\">https://www.facebook.com/policy.php</a> Wenn Sie nicht wnschen, dass Facebook den Besuch unserer Seiten Ihrem Facebook- Nutzerkonto zuordnen kann, loggen Sie sich bitte aus Ihrem Facebook-Benutzerkonto aus.</p>\n<h4>Datenschutzerklrung fr die Nutzung von Twitter</h4>\n<p>Auf unserer Webseite sind Funktionen des Dienstes Twitter eingebunden. Diese Funktionen werden durch die Twitter Inc., Twitter, Inc. 1355 Market St, Suite 900, San Francisco, CA 94103, USA angeboten. Durch das Benutzen von Twitter und den Funktionen der Twitter-Buttons, werden die von Ihnen besuchten Webseiten mit Ihrem Twitter-Account verknpft und anderen Nutzern bekannt gegeben. Dabei werden auch Daten an Twitter bertragen. Wir weisen darauf hin, dass wir als Anbieter der Webseite keine Kenntnis vom Inhalt der bermittelten Daten sowie deren Nutzung durch Twitter erhalten. Weitere Informationen hierzu finden Sie in der Datenschutzrichtline von Twitter unter <a href=\"https://twitter.com/privacy?lang=de\">https://twitter.com/privacy?lang=de</a>. Ihre Datenschutzeinstellungen bei Twitter knnen Sie in den Konto- Einstellungen unter <a href=\"https://twitter.com/settings/account\">https://twitter.com/settings/a...</a> ndern.</p>\n<h4>Datenschutzerklrung fr die Nutzung von Instagram</h4>\n<p>Auf unserer Webseite sind Funktionen des Dienstes Instagram eingebunden. Diese Funktionen werden angeboten durch die Instagram Inc., 1601 Willow Road, Menlo Park, CA, 94025, USA integriert. Wenn Sie in Ihren Instagram-Account eingeloggt sind, knnen Sie durch Anklicken des Instagram-Buttons die Inhalte unserer Seiten mit Ihrem Instagram-Profil verlinken. Dadurch kann Instagram den Besuch unserer Seiten Ihrem Benutzerkonto zuordnen. Wir weisen darauf hin, dass wir als Anbieter der Seiten keine Kenntnis vom Inhalt der bermittelten Daten sowie deren Nutzung durch Instagram erhalten. Weitere Informationen hierzu finden Sie in der Datenschutzerklrung von Instagram auf <a href=\"https://www.instagram.com/about/legal/privacy/\">https://www.instagram.com/abou...</a>.</p>\n<h4>Auskunftsrecht</h4>\n<p>Sie haben jederzeit das Recht auf Auskunft ber die bezglich Ihrer Person gespeicherten Daten, deren Herkunft und Empfnger sowie den Zweck der Speicherung</p>', NULL, NULL, NULL, NULL, NULL, NULL, NULL, NULL, NULL, NULL, NULL, NULL, NULL, NULL),
(159, 566, 1, 'Datenschutz', '2022-07-19 08:49:02', '2022-07-19 08:49:02', '66766104-4777-43b3-af45-e12deecd1018', NULL, NULL, NULL, NULL, NULL, NULL, NULL, NULL, NULL, NULL, NULL, NULL, NULL, NULL, NULL, NULL),
(160, 567, 1, 'Datenschutz', '2022-07-19 08:49:20', '2022-07-19 08:49:20', 'e64e045d-c0b7-48d4-9bc3-c83213858796', NULL, NULL, NULL, NULL, NULL, NULL, NULL, NULL, NULL, NULL, NULL, NULL, NULL, NULL, NULL, NULL),
(162, 569, 1, 'Datenschutz', '2022-07-19 08:50:07', '2022-07-19 08:50:07', '8335e79c-2076-45a9-b168-120eac7cee07', NULL, '<h1>Datenschutz</h1>\n<p><strong>Informationspflicht laut 5 E-Commerce Gesetz, 14 Unternehmensgesetzbuch, 63 Gewerbeordnung und Offenlegungspflicht laut 25 Mediengesetz</strong></p>\n<h4>Haftungsausschluss</h4>\n<p>Dieser Haftungsausschluss ist als Teil des Internetangebotes zu betrachten, von dem aus auf diese Webseite verwiesen wurde. Sofern Teile oder einzelne Formulierungen dieses Textes der geltenden Rechtslage nicht, nicht mehr oder nicht vollstndig entsprechen sollten, bleiben die brigen Teile des Dokumentes in ihrem Inhalt und ihrer Gltigkeit davon unberhrt.</p>\n<h4>Haftung fr Inhalte dieser Webseite</h4>\n<p>Die Inhalte unserer Seiten wurden mit grter Sorgfalt erstellt. Fr die Richtigkeit, Vollstndigkeit und Aktualitt der Inhalte knnen wir jedoch keine Gewhr bernehmen. Als Diensteanbieter sind wir fr eigene Inhalte auf diesen Seiten nach den allgemeinen Gesetzen verantwortlich. Wir sind jedoch nicht verpflichtet, bermittelte oder gespeicherte fremde Informationen zu berwachen oder nach Umstnden zu forschen, die auf eine rechtswidrige Ttigkeit hinweisen. Verpflichtungen zur Entfernung oder Sperrung der Nutzung von Informationen nach den allgemeinen Gesetzen bleiben hiervon unberhrt. Eine diesbezgliche Haftung ist jedoch erst ab dem Zeitpunkt der Kenntnis einer konkreten Rechtsverletzung mglich. Bei Bekanntwerden von entsprechenden Rechtsverletzungen werden wir diese Inhalte umgehend entfernen.</p>\n<h4>Haftung fr Links auf Webseiten Dritter</h4>\n<p>Unser Angebot enthlt Links zu externen Websites. Auf den Inhalt dieser externen Webseiten haben wir keinerlei Einfluss. Deshalb knnen wir fr diese fremden Inhalte auch keine Gewhr bernehmen. Fr die Inhalte der verlinkten Seiten ist stets der jeweilige Anbieter oder Betreiber der Seiten verantwortlich. Die verlinkten Seiten wurden zum Zeitpunkt der Verlinkung auf mgliche Rechtsverste berprft. Rechtswidrige Inhalte waren zum Zeitpunkt der Verlinkung nicht erkennbar. Eine permanente inhaltliche Kontrolle der verlinkten Seiten ist jedoch ohne konkrete Anhaltspunkte einer Rechtsverletzung nicht zumutbar. Bei Bekanntwerden von Rechtsverletzungen werden wir derartige Links umgehend entfernen.</p>\n<h4>Urheberrecht</h4>\n<p>Die Betreiber dieser Webseite sind bemht, stets die Urheberrechte anderer zu beachten bzw. auf selbst erstellte sowie lizenzfreie Werke zurckzugreifen. Die durch die Seitenbetreiber erstellten Inhalte und Werke auf dieser Webseite unterliegen dem Urheberrecht. Beitrge Dritter sind als solche gekennzeichnet. Die Vervielfltigung, Bearbeitung, Verbreitung und jede Art der Verwertung auerhalb der Grenzen des Urheberrechtes bedrfen der schriftlichen Zustimmung des jeweiligen Autors bzw. Erstellers. Downloads und Kopien dieser Seite sind nur fr den privaten, nicht kommerziellen Gebrauch gestattet.</p>\n<h4>Datenschutzerklrung</h4>\n<p>Wir legen groen Wert auf den Schutz Ihrer Daten. Um Sie in vollem Umfang ber die Verwendung personenbezogener Daten zu informieren, bitten wir Sie die folgenden Datenschutzhinweise zur Kenntnis zu nehmen.</p>\n<h4>Persnliche Daten</h4>\n<p>Persnliche Daten, die Sie auf dieser Website elektronisch bermitteln, wie zum Beispiel Name, E-Mail-Adresse, Adresse oder andere persnlichen Angaben, werden von uns nur zum jeweils angegebenen Zweck verwendet, sicher verwahrt und nicht an Dritte weitergegeben. Der Provider erhebt und speichert automatisch Informationen am Webserver wie verwendeter Browser, Betriebssystem, Verweisseite, IP-Adresse, Uhrzeit des Zugriffs usw. Diese Daten knnen ohne Prfung weiterer Datenquellen keinen bestimmten Personen zugeordnet werden und wir werten diese Daten auch nicht weiter aus solange keine rechtswidrige Nutzung unserer Webseite vorliegt.</p>\n<h4>Formulardaten und Kommentare</h4>\n<p>Wenn Webseitenbesucher Kommentare oder Formulareintrge hinterlassen, werden die eingegebenen Daten und ihre IP-Adressen gespeichert. Das erfolgt zur Sicherheit, falls jemand widerrechtliche Inhalte verfasst (Beleidigungen, links- oder rechtsextreme Propaganda, Hasspostings usw.). In diesem Fall sind wir an der Identitt des Verfassers interessiert.</p>\n<h4>Cookies</h4>\n<p>Cookies sind kleine Dateien, die es dieser Webseite ermglichen auf dem Computer des Besuchers spezifische, auf den Nutzer bezogene Informationen zu speichern, whrend unsere Website besucht wird. Cookies helfen uns dabei, die Nutzungshufigkeit und die Anzahl der Nutzer unserer Internetseiten zu ermitteln, sowie unsere Angebote fr Sie komfortabel und effizient zu gestalten. Wir verwenden einerseits Session-Cookies, die ausschlielich fr die Dauer Ihrer Nutzung unserer Website zwischengespeichert werden und zum anderen permanente Cookies, um Informationen ber Besucher festzuhalten, die wiederholt auf unsere Website zugreifen. Der Zweck des Einsatzes dieser Cookies besteht darin, eine optimale Benutzerfhrung anbieten zu knnen sowie Besucher wiederzuerkennen und bei wiederholter Nutzung eine mglichst attraktive Website und interessante Inhalte prsentieren zu knnen. Der Inhalt eines permanenten Cookies beschrnkt sich auf eine Identifikationsnummer. Name, IP-Adresse usw. werden nicht gespeichert. Eine Einzelprofilbildung ber Ihr Nutzungsverhalten findet nicht statt. Eine Nutzung unserer Angebote ist auch ohne Cookies mglich. Sie knnen in Ihrem Browser das Speichern von Cookies deaktivieren, auf bestimmte Webseiten beschrnken oder Ihren Webbrowser (Chrome, IE, Firefox,) so einstellen, dass er sie benachrichtigt, sobald ein Cookie gesendet wird. Sie knnen Cookies auch jederzeit von der Festplatte ihres PC lschen. Bitte beachten Sie aber, dass Sie in diesem Fall mit einer eingeschrnkten Darstellung der Seite und mit einer eingeschrnkten Benutzerfhrung rechnen mssen.</p>\n<h4>Datenschutzerklrung fr Google Analytics</h4>\n<p>Diese Website benutzt Google Analytics, einen Webanalysedienst der Google Inc. (Google). Google Analytics verwendet sog. Cookies, Textdateien, die auf Ihrem Computer gespeichert werden und die eine Analyse der Benutzung der Website durch Sie ermglichen. Die durch den Cookie erzeugten Informationen ber Ihre Benutzung dieser Website werden in der Regel an einen Server von Google in den USA bertragen und dort gespeichert. Im Falle der Aktivierung der IP-Anonymisierung auf dieser Webseite, wird Ihre IP-Adresse von Google jedoch innerhalb von Mitgliedstaaten der Europischen Union oder in anderen Vertragsstaaten des Abkommens ber den Europischen Wirtschaftsraum zuvor gekrzt. Nur in Ausnahmefllen wird die volle IP-Adresse an einen Server von Google in den USA bertragen und dort gekrzt. Im Auftrag des Betreibers dieser Website wird Google diese Informationen benutzen, um Ihre Nutzung der Website auszuwerten, um Reports ber die Websiteaktivitten zusammenzustellen und um weitere mit der Websitenutzung und der Internetnutzung verbundene Dienstleistungen gegenber dem Websitebetreiber zu erbringen. Die im Rahmen von Google Analytics von Ihrem Browser bermittelte IP-Adresse wird nicht mit anderen Daten von Google zusammengefhrt. Sie knnen die Speicherung der Cookies durch eine entsprechende Einstellung Ihrer Browser-Software verhindern; wir weisen Sie jedoch darauf hin, dass Sie in diesem Fall gegebenenfalls nicht smtliche Funktionen dieser Website vollumfnglich werden nutzen knnen. Sie knnen darber hinaus die Erfassung der durch das Cookie erzeugten und auf Ihre Nutzung der Website bezogenen Daten (inkl. Ihrer IP-Adresse) an Google sowie die Verarbeitung dieser Daten durch Google verhindern, indem sie das unter dem folgenden Link (<a href=\"http://tools.google.com/dlpage/gaoptout?hl=de\">http://tools.google.com/dlpage/gaoptout?hl=de</a>) verfgbare Browser-Plugin herunterladen und installieren. Nhere Informationen zu Nutzungsbedingungen und Datenschutz finden Sie unter <a href=\"http://www.google.com/analytics/terms/de.html\">http://www.google.com/analytics/terms/de.html</a> bzw. unter <a href=\"https://support.google.com/analytics/answer/6004245?hl=de\">https://support.google.com/analytics/answer/6004245?hl=de</a>. Wir weisen Sie darauf hin, dass auf dieser Webseite Google Analytics um den Code gat._anonymizeIp(); erweitert wurde, um eine anonymisierte Erfassung von IP-Adressen (sog. IP-Masking) zu gewhrleisten.</p>\n<h4>Datenschutzerklrung fr die Nutzung von Facebook</h4>\n<p>Auf unseren Seiten sind Plugins des sozialen Netzwerks Facebook, 1601 South California Avenue, Palo Alto, CA 94304, USA integriert. Die Facebook-Plugins erkennen Sie an dem Facebook-Logo oder dem Like-Button (Gefllt mir) auf unserer Seite. Eine bersicht ber die Facebook-Plugins finden Sie hier: <a href=\"https://developers.facebook.com/docs/plugins/\">https://developers.facebook.com/docs/plugins/</a>. Wenn Sie unsere Seiten besuchen, wird ber das Plugin eine direkte Verbindung zwischen Ihrem Browser und dem Facebook-Server hergestellt. Facebook erhlt dadurch die Information, dass Sie mit Ihrer IP-Adresse unsere Seite besucht haben. Wenn Sie den Facebook Like-Button anklicken whrend Sie in Ihrem Facebook-Account eingeloggt sind, knnen Sie die Inhalte unserer Seiten auf Ihrem Facebook-Profil verlinken. Dadurch kann Facebook den Besuch unserer Seiten Ihrem Benutzerkonto zuordnen. Wir weisen darauf hin, dass wir als Anbieter der Seiten keine Kenntnis vom Inhalt der bermittelten Daten sowie deren Nutzung durch Facebook erhalten. Weitere Informationen hierzu finden Sie in der Datenschutzerklrung von Facebook unter <a href=\"https://www.facebook.com/policy.php\">https://www.facebook.com/policy.php</a> Wenn Sie nicht wnschen, dass Facebook den Besuch unserer Seiten Ihrem Facebook- Nutzerkonto zuordnen kann, loggen Sie sich bitte aus Ihrem Facebook-Benutzerkonto aus.</p>\n<h4>Datenschutzerklrung fr die Nutzung von Twitter</h4>\n<p>Auf unserer Webseite sind Funktionen des Dienstes Twitter eingebunden. Diese Funktionen werden durch die Twitter Inc., Twitter, Inc. 1355 Market St, Suite 900, San Francisco, CA 94103, USA angeboten. Durch das Benutzen von Twitter und den Funktionen der Twitter-Buttons, werden die von Ihnen besuchten Webseiten mit Ihrem Twitter-Account verknpft und anderen Nutzern bekannt gegeben. Dabei werden auch Daten an Twitter bertragen. Wir weisen darauf hin, dass wir als Anbieter der Webseite keine Kenntnis vom Inhalt der bermittelten Daten sowie deren Nutzung durch Twitter erhalten. Weitere Informationen hierzu finden Sie in der Datenschutzrichtline von Twitter unter <a href=\"https://twitter.com/privacy?lang=de\">https://twitter.com/privacy?lang=de</a>. Ihre Datenschutzeinstellungen bei Twitter knnen Sie in den Konto- Einstellungen unter <a href=\"https://twitter.com/settings/account\">https://twitter.com/settings/a...</a> ndern.</p>\n<h4>Datenschutzerklrung fr die Nutzung von Instagram</h4>\n<p>Auf unserer Webseite sind Funktionen des Dienstes Instagram eingebunden. Diese Funktionen werden angeboten durch die Instagram Inc., 1601 Willow Road, Menlo Park, CA, 94025, USA integriert. Wenn Sie in Ihren Instagram-Account eingeloggt sind, knnen Sie durch Anklicken des Instagram-Buttons die Inhalte unserer Seiten mit Ihrem Instagram-Profil verlinken. Dadurch kann Instagram den Besuch unserer Seiten Ihrem Benutzerkonto zuordnen. Wir weisen darauf hin, dass wir als Anbieter der Seiten keine Kenntnis vom Inhalt der bermittelten Daten sowie deren Nutzung durch Instagram erhalten. Weitere Informationen hierzu finden Sie in der Datenschutzerklrung von Instagram auf <a href=\"https://www.instagram.com/about/legal/privacy/\">https://www.instagram.com/abou...</a>.</p>\n<h4>Auskunftsrecht</h4>\n<p>Sie haben jederzeit das Recht auf Auskunft ber die bezglich Ihrer Person gespeicherten Daten, deren Herkunft und Empfnger sowie den Zweck der Speicherung</p>', NULL, NULL, NULL, NULL, NULL, NULL, NULL, NULL, NULL, NULL, NULL, NULL, NULL, NULL),
(163, 570, 1, 'Impressum', '2022-07-19 08:51:50', '2022-07-19 08:51:50', '716f3d0d-12e6-4faa-a62a-709a9185c52d', NULL, '<h1>Impressum</h1>\n<p><strong>Informationspflicht laut 5 E-Commerce Gesetz, 14 Unternehmensgesetzbuch, 63 Gewerbeordnung und Offenlegungspflicht laut 25 Mediengesetz</strong></p>\n<h4>Haftungsausschluss</h4>\n<p>Dieser Haftungsausschluss ist als Teil des Internetangebotes zu betrachten, von dem aus auf diese Webseite verwiesen wurde. Sofern Teile oder einzelne Formulierungen dieses Textes der geltenden Rechtslage nicht, nicht mehr oder nicht vollstndig entsprechen sollten, bleiben die brigen Teile des Dokumentes in ihrem Inhalt und ihrer Gltigkeit davon unberhrt.</p>\n<h4>Haftung fr Inhalte dieser Webseite</h4>\n<p>Die Inhalte unserer Seiten wurden mit grter Sorgfalt erstellt. Fr die Richtigkeit, Vollstndigkeit und Aktualitt der Inhalte knnen wir jedoch keine Gewhr bernehmen. Als Diensteanbieter sind wir fr eigene Inhalte auf diesen Seiten nach den allgemeinen Gesetzen verantwortlich. Wir sind jedoch nicht verpflichtet, bermittelte oder gespeicherte fremde Informationen zu berwachen oder nach Umstnden zu forschen, die auf eine rechtswidrige Ttigkeit hinweisen. Verpflichtungen zur Entfernung oder Sperrung der Nutzung von Informationen nach den allgemeinen Gesetzen bleiben hiervon unberhrt. Eine diesbezgliche Haftung ist jedoch erst ab dem Zeitpunkt der Kenntnis einer konkreten Rechtsverletzung mglich. Bei Bekanntwerden von entsprechenden Rechtsverletzungen werden wir diese Inhalte umgehend entfernen.</p>\n<h4>Haftung fr Links auf Webseiten Dritter</h4>\n<p>Unser Angebot enthlt Links zu externen Websites. Auf den Inhalt dieser externen Webseiten haben wir keinerlei Einfluss. Deshalb knnen wir fr diese fremden Inhalte auch keine Gewhr bernehmen. Fr die Inhalte der verlinkten Seiten ist stets der jeweilige Anbieter oder Betreiber der Seiten verantwortlich. Die verlinkten Seiten wurden zum Zeitpunkt der Verlinkung auf mgliche Rechtsverste berprft. Rechtswidrige Inhalte waren zum Zeitpunkt der Verlinkung nicht erkennbar. Eine permanente inhaltliche Kontrolle der verlinkten Seiten ist jedoch ohne konkrete Anhaltspunkte einer Rechtsverletzung nicht zumutbar. Bei Bekanntwerden von Rechtsverletzungen werden wir derartige Links umgehend entfernen.</p>\n<h4>Urheberrecht</h4>\n<p>Die Betreiber dieser Webseite sind bemht, stets die Urheberrechte anderer zu beachten bzw. auf selbst erstellte sowie lizenzfreie Werke zurckzugreifen. Die durch die Seitenbetreiber erstellten Inhalte und Werke auf dieser Webseite unterliegen dem Urheberrecht. Beitrge Dritter sind als solche gekennzeichnet. Die Vervielfltigung, Bearbeitung, Verbreitung und jede Art der Verwertung auerhalb der Grenzen des Urheberrechtes bedrfen der schriftlichen Zustimmung des jeweiligen Autors bzw. Erstellers. Downloads und Kopien dieser Seite sind nur fr den privaten, nicht kommerziellen Gebrauch gestattet.</p>\n<h4>Datenschutzerklrung</h4>\n<p>Wir legen groen Wert auf den Schutz Ihrer Daten. Um Sie in vollem Umfang ber die Verwendung personenbezogener Daten zu informieren, bitten wir Sie die folgenden Datenschutzhinweise zur Kenntnis zu nehmen.</p>\n<h4>Persnliche Daten</h4>\n<p>Persnliche Daten, die Sie auf dieser Website elektronisch bermitteln, wie zum Beispiel Name, E-Mail-Adresse, Adresse oder andere persnlichen Angaben, werden von uns nur zum jeweils angegebenen Zweck verwendet, sicher verwahrt und nicht an Dritte weitergegeben. Der Provider erhebt und speichert automatisch Informationen am Webserver wie verwendeter Browser, Betriebssystem, Verweisseite, IP-Adresse, Uhrzeit des Zugriffs usw. Diese Daten knnen ohne Prfung weiterer Datenquellen keinen bestimmten Personen zugeordnet werden und wir werten diese Daten auch nicht weiter aus solange keine rechtswidrige Nutzung unserer Webseite vorliegt.</p>\n<h4>Formulardaten und Kommentare</h4>\n<p>Wenn Webseitenbesucher Kommentare oder Formulareintrge hinterlassen, werden die eingegebenen Daten und ihre IP-Adressen gespeichert. Das erfolgt zur Sicherheit, falls jemand widerrechtliche Inhalte verfasst (Beleidigungen, links- oder rechtsextreme Propaganda, Hasspostings usw.). In diesem Fall sind wir an der Identitt des Verfassers interessiert.</p>\n<h4>Cookies</h4>\n<p>Cookies sind kleine Dateien, die es dieser Webseite ermglichen auf dem Computer des Besuchers spezifische, auf den Nutzer bezogene Informationen zu speichern, whrend unsere Website besucht wird. Cookies helfen uns dabei, die Nutzungshufigkeit und die Anzahl der Nutzer unserer Internetseiten zu ermitteln, sowie unsere Angebote fr Sie komfortabel und effizient zu gestalten. Wir verwenden einerseits Session-Cookies, die ausschlielich fr die Dauer Ihrer Nutzung unserer Website zwischengespeichert werden und zum anderen permanente Cookies, um Informationen ber Besucher festzuhalten, die wiederholt auf unsere Website zugreifen. Der Zweck des Einsatzes dieser Cookies besteht darin, eine optimale Benutzerfhrung anbieten zu knnen sowie Besucher wiederzuerkennen und bei wiederholter Nutzung eine mglichst attraktive Website und interessante Inhalte prsentieren zu knnen. Der Inhalt eines permanenten Cookies beschrnkt sich auf eine Identifikationsnummer. Name, IP-Adresse usw. werden nicht gespeichert. Eine Einzelprofilbildung ber Ihr Nutzungsverhalten findet nicht statt. Eine Nutzung unserer Angebote ist auch ohne Cookies mglich. Sie knnen in Ihrem Browser das Speichern von Cookies deaktivieren, auf bestimmte Webseiten beschrnken oder Ihren Webbrowser (Chrome, IE, Firefox,) so einstellen, dass er sie benachrichtigt, sobald ein Cookie gesendet wird. Sie knnen Cookies auch jederzeit von der Festplatte ihres PC lschen. Bitte beachten Sie aber, dass Sie in diesem Fall mit einer eingeschrnkten Darstellung der Seite und mit einer eingeschrnkten Benutzerfhrung rechnen mssen.</p>\n<h4>Datenschutzerklrung fr Google Analytics</h4>\n<p>Diese Website benutzt Google Analytics, einen Webanalysedienst der Google Inc. (Google). Google Analytics verwendet sog. Cookies, Textdateien, die auf Ihrem Computer gespeichert werden und die eine Analyse der Benutzung der Website durch Sie ermglichen. Die durch den Cookie erzeugten Informationen ber Ihre Benutzung dieser Website werden in der Regel an einen Server von Google in den USA bertragen und dort gespeichert. Im Falle der Aktivierung der IP-Anonymisierung auf dieser Webseite, wird Ihre IP-Adresse von Google jedoch innerhalb von Mitgliedstaaten der Europischen Union oder in anderen Vertragsstaaten des Abkommens ber den Europischen Wirtschaftsraum zuvor gekrzt. Nur in Ausnahmefllen wird die volle IP-Adresse an einen Server von Google in den USA bertragen und dort gekrzt. Im Auftrag des Betreibers dieser Website wird Google diese Informationen benutzen, um Ihre Nutzung der Website auszuwerten, um Reports ber die Websiteaktivitten zusammenzustellen und um weitere mit der Websitenutzung und der Internetnutzung verbundene Dienstleistungen gegenber dem Websitebetreiber zu erbringen. Die im Rahmen von Google Analytics von Ihrem Browser bermittelte IP-Adresse wird nicht mit anderen Daten von Google zusammengefhrt. Sie knnen die Speicherung der Cookies durch eine entsprechende Einstellung Ihrer Browser-Software verhindern; wir weisen Sie jedoch darauf hin, dass Sie in diesem Fall gegebenenfalls nicht smtliche Funktionen dieser Website vollumfnglich werden nutzen knnen. Sie knnen darber hinaus die Erfassung der durch das Cookie erzeugten und auf Ihre Nutzung der Website bezogenen Daten (inkl. Ihrer IP-Adresse) an Google sowie die Verarbeitung dieser Daten durch Google verhindern, indem sie das unter dem folgenden Link (<a href=\"http://tools.google.com/dlpage/gaoptout?hl=de\">http://tools.google.com/dlpage/gaoptout?hl=de</a>) verfgbare Browser-Plugin herunterladen und installieren. Nhere Informationen zu Nutzungsbedingungen und Datenschutz finden Sie unter <a href=\"http://www.google.com/analytics/terms/de.html\">http://www.google.com/analytics/terms/de.html</a> bzw. unter <a href=\"https://support.google.com/analytics/answer/6004245?hl=de\">https://support.google.com/analytics/answer/6004245?hl=de</a>. Wir weisen Sie darauf hin, dass auf dieser Webseite Google Analytics um den Code gat._anonymizeIp(); erweitert wurde, um eine anonymisierte Erfassung von IP-Adressen (sog. IP-Masking) zu gewhrleisten.</p>\n<h4>Datenschutzerklrung fr die Nutzung von Facebook</h4>\n<p>Auf unseren Seiten sind Plugins des sozialen Netzwerks Facebook, 1601 South California Avenue, Palo Alto, CA 94304, USA integriert. Die Facebook-Plugins erkennen Sie an dem Facebook-Logo oder dem Like-Button (Gefllt mir) auf unserer Seite. Eine bersicht ber die Facebook-Plugins finden Sie hier: <a href=\"https://developers.facebook.com/docs/plugins/\">https://developers.facebook.com/docs/plugins/</a>. Wenn Sie unsere Seiten besuchen, wird ber das Plugin eine direkte Verbindung zwischen Ihrem Browser und dem Facebook-Server hergestellt. Facebook erhlt dadurch die Information, dass Sie mit Ihrer IP-Adresse unsere Seite besucht haben. Wenn Sie den Facebook Like-Button anklicken whrend Sie in Ihrem Facebook-Account eingeloggt sind, knnen Sie die Inhalte unserer Seiten auf Ihrem Facebook-Profil verlinken. Dadurch kann Facebook den Besuch unserer Seiten Ihrem Benutzerkonto zuordnen. Wir weisen darauf hin, dass wir als Anbieter der Seiten keine Kenntnis vom Inhalt der bermittelten Daten sowie deren Nutzung durch Facebook erhalten. Weitere Informationen hierzu finden Sie in der Datenschutzerklrung von Facebook unter <a href=\"https://www.facebook.com/policy.php\">https://www.facebook.com/policy.php</a> Wenn Sie nicht wnschen, dass Facebook den Besuch unserer Seiten Ihrem Facebook- Nutzerkonto zuordnen kann, loggen Sie sich bitte aus Ihrem Facebook-Benutzerkonto aus.</p>\n<h4>Datenschutzerklrung fr die Nutzung von Twitter</h4>\n<p>Auf unserer Webseite sind Funktionen des Dienstes Twitter eingebunden. Diese Funktionen werden durch die Twitter Inc., Twitter, Inc. 1355 Market St, Suite 900, San Francisco, CA 94103, USA angeboten. Durch das Benutzen von Twitter und den Funktionen der Twitter-Buttons, werden die von Ihnen besuchten Webseiten mit Ihrem Twitter-Account verknpft und anderen Nutzern bekannt gegeben. Dabei werden auch Daten an Twitter bertragen. Wir weisen darauf hin, dass wir als Anbieter der Webseite keine Kenntnis vom Inhalt der bermittelten Daten sowie deren Nutzung durch Twitter erhalten. Weitere Informationen hierzu finden Sie in der Datenschutzrichtline von Twitter unter <a href=\"https://twitter.com/privacy?lang=de\">https://twitter.com/privacy?lang=de</a>. Ihre Datenschutzeinstellungen bei Twitter knnen Sie in den Konto- Einstellungen unter <a href=\"https://twitter.com/settings/account\">https://twitter.com/settings/a...</a> ndern.</p>\n<h4>Datenschutzerklrung fr die Nutzung von Instagram</h4>\n<p>Auf unserer Webseite sind Funktionen des Dienstes Instagram eingebunden. Diese Funktionen werden angeboten durch die Instagram Inc., 1601 Willow Road, Menlo Park, CA, 94025, USA integriert. Wenn Sie in Ihren Instagram-Account eingeloggt sind, knnen Sie durch Anklicken des Instagram-Buttons die Inhalte unserer Seiten mit Ihrem Instagram-Profil verlinken. Dadurch kann Instagram den Besuch unserer Seiten Ihrem Benutzerkonto zuordnen. Wir weisen darauf hin, dass wir als Anbieter der Seiten keine Kenntnis vom Inhalt der bermittelten Daten sowie deren Nutzung durch Instagram erhalten. Weitere Informationen hierzu finden Sie in der Datenschutzerklrung von Instagram auf <a href=\"https://www.instagram.com/about/legal/privacy/\">https://www.instagram.com/abou...</a>.</p>\n<h4>Auskunftsrecht</h4>\n<p>Sie haben jederzeit das Recht auf Auskunft ber die bezglich Ihrer Person gespeicherten Daten, deren Herkunft und Empfnger sowie den Zweck der Speicherung</p>', NULL, NULL, NULL, NULL, NULL, NULL, NULL, NULL, NULL, NULL, NULL, NULL, NULL, NULL),
(164, 572, 1, 'Home', '2022-07-19 12:10:07', '2022-07-19 12:10:07', 'e691469c-f247-4c1b-9dc7-085b5083ef7c', 'Jetzt Massage bei dir zuhause buchen', '<p>Testing consetetur sadipscing elitr, sed diam nonumy eirmod tempor invidunt ut labore et dolore magna aliquyam erat, sed diam voluptua. At vero</p>', 'Preise Test', 'Testing Lorem ipsum dolor sit amet', 'Meine Leistungen', '<h2>Hey das ist ein Test</h2>\n<p>consetetur sadipscing elitr, sed diam nonumy eirmod tempor invidunt ut labore et dolore magna aliquyam erat, sed diam voluptua. At vero eos et accusam et justo duo dolores et ea rebum. Stet clita kasd gubergren, no sea takimata sanctus est Lorem ipsum dolor sit amet. Lorem ipsum dolor sit amet, consetetur sadipscing elitr, sed diam nonumy eirmod tempor invidunt ut labore et dolore magna aliquyam erat, sed diam voluptua. At vero</p>', '<h2>Gutscheine</h2>\n<p>Lorem ipsum dolor sit amet, consetetur sadipscing elitr, sed diam nonumy eirmod tempor invidunt ut labore et dolore magna aliquyam erat, sed diam voluptua. At vero eos et accusam et justo duo dolores et ea rebum. Stet clita kasd gubergren, no sea takimata sanctus est Lorem ipsum dolor sit amet. Lorem ipsum dolor sit amet, consetetur sadipscing elitr, sed diam nonumy eirmod tempor </p>', NULL, NULL, NULL, NULL, NULL, NULL, NULL, NULL, NULL),
(166, 592, 1, 'Home', '2022-07-19 12:11:47', '2022-07-19 12:11:47', 'd665bcfe-ed37-4ae0-a067-9ddf6712786b', 'Jetzt Massage bei dir zuhause buchen', '<p>Testing consetetur sadipscing elitr, sed diam nonumy eirmod tempor invidunt ut labore et dolore magna aliquyam erat, sed diam voluptua. At vero</p>', 'Preise Test', 'Testing Lorem ipsum dolor sit amet', 'Meine Leistungen', '<h2>Hey das ist ein Test</h2>\n<p>consetetur sadipscing elitr, sed diam nonumy eirmod tempor invidunt ut labore et dolore magna aliquyam erat, sed diam voluptua. At vero eos et accusam et justo duo dolores et ea rebum. Stet clita kasd gubergren, no sea takimata sanctus est Lorem ipsum dolor sit amet. Lorem ipsum dolor sit amet, consetetur sadipscing elitr, sed diam nonumy eirmod tempor invidunt ut labore et dolore magna aliquyam erat, sed diam voluptua. At vero</p>', '<h2>Gutscheine</h2>\n<p>Lorem ipsum dolor sit amet, consetetur sadipscing elitr, sed diam nonumy eirmod tempor invidunt ut labore et dolore magna aliquyam erat, sed diam voluptua. At vero eos et accusam et justo duo dolores et ea rebum. Stet clita kasd gubergren, no sea takimata sanctus est Lorem ipsum dolor sit amet. Lorem ipsum dolor sit amet, consetetur sadipscing elitr, sed diam nonumy eirmod tempor </p>', NULL, NULL, NULL, NULL, NULL, NULL, NULL, 'Voi Entspannt | Dein Masseur bei dir Zuhause', 'Voi Entspannt | Ich bin Christoph Reiter und Masseur aus Linz. Jetzt Termin vereinbaren.'),
(168, 603, 1, 'Kontakt', '2022-07-19 12:15:20', '2022-07-19 12:15:20', '59a3f2df-dbf8-4871-a046-009e11295662', NULL, NULL, NULL, NULL, NULL, NULL, NULL, NULL, NULL, NULL, NULL, NULL, NULL, NULL, NULL, NULL),
(169, 604, 1, 'Gutscheine', '2022-07-19 12:16:01', '2022-07-19 12:16:01', '701f5aa9-6692-4b94-b072-e046f161313b', 'Gutscheine', '<p>Gutscheine</p>', NULL, NULL, NULL, NULL, NULL, NULL, NULL, NULL, NULL, NULL, NULL, NULL, NULL, NULL),
(170, 605, 1, 'ber mich', '2022-07-19 12:16:21', '2022-07-19 12:16:21', '962c4516-d7e8-45b0-ba17-cdc5e0f46742', 'Diese Seite berichtet ber mich', '<h2>Hallo! You\'re not the only one facing a challenging, stressful housing market.</h2>\n<p>Lorem, ipsum dolor sit amet consectetur adipisicing elit. Recusandae cum delectus amet cupiditate minima alias velit enim aliquam deserunt sequi dolorem possimus quia eaque mollitia, labore nulla voluptates reprehenderit iste!</p>\n<p>Lorem ipsum dolor sit amet, consectetur adipisicing elit. Itaque eaque officia dolor ad adipisci amet sunt eligendi omnis incidunt, ea, illo, reiciendis assumenda! Quidem molestias ab dolorem dolore placeat quo?</p>\n<h2>But it can be done!</h2>\n<p>Lorem, ipsum dolor sit amet consectetur adipisicing elit. Voluptatem magnam dolor rem quaerat accusamus, tempore eos veniam culpa perferendis exercitationem qui. Sequi, ut laborum debitis atque aperiam voluptatibus nam molestiae!</p>\n<blockquote><p>Olivia was able to find a home for me in a short amount of time. I was able to get a job and a place to live. I am so grateful to her for all of her hard work and dedication.</p></blockquote><figure><img src=\"{asset:362:url||http://voi-entspannt.test/assets/images/placeholder.png}\" alt=\"Thats me\" /><figcaption>Das ist ein Bild von mir</figcaption></figure>\n\n<h2>Working with Me</h2>\n<p>Lorem ipsum dolor sit amet consectetur adipisicing elit. Praesentium, harum placeat maiores quidem aperiam reprehenderit repellat, necessitatibus nulla iure alias quibusdam asperiores architecto quos ad consectetur incidunt labore doloribus. Fuga.</p>\n<p>Lorem ipsum dolor sit amet consectetur adipisicing elit. Itaque quis rerum minus dolorum aut, harum tenetur error vitae quo fuga sed laudantium fugiat ducimus eaque quos placeat dolor accusantium deleniti!</p>\n<h2>Let\'s Work Together</h2>\n<p>Contact me via phone, email, or social media to schedule a time to talk about your next home purchase.</p>\n<p><a href=\"tel:+12025550199\">+1 (202) 555-0199</a><br /><a href=\"mailto:olivia@gmail.com\">olivia@gmail.com</a></p>', NULL, NULL, NULL, NULL, NULL, NULL, NULL, NULL, NULL, NULL, NULL, NULL, NULL, NULL),
(172, 607, 1, 'Gutscheine', '2022-07-19 12:19:07', '2022-07-19 12:19:07', '18bc4f07-4b83-4017-aaf7-53455128f807', 'Gutscheine', '<p>Gutscheine</p>', NULL, NULL, NULL, NULL, NULL, NULL, NULL, NULL, NULL, NULL, NULL, NULL, 'Voi Entspannt | Gutscheine von deinem Masseur aus Linz', 'Voi Entspannt | Als der top ausgebildeter und erfahrener Masseur biete ich Gutscheine fr Einheiten bei mir an. Jetzt kaufen.'),
(173, 608, 1, 'Kontakt', '2022-07-19 12:19:49', '2022-07-19 12:19:49', 'ef3f0890-837b-4ab0-bb92-c3ceda25bd0e', NULL, NULL, NULL, NULL, NULL, NULL, NULL, NULL, NULL, NULL, NULL, NULL, NULL, NULL, NULL, NULL),
(175, 610, 1, 'Kontakt', '2022-07-19 12:26:22', '2022-07-19 12:26:22', '1b7555d4-1e09-45ea-be24-e1d701996efd', NULL, NULL, NULL, NULL, NULL, NULL, NULL, NULL, NULL, NULL, NULL, NULL, NULL, NULL, 'Voi Entspannt | Christoph Reiter Kontaktfeld', 'Voi Entspannt | Christoph Reiter Massagen - Therapie online Termine buchen.'),
(179, 614, 1, 'ber mich', '2022-07-19 12:29:43', '2022-07-19 12:29:43', '79f68d5a-2c65-4961-8391-950eb95d728a', 'Diese Seite berichtet ber mich', '<h2>Hallo! You\'re not the only one facing a challenging, stressful housing market.</h2>\n<p>Lorem, ipsum dolor sit amet consectetur adipisicing elit. Recusandae cum delectus amet cupiditate minima alias velit enim aliquam deserunt sequi dolorem possimus quia eaque mollitia, labore nulla voluptates reprehenderit iste!</p>\n<p>Lorem ipsum dolor sit amet, consectetur adipisicing elit. Itaque eaque officia dolor ad adipisci amet sunt eligendi omnis incidunt, ea, illo, reiciendis assumenda! Quidem molestias ab dolorem dolore placeat quo?</p>\n<h2>But it can be done!</h2>\n<p>Lorem, ipsum dolor sit amet consectetur adipisicing elit. Voluptatem magnam dolor rem quaerat accusamus, tempore eos veniam culpa perferendis exercitationem qui. Sequi, ut laborum debitis atque aperiam voluptatibus nam molestiae!</p>\n<blockquote><p>Olivia was able to find a home for me in a short amount of time. I was able to get a job and a place to live. I am so grateful to her for all of her hard work and dedication.</p></blockquote><figure><img src=\"{asset:362:url||http://voi-entspannt.test/assets/images/placeholder.png}\" alt=\"Thats me\" /><figcaption>Das ist ein Bild von mir</figcaption></figure>\n\n<h2>Working with Me</h2>\n<p>Lorem ipsum dolor sit amet consectetur adipisicing elit. Praesentium, harum placeat maiores quidem aperiam reprehenderit repellat, necessitatibus nulla iure alias quibusdam asperiores architecto quos ad consectetur incidunt labore doloribus. Fuga.</p>\n<p>Lorem ipsum dolor sit amet consectetur adipisicing elit. Itaque quis rerum minus dolorum aut, harum tenetur error vitae quo fuga sed laudantium fugiat ducimus eaque quos placeat dolor accusantium deleniti!</p>\n<h2>Let\'s Work Together</h2>\n<p>Contact me via phone, email, or social media to schedule a time to talk about your next home purchase.</p>\n<p><a href=\"tel:+12025550199\">+1 (202) 555-0199</a><br /><a href=\"mailto:olivia@gmail.com\">olivia@gmail.com</a></p>', NULL, NULL, NULL, NULL, NULL, NULL, NULL, NULL, NULL, NULL, NULL, NULL, 'Voi Entspannt | Christoph Reiter ber mich', 'Voi Entrspannt | Christoph Reiter Hier erzhle ich etwas ber mich'),
(181, 616, 1, 'ber mich', '2022-07-19 13:08:38', '2022-07-19 13:08:38', '07ac879c-9434-465e-9b42-74c43b0ab2d0', 'Diese Seite berichtet ber mich', '<h2>Hallo! You\'re not the only one facing a challenging, stressful housing market.</h2>\n<p>Lorem, ipsum dolor sit amet consectetur adipisicing elit. Recusandae cum delectus amet cupiditate minima alias velit enim aliquam deserunt sequi dolorem possimus quia eaque mollitia, labore nulla voluptates reprehenderit iste!</p>\n<p>Lorem ipsum dolor sit amet, consectetur adipisicing elit. Itaque eaque officia dolor ad adipisci amet sunt eligendi omnis incidunt, ea, illo, reiciendis assumenda! Quidem molestias ab dolorem dolore placeat quo?</p>\n<h2>But it can be done!</h2>\n<p>Lorem, ipsum dolor sit amet consectetur adipisicing elit. Voluptatem magnam dolor rem quaerat accusamus, tempore eos veniam culpa perferendis exercitationem qui. Sequi, ut laborum debitis atque aperiam voluptatibus nam molestiae!</p>\n<blockquote><p>Olivia was able to find a home for me in a short amount of time. I was able to get a job and a place to live. I am so grateful to her for all of her hard work and dedication.</p></blockquote>\n<figure><img src=\"{asset:362:transform:contentImage||http://voi-entspannt.test/assets/images/_contentImage/placeholder.png}\" alt=\"Thats me\" /><figcaption>Das ist ein Bild von mir</figcaption></figure>\n<h2>Working with Me</h2>\n<p>Lorem ipsum dolor sit amet consectetur adipisicing elit. Praesentium, harum placeat maiores quidem aperiam reprehenderit repellat, necessitatibus nulla iure alias quibusdam asperiores architecto quos ad consectetur incidunt labore doloribus. Fuga.</p>\n<p>Lorem ipsum dolor sit amet consectetur adipisicing elit. Itaque quis rerum minus dolorum aut, harum tenetur error vitae quo fuga sed laudantium fugiat ducimus eaque quos placeat dolor accusantium deleniti!</p>\n<h2>Let\'s Work Together</h2>\n<p>Contact me via phone, email, or social media to schedule a time to talk about your next home purchase.</p>\n<p><a href=\"tel:+12025550199\">+1 (202) 555-0199</a><br /><a href=\"mailto:olivia@gmail.com\">olivia@gmail.com</a></p>', NULL, NULL, NULL, NULL, NULL, NULL, NULL, NULL, NULL, NULL, NULL, NULL, 'Voi Entspannt | Christoph Reiter ber mich', 'Voi Entrspannt | Christoph Reiter Hier erzhle ich etwas ber mich'),
(183, 628, 1, 'Home', '2022-07-24 19:52:10', '2022-07-24 19:52:10', '5bb3a143-f0f9-4881-8a97-aba2aa117261', 'Jetzt Massage bei dir zuhause buchen', '<p>Testing consetetur sadipscing elitr, sed diam nonumy eirmod tempor invidunt ut labore et dolore magna aliquyam erat, sed diam voluptua. At vero</p>', 'Preise Test', 'Testing Lorem ipsum dolor sit amet', 'Meine Leistungen', '<h2>Hey das ist ein Test</h2>\n<p>consetetur sadipscing elitr, sed diam nonumy eirmod tempor invidunt ut labore et dolore magna aliquyam erat, sed diam voluptua. At vero eos et accusam et justo duo dolores et ea rebum. Stet clita kasd gubergren, no sea takimata sanctus est Lorem ipsum dolor sit amet. Lorem ipsum dolor sit amet, consetetur sadipscing elitr, sed diam nonumy eirmod tempor invidunt ut labore et dolore magna aliquyam erat, sed diam voluptua. At vero</p>', '<h2>Gutscheine</h2>\n<p>Lorem ipsum dolor sit amet, consetetur sadipscing elitr, sed diam nonumy eirmod tempor invidunt ut labore et dolore magna aliquyam erat, sed diam voluptua. At vero eos et accusam et justo duo dolores et ea rebum. Stet clita kasd gubergren, no sea takimata sanctus est Lorem ipsum dolor sit amet. Lorem ipsum dolor sit amet, consetetur sadipscing elitr, sed diam nonumy eirmod tempor </p>', NULL, NULL, NULL, NULL, NULL, NULL, NULL, 'Voi Entspannt | Dein Masseur bei dir Zuhause', 'Voi Entspannt | Ich bin Christoph Reiter und Masseur aus Linz. Jetzt Termin vereinbaren.'),
(185, 649, 1, 'Home', '2022-07-24 19:53:08', '2022-07-24 19:53:08', '13ca2769-8ef5-4b77-acdd-b533cfb5b513', 'Jetzt Massage bei dir zuhause buchen', '<p>Testing consetetur sadipscing elitr, sed diam nonumy eirmod tempor invidunt ut labore et dolore magna aliquyam erat, sed diam voluptua. At vero</p>', 'Preise Test', 'Testing Lorem ipsum dolor sit amet', 'Meine Leistungen', '<h2>Hey das ist ein Test</h2>\n<p>consetetur sadipscing elitr, sed diam nonumy eirmod tempor invidunt ut labore et dolore magna aliquyam erat, sed diam voluptua. At vero eos et accusam et justo duo dolores et ea rebum. Stet clita kasd gubergren, no sea takimata sanctus est Lorem ipsum dolor sit amet. Lorem ipsum dolor sit amet, consetetur sadipscing elitr, sed diam nonumy eirmod tempor invidunt ut labore et dolore magna aliquyam erat, sed diam voluptua. At vero</p>', '<h2>Gutscheine</h2>\n<p>Lorem ipsum dolor sit amet, consetetur sadipscing elitr, sed diam nonumy eirmod tempor invidunt ut labore et dolore magna aliquyam erat, sed diam voluptua. At vero eos et accusam et justo duo dolores et ea rebum. Stet clita kasd gubergren, no sea takimata sanctus est Lorem ipsum dolor sit amet. Lorem ipsum dolor sit amet, consetetur sadipscing elitr, sed diam nonumy eirmod tempor </p>', NULL, NULL, NULL, NULL, NULL, NULL, NULL, 'Voi Entspannt | Dein Masseur bei dir Zuhause', 'Voi Entspannt | Ich bin Christoph Reiter und Masseur aus Linz. Jetzt Termin vereinbaren.'),
(187, 658, 1, 'ber mich', '2022-07-24 19:59:14', '2022-07-24 19:59:14', '7daf6a22-3b23-412c-8a94-f10989e70ad3', 'Diese Seite berichtet ber mich', '<h2>Hallo! You\'re not the only one facing a challenging, stressful housing market.</h2>\n<p>Lorem, ipsum dolor sit amet consectetur adipisicing elit. Recusandae cum delectus amet cupiditate minima alias velit enim aliquam deserunt sequi dolorem possimus quia eaque mollitia, labore nulla voluptates reprehenderit iste!</p>\n<p>Lorem ipsum dolor sit amet, consectetur adipisicing elit. Itaque eaque officia dolor ad adipisci amet sunt eligendi omnis incidunt, ea, illo, reiciendis assumenda! Quidem molestias ab dolorem dolore placeat quo?</p>\n<h2>But it can be done!</h2>\n<p>Lorem, ipsum dolor sit amet consectetur adipisicing elit. Voluptatem magnam dolor rem quaerat accusamus, tempore eos veniam culpa perferendis exercitationem qui. Sequi, ut laborum debitis atque aperiam voluptatibus nam molestiae!</p>\n<blockquote><p>Olivia was able to find a home for me in a short amount of time. I was able to get a job and a place to live. I am so grateful to her for all of her hard work and dedication.</p></blockquote>\n<figure><img src=\"{asset:362:transform:contentImage||http://voi-entspannt.test/assets/images/_contentImage/placeholder.png}\" alt=\"Thats me\" /><figcaption>Das ist ein Bild von mir</figcaption></figure>\n<h2>Working with Me</h2>\n<p>Lorem ipsum dolor sit amet consectetur adipisicing elit. Praesentium, harum placeat maiores quidem aperiam reprehenderit repellat, necessitatibus nulla iure alias quibusdam asperiores architecto quos ad consectetur incidunt labore doloribus. Fuga.</p>\n<p>Lorem ipsum dolor sit amet consectetur adipisicing elit. Itaque quis rerum minus dolorum aut, harum tenetur error vitae quo fuga sed laudantium fugiat ducimus eaque quos placeat dolor accusantium deleniti!</p>\n<h2>Let\'s Work Together</h2>\n<p>Contact me via phone, email, or social media to schedule a time to talk about your next home purchase.</p>\n<p><a href=\"tel:+12025550199\">+1 (202) 555-0199</a><br /><a href=\"mailto:olivia@gmail.com\">olivia@gmail.com</a></p>', NULL, NULL, NULL, NULL, NULL, NULL, NULL, NULL, NULL, NULL, NULL, NULL, 'Voi Entspannt | Christoph Reiter ber mich', 'Voi Entrspannt | Christoph Reiter Hier erzhle ich etwas ber mich'),
(191, 662, 1, 'Meine Leistungen', '2022-07-25 14:27:48', '2022-07-25 14:27:48', '8e15fe47-e820-49a0-9533-32cfbbffc46e', NULL, '<h2>Hallo! You\'re not the only one facing a challenging, stressful housing market.</h2>\n<p>Lorem, ipsum dolor sit amet consectetur adipisicing elit. Recusandae cum delectus amet cupiditate minima alias velit enim aliquam deserunt sequi dolorem possimus quia eaque mollitia, labore nulla voluptates reprehenderit iste!</p>\n<p>Lorem ipsum dolor sit amet, consectetur adipisicing elit. Itaque eaque officia dolor ad adipisci amet sunt eligendi omnis incidunt, ea, illo, reiciendis assumenda! Quidem molestias ab dolorem dolore placeat quo?</p>\n<h2>But it can be done!</h2>\n<p>Lorem, ipsum dolor sit amet consectetur adipisicing elit. Voluptatem magnam dolor rem quaerat accusamus, tempore eos veniam culpa perferendis exercitationem qui. Sequi, ut laborum debitis atque aperiam voluptatibus nam molestiae!</p>\n<blockquote><p>Olivia was able to find a home for me in a short amount of time. I was able to get a job and a place to live. I am so grateful to her for all of her hard work and dedication.</p></blockquote>\n<figure style=\"margin:0px 0px 1em;padding:0px;border:0px;font-style:normal;font-weight:400;font-size:16px;line-height:inherit;font-family:\'system-ui\';\"><img src=\"{asset:362:transform:contentImage||http://voi-entspannt.test/assets/images/_contentImage/placeholder.png}\" alt=\"Thats me\" /><figcaption style=\"margin:0px;padding:0px;border:0px;font-style:italic;font-variant:inherit;font-weight:inherit;font-size:12px;line-height:inherit;font-family:inherit;vertical-align:baseline;text-align:left;\">Das ist ein Bild von mir</figcaption></figure>\n<h2>Working with Me</h2>\n<figure><img src=\"{asset:118:url||http://voi-entspannt.test/assets/images/me.png}\" alt=\"me\" /></figure>\n<p>Lorem ipsum dolor sit amet consectetur adipisicing elit. Praesentium, harum placeat maiores quidem aperiam reprehenderit repellat, necessitatibus nulla iure alias quibusdam asperiores architecto quos ad consectetur incidunt labore doloribus. Fuga.</p>\n<p>Lorem ipsum dolor sit amet consectetur adipisicing elit. Itaque quis rerum minus dolorum aut, harum tenetur error vitae quo fuga sed laudantium fugiat ducimus eaque quos placeat dolor accusantium deleniti!</p>\n<h2>Let\'s Work Together</h2>\n<p>Contact me via phone, email, or social media to schedule a time to talk about your next home purchase.</p>\n<p><a href=\"tel:+12025550199\">+1 (202) 555-0199</a><br /><a href=\"mailto:olivia@gmail.com\">olivia@gmail.com</a></p>\n<p>Test</p>', NULL, NULL, NULL, NULL, NULL, NULL, NULL, NULL, NULL, NULL, NULL, NULL, 'Voi Entspannt | Christoph Reiter Meine Leistungen', 'Voi Entspannt | Christoph Reiter Massage Therapie in Linz bei Ihnen zuhause'),
(193, 664, 1, 'Meine Leistungen', '2022-07-25 14:28:45', '2022-07-25 14:28:45', '69f94d51-57fe-4619-9039-0dc41ba6a4fa', NULL, '<h2>Hallo! You\'re not the only one facing a challenging, stressful housing market.</h2>\n<p>Lorem, ipsum dolor sit amet consectetur adipisicing elit. Recusandae cum delectus amet cupiditate minima alias velit enim aliquam deserunt sequi dolorem possimus quia eaque mollitia, labore nulla voluptates reprehenderit iste!</p>\n<p>Lorem ipsum dolor sit amet, consectetur adipisicing elit. Itaque eaque officia dolor ad adipisci amet sunt eligendi omnis incidunt, ea, illo, reiciendis assumenda! Quidem molestias ab dolorem dolore placeat quo?</p>\n<h2>But it can be done!</h2>\n<p>Lorem, ipsum dolor sit amet consectetur adipisicing elit. Voluptatem magnam dolor rem quaerat accusamus, tempore eos veniam culpa perferendis exercitationem qui. Sequi, ut laborum debitis atque aperiam voluptatibus nam molestiae!</p>\n<blockquote><p>Olivia was able to find a home for me in a short amount of time. I was able to get a job and a place to live. I am so grateful to her for all of her hard work and dedication.</p></blockquote>\n<figure style=\"margin:0px 0px 1em;padding:0px;border:0px;font-style:normal;font-weight:400;font-size:16px;line-height:inherit;font-family:\'system-ui\';\"><img src=\"{asset:362:url||http://voi-entspannt.test/assets/images/placeholder.png}\" alt=\"Thats me\" /><figcaption style=\"margin:0px;padding:0px;border:0px;font-style:italic;font-variant:inherit;font-weight:inherit;font-size:12px;line-height:inherit;font-family:inherit;vertical-align:baseline;text-align:left;\">Das ist ein Bild von mir</figcaption></figure>\n<h2>Working with Me</h2>\n<figure><img src=\"{asset:118:url||http://voi-entspannt.test/assets/images/me.png}\" alt=\"me\" /></figure>\n<p>Lorem ipsum dolor sit amet consectetur adipisicing elit. Praesentium, harum placeat maiores quidem aperiam reprehenderit repellat, necessitatibus nulla iure alias quibusdam asperiores architecto quos ad consectetur incidunt labore doloribus. Fuga.</p>\n<p>Lorem ipsum dolor sit amet consectetur adipisicing elit. Itaque quis rerum minus dolorum aut, harum tenetur error vitae quo fuga sed laudantium fugiat ducimus eaque quos placeat dolor accusantium deleniti!</p>\n<h2>Let\'s Work Together</h2>\n<p>Contact me via phone, email, or social media to schedule a time to talk about your next home purchase.</p>\n<p><a href=\"tel:+12025550199\">+1 (202) 555-0199</a><br /><a href=\"mailto:olivia@gmail.com\">olivia@gmail.com</a></p>\n<p>Test</p>', NULL, NULL, NULL, NULL, NULL, NULL, NULL, NULL, NULL, NULL, NULL, NULL, 'Voi Entspannt | Christoph Reiter Meine Leistungen', 'Voi Entspannt | Christoph Reiter Massage Therapie in Linz bei Ihnen zuhause'),
(195, 666, 1, 'Meine Leistungen', '2022-07-25 14:49:21', '2022-07-25 14:49:21', '8c4e158d-a415-4e50-914a-c759d6b788d6', NULL, '<h2>Hallo! You\'re not the only one facing a challenging, stressful housing market.</h2>\n<p>Lorem, ipsum dolor sit amet consectetur adipisicing elit. Recusandae cum delectus amet cupiditate minima alias velit enim aliquam deserunt sequi dolorem possimus quia eaque mollitia, labore nulla voluptates reprehenderit iste!</p>\n<p>Lorem ipsum dolor sit amet, consectetur adipisicing elit. Itaque eaque officia dolor ad adipisci amet sunt eligendi omnis incidunt, ea, illo, reiciendis assumenda! Quidem molestias ab dolorem dolore placeat quo?</p>\n<h2>But it can be done!</h2>\n<p>Lorem, ipsum dolor sit amet consectetur adipisicing elit. Voluptatem magnam dolor rem quaerat accusamus, tempore eos veniam culpa perferendis exercitationem qui. Sequi, ut laborum debitis atque aperiam voluptatibus nam molestiae!</p>\n<blockquote><p>Olivia was able to find a home for me in a short amount of time. I was able to get a job and a place to live. I am so grateful to her for all of her hard work and dedication.</p></blockquote>\n<figure style=\"margin:0px 0px 1em;padding:0px;border:0px;font-style:normal;font-weight:400;font-size:16px;line-height:inherit;font-family:\'system-ui\';\"><img src=\"{asset:362:transform:contentImage||http://voi-entspannt.test/assets/images/_contentImage/placeholder.png}\" alt=\"Thats me\" /><figcaption style=\"margin:0px;padding:0px;border:0px;font-style:italic;font-variant:inherit;font-weight:inherit;font-size:12px;line-height:inherit;font-family:inherit;vertical-align:baseline;text-align:left;\">Das ist ein Bild von mir</figcaption></figure>\n<h2>Working with Me</h2>\n<figure><img src=\"{asset:118:url||http://voi-entspannt.test/assets/images/me.png}\" alt=\"me\" /></figure>\n<p>Lorem ipsum dolor sit amet consectetur adipisicing elit. Praesentium, harum placeat maiores quidem aperiam reprehenderit repellat, necessitatibus nulla iure alias quibusdam asperiores architecto quos ad consectetur incidunt labore doloribus. Fuga.</p>\n<p>Lorem ipsum dolor sit amet consectetur adipisicing elit. Itaque quis rerum minus dolorum aut, harum tenetur error vitae quo fuga sed laudantium fugiat ducimus eaque quos placeat dolor accusantium deleniti!</p>\n<h2>Let\'s Work Together</h2>\n<p>Contact me via phone, email, or social media to schedule a time to talk about your next home purchase.</p>\n<p><a href=\"tel:+12025550199\">+1 (202) 555-0199</a><br /><a href=\"mailto:olivia@gmail.com\">olivia@gmail.com</a></p>\n<p>Test</p>', NULL, NULL, NULL, NULL, NULL, NULL, NULL, NULL, NULL, NULL, NULL, NULL, 'Voi Entspannt | Christoph Reiter Meine Leistungen', 'Voi Entspannt | Christoph Reiter Massage Therapie in Linz bei Ihnen zuhause'),
(197, 668, 1, 'Meine Leistungen', '2022-07-25 14:49:47', '2022-07-25 14:49:47', '50484514-e7a9-440c-a814-c4fbe4868877', NULL, '<h2>Hallo! You\'re not the only one facing a challenging, stressful housing market.</h2>\n<p>Lorem, ipsum dolor sit amet consectetur adipisicing elit. Recusandae cum delectus amet cupiditate minima alias velit enim aliquam deserunt sequi dolorem possimus quia eaque mollitia, labore nulla voluptates reprehenderit iste!</p>\n<p>Lorem ipsum dolor sit amet, consectetur adipisicing elit. Itaque eaque officia dolor ad adipisci amet sunt eligendi omnis incidunt, ea, illo, reiciendis assumenda! Quidem molestias ab dolorem dolore placeat quo?</p>\n<h2>But it can be done!</h2>\n<p>Lorem, ipsum dolor sit amet consectetur adipisicing elit. Voluptatem magnam dolor rem quaerat accusamus, tempore eos veniam culpa perferendis exercitationem qui. Sequi, ut laborum debitis atque aperiam voluptatibus nam molestiae!</p>\n<blockquote><p>Olivia was able to find a home for me in a short amount of time. I was able to get a job and a place to live. I am so grateful to her for all of her hard work and dedication.</p></blockquote>\n<figure style=\"margin:0px 0px 1em;padding:0px;border:0px;font-style:normal;font-weight:400;font-size:16px;line-height:inherit;font-family:\'system-ui\';\"><img src=\"{asset:362:transform:contentImage||http://voi-entspannt.test/assets/images/_contentImage/placeholder.png}\" alt=\"Thats me\" /><figcaption style=\"margin:0px;padding:0px;border:0px;font-style:italic;font-variant:inherit;font-weight:inherit;font-size:12px;line-height:inherit;font-family:inherit;vertical-align:baseline;text-align:left;\">Das ist ein Bild von mir</figcaption></figure>\n<h2>Working with Me</h2>\n<figure><img src=\"{asset:118:transform:contentImage||http://voi-entspannt.test/assets/images/_contentImage/me.png}\" alt=\"me\" /></figure>\n<p>Lorem ipsum dolor sit amet consectetur adipisicing elit. Praesentium, harum placeat maiores quidem aperiam reprehenderit repellat, necessitatibus nulla iure alias quibusdam asperiores architecto quos ad consectetur incidunt labore doloribus. Fuga.</p>\n<p>Lorem ipsum dolor sit amet consectetur adipisicing elit. Itaque quis rerum minus dolorum aut, harum tenetur error vitae quo fuga sed laudantium fugiat ducimus eaque quos placeat dolor accusantium deleniti!</p>\n<h2>Let\'s Work Together</h2>\n<p>Contact me via phone, email, or social media to schedule a time to talk about your next home purchase.</p>\n<p><a href=\"tel:+12025550199\">+1 (202) 555-0199</a><br /><a href=\"mailto:olivia@gmail.com\">olivia@gmail.com</a></p>\n<p>Test</p>', NULL, NULL, NULL, NULL, NULL, NULL, NULL, NULL, NULL, NULL, NULL, NULL, 'Voi Entspannt | Christoph Reiter Meine Leistungen', 'Voi Entspannt | Christoph Reiter Massage Therapie in Linz bei Ihnen zuhause'),
(199, 670, 1, 'Meine Leistungen', '2022-07-25 14:51:17', '2022-07-25 14:51:17', '0b7e9684-9e8f-4a6d-b472-a655bb0af0c9', NULL, '<h2>Hallo! You\'re not the only one facing a challenging, stressful housing market.</h2>\n<p>Lorem, ipsum dolor sit amet consectetur adipisicing elit. Recusandae cum delectus amet cupiditate minima alias velit enim aliquam deserunt sequi dolorem possimus quia eaque mollitia, labore nulla voluptates reprehenderit iste!</p>\n<p>Lorem ipsum dolor sit amet, consectetur adipisicing elit. Itaque eaque officia dolor ad adipisci amet sunt eligendi omnis incidunt, ea, illo, reiciendis assumenda! Quidem molestias ab dolorem dolore placeat quo?</p>\n<h2>But it can be done!</h2>\n<p>Lorem, ipsum dolor sit amet consectetur adipisicing elit. Voluptatem magnam dolor rem quaerat accusamus, tempore eos veniam culpa perferendis exercitationem qui. Sequi, ut laborum debitis atque aperiam voluptatibus nam molestiae!</p>\n<blockquote><p>Olivia was able to find a home for me in a short amount of time. I was able to get a job and a place to live. I am so grateful to her for all of her hard work and dedication.</p></blockquote>\n<figure style=\"margin:0px 0px 1em;padding:0px;border:0px;font-style:normal;font-weight:400;font-size:16px;line-height:inherit;font-family:\'system-ui\';\"><img src=\"{asset:362:transform:contentImage||http://voi-entspannt.test/assets/images/_contentImage/placeholder.png}\" alt=\"Thats me\" /><figcaption style=\"margin:0px;padding:0px;border:0px;font-style:italic;font-variant:inherit;font-weight:inherit;font-size:12px;line-height:inherit;font-family:inherit;vertical-align:baseline;text-align:left;\">Das ist ein Bild von mir</figcaption></figure>\n<h2>Working with Me</h2>\n\n<p>Lorem ipsum dolor sit amet consectetur adipisicing elit. Praesentium, harum placeat maiores quidem aperiam reprehenderit repellat, necessitatibus nulla iure alias quibusdam asperiores architecto quos ad consectetur incidunt labore doloribus. Fuga.</p>\n<p>Lorem ipsum dolor sit amet consectetur adipisicing elit. Itaque quis rerum minus dolorum aut, harum tenetur error vitae quo fuga sed laudantium fugiat ducimus eaque quos placeat dolor accusantium deleniti!</p>\n<h2>Let\'s Work Together</h2>\n<p>Contact me via phone, email, or social media to schedule a time to talk about your next home purchase.</p>\n<p><a href=\"tel:+12025550199\">+1 (202) 555-0199</a><br /><a href=\"mailto:olivia@gmail.com\">olivia@gmail.com</a></p>\n<p>Test</p>', NULL, NULL, NULL, NULL, NULL, NULL, NULL, NULL, NULL, NULL, NULL, NULL, 'Voi Entspannt | Christoph Reiter Meine Leistungen', 'Voi Entspannt | Christoph Reiter Massage Therapie in Linz bei Ihnen zuhause');

INSERT INTO `drafts` (`id`, `sourceId`, `creatorId`, `provisional`, `name`, `notes`, `trackChanges`, `dateLastMerged`, `saved`) VALUES
(3, 4, 3, 0, 'Entwurf 1', '', 1, NULL, 1);

INSERT INTO `elements` (`id`, `canonicalId`, `draftId`, `revisionId`, `fieldLayoutId`, `type`, `enabled`, `archived`, `dateCreated`, `dateUpdated`, `dateLastMerged`, `dateDeleted`, `uid`) VALUES
(1, NULL, NULL, NULL, 12, 'craft\\elements\\Entry', 1, 0, '2022-06-25 12:57:38', '2022-07-24 19:53:07', NULL, NULL, '95390ffe-a940-4e22-98e8-990818f5657b'),
(3, NULL, NULL, NULL, NULL, 'craft\\elements\\User', 1, 0, '2022-06-25 12:57:40', '2022-07-19 13:18:42', NULL, NULL, '3beca5c3-3113-4a1c-93fc-8c1801138eb2'),
(4, NULL, NULL, NULL, 10, 'craft\\elements\\Entry', 0, 0, '2022-07-01 06:24:24', '2022-07-01 06:39:07', NULL, '2022-07-11 14:20:58', 'c9e100c6-297b-459f-81ad-5112fe95ba34'),
(5, NULL, NULL, NULL, 16, 'craft\\elements\\Entry', 1, 0, '2022-07-01 06:30:10', '2022-07-01 06:31:10', NULL, '2022-07-11 14:20:47', '609d5a7f-05c2-4d43-90d2-c0e7b1b2a5b9'),
(6, 5, NULL, 2, 16, 'craft\\elements\\Entry', 1, 0, '2022-07-01 06:30:10', '2022-07-01 06:30:10', NULL, '2022-07-11 14:20:47', '5f5bc0be-1994-40e1-809c-21ed13b2a658'),
(7, 5, NULL, 3, 16, 'craft\\elements\\Entry', 1, 0, '2022-07-01 06:30:57', '2022-07-01 06:30:57', NULL, '2022-07-11 14:20:47', '6885481b-fe13-4523-8961-51040ec41c5f'),
(8, 5, NULL, 4, 16, 'craft\\elements\\Entry', 1, 0, '2022-07-01 06:31:10', '2022-07-01 06:31:10', NULL, '2022-07-11 14:20:47', '59754376-e840-4214-ba04-4914a43e2b86'),
(9, 4, NULL, 5, 10, 'craft\\elements\\Entry', 0, 0, '2022-07-01 06:31:37', '2022-07-01 06:31:37', NULL, '2022-07-11 14:20:58', '035387cd-a07f-4c61-827f-43ce8979abff'),
(11, 4, NULL, 6, 10, 'craft\\elements\\Entry', 0, 0, '2022-07-01 06:39:07', '2022-07-01 06:39:07', NULL, '2022-07-11 14:20:58', '2075838c-1731-470e-be88-a7c8263ca1cc'),
(12, 4, 3, NULL, 10, 'craft\\elements\\Entry', 0, 0, '2022-07-01 06:39:25', '2022-07-01 06:39:29', NULL, '2022-07-11 14:20:58', '3b461161-c74a-463a-9b1e-0a1fc12a5771'),
(13, NULL, NULL, NULL, 18, 'craft\\elements\\GlobalSet', 1, 0, '2022-07-11 14:23:24', '2022-07-24 20:03:17', NULL, NULL, '722da717-5c9d-4ac6-bfa0-08134732dc4c'),
(14, NULL, NULL, NULL, 19, 'craft\\elements\\Entry', 1, 0, '2022-07-11 14:33:12', '2022-07-24 19:59:14', NULL, NULL, 'a8a1ee24-62a5-4a31-bfcc-ff4487fdb6a4'),
(16, NULL, NULL, NULL, 17, 'craft\\elements\\MatrixBlock', 1, 0, '2022-07-11 14:35:00', '2022-07-24 20:03:17', NULL, NULL, '7f99ef79-5e04-4f6a-aacc-570806244ce1'),
(19, NULL, NULL, NULL, 6, 'craft\\elements\\Asset', 1, 0, '2022-07-11 14:49:49', '2022-07-11 15:01:26', NULL, NULL, '74532a4f-e2cf-4096-8b74-02b6109135d2'),
(22, NULL, NULL, NULL, 6, 'craft\\elements\\Asset', 1, 0, '2022-07-11 15:01:01', '2022-07-11 15:01:01', NULL, '2022-07-11 15:01:30', 'b22ede13-eecd-4a9f-9b55-1447228af86f'),
(30, NULL, NULL, NULL, 20, 'craft\\elements\\MatrixBlock', 1, 0, '2022-07-12 09:56:10', '2022-07-12 09:56:10', NULL, '2022-07-12 09:57:00', '16204026-9ff1-4bb3-bb15-f9ba2a2ac060'),
(31, NULL, NULL, NULL, 6, 'craft\\elements\\Asset', 1, 0, '2022-07-12 09:56:56', '2022-07-12 09:56:56', NULL, NULL, '17a518c0-c19a-45e7-be0c-80061ce3850a'),
(32, NULL, NULL, NULL, 20, 'craft\\elements\\MatrixBlock', 1, 0, '2022-07-12 09:56:59', '2022-07-12 09:56:59', NULL, '2022-07-12 09:57:18', '3396a905-fdbc-4657-881a-6b3202c1c423'),
(33, NULL, NULL, NULL, 20, 'craft\\elements\\MatrixBlock', 1, 0, '2022-07-12 09:57:17', '2022-07-12 09:57:17', NULL, '2022-07-12 09:57:26', 'a7637209-7079-43e3-ad89-1fd9fdf551d5'),
(34, NULL, NULL, NULL, 20, 'craft\\elements\\MatrixBlock', 1, 0, '2022-07-12 09:57:26', '2022-07-12 09:57:26', NULL, '2022-07-12 09:57:29', '36d7efb2-cbcb-48a6-9ed9-662dd3df1e99'),
(35, NULL, NULL, NULL, 20, 'craft\\elements\\MatrixBlock', 1, 0, '2022-07-12 09:57:29', '2022-07-12 09:57:29', NULL, '2022-07-12 09:57:34', 'a44a57eb-0ef0-4b02-9448-58f4e6227b2a'),
(36, NULL, NULL, NULL, 20, 'craft\\elements\\MatrixBlock', 1, 0, '2022-07-12 09:57:34', '2022-07-12 09:57:34', NULL, '2022-07-12 09:57:38', '5ab41742-9cdb-414f-8b40-f757db6adcf6'),
(37, NULL, NULL, NULL, 20, 'craft\\elements\\MatrixBlock', 1, 0, '2022-07-12 09:57:38', '2022-07-12 09:57:38', NULL, '2022-07-12 09:57:40', '90377098-8422-41c1-8d13-6504c7dbd774'),
(38, NULL, NULL, NULL, 20, 'craft\\elements\\MatrixBlock', 1, 0, '2022-07-12 09:57:39', '2022-07-12 09:57:39', NULL, '2022-07-12 09:57:42', 'ba108295-cbfd-4161-af3a-933d6dcf9973'),
(39, NULL, NULL, NULL, 20, 'craft\\elements\\MatrixBlock', 1, 0, '2022-07-12 09:57:42', '2022-07-12 09:57:42', NULL, '2022-07-12 09:57:45', '8b24b4ec-3708-44e8-83c6-5de1dfdc0e36'),
(41, NULL, NULL, NULL, 20, 'craft\\elements\\MatrixBlock', 1, 0, '2022-07-12 09:57:53', '2022-07-24 19:53:08', NULL, NULL, 'e8dad455-a516-477c-81e4-d94762df561a'),
(46, NULL, NULL, NULL, 20, 'craft\\elements\\MatrixBlock', 1, 0, '2022-07-12 09:58:09', '2022-07-12 09:58:09', NULL, '2022-07-12 09:58:16', 'de621799-afe2-4142-81b3-f3d2b6959b3e'),
(47, NULL, NULL, NULL, 20, 'craft\\elements\\MatrixBlock', 1, 0, '2022-07-12 09:58:16', '2022-07-12 09:58:16', NULL, '2022-07-12 09:58:23', '069ee03f-e081-48fe-a917-6d9a65708c5f'),
(48, NULL, NULL, NULL, 20, 'craft\\elements\\MatrixBlock', 1, 0, '2022-07-12 09:58:23', '2022-07-12 09:58:23', NULL, '2022-07-12 09:58:28', '4f5b40ab-23ae-4501-9db2-6154beedf38e'),
(50, NULL, NULL, NULL, 20, 'craft\\elements\\MatrixBlock', 1, 0, '2022-07-12 09:58:34', '2022-07-19 07:38:02', NULL, '2022-07-24 19:52:10', '7880bf62-da0d-4964-959e-0de8eb8e912a'),
(72, NULL, NULL, NULL, 21, 'craft\\elements\\MatrixBlock', 1, 0, '2022-07-12 12:09:28', '2022-07-12 12:09:28', NULL, '2022-07-12 12:09:32', 'dc09cb01-4011-4f4e-9955-ed7126f6c339'),
(73, NULL, NULL, NULL, 21, 'craft\\elements\\MatrixBlock', 1, 0, '2022-07-12 12:09:32', '2022-07-12 12:09:32', NULL, '2022-07-12 12:09:36', '06532c3d-5756-4ca7-9cd5-c77dbd5de561'),
(74, NULL, NULL, NULL, 21, 'craft\\elements\\MatrixBlock', 1, 0, '2022-07-12 12:09:36', '2022-07-12 12:09:36', NULL, '2022-07-12 12:09:37', 'ef0ae940-0fcf-4ad5-88af-a2d3e07f68c3'),
(75, NULL, NULL, NULL, 21, 'craft\\elements\\MatrixBlock', 1, 0, '2022-07-12 12:09:37', '2022-07-12 12:09:37', NULL, '2022-07-12 12:09:39', 'ff054b10-bd7d-4dfb-a452-65c6b4b5e6b1'),
(76, NULL, NULL, NULL, 21, 'craft\\elements\\MatrixBlock', 1, 0, '2022-07-12 12:09:39', '2022-07-12 12:09:39', NULL, '2022-07-12 12:09:43', 'bb1587b1-736f-4dab-b865-8aa9ffda0852'),
(77, NULL, NULL, NULL, 21, 'craft\\elements\\MatrixBlock', 1, 0, '2022-07-12 12:09:43', '2022-07-12 12:09:43', NULL, '2022-07-12 12:09:49', 'b84b2ae3-de06-48f4-9bcb-860538e63f4c'),
(78, NULL, NULL, NULL, 21, 'craft\\elements\\MatrixBlock', 1, 0, '2022-07-12 12:09:49', '2022-07-12 12:09:49', NULL, '2022-07-12 12:09:54', 'bc2da80e-fbc4-46fc-bab5-7611f274d839'),
(79, NULL, NULL, NULL, 21, 'craft\\elements\\MatrixBlock', 1, 0, '2022-07-12 12:09:49', '2022-07-12 12:09:49', NULL, '2022-07-12 12:09:54', 'c4966bc8-9d83-402a-94c7-c081c3994b7f'),
(80, NULL, NULL, NULL, 21, 'craft\\elements\\MatrixBlock', 1, 0, '2022-07-12 12:09:54', '2022-07-12 12:09:54', NULL, '2022-07-12 12:09:55', '64cc3f76-8ec2-4291-8b4c-ef9b834505e7'),
(81, NULL, NULL, NULL, 21, 'craft\\elements\\MatrixBlock', 1, 0, '2022-07-12 12:09:54', '2022-07-12 12:09:54', NULL, '2022-07-12 12:09:55', '6557f079-e39e-43c1-bed0-12c8985bacee'),
(82, NULL, NULL, NULL, 21, 'craft\\elements\\MatrixBlock', 1, 0, '2022-07-12 12:09:54', '2022-07-12 12:09:54', NULL, '2022-07-12 12:09:58', '76b95a48-80be-48cd-8408-58624f284d2b'),
(83, NULL, NULL, NULL, 21, 'craft\\elements\\MatrixBlock', 1, 0, '2022-07-12 12:09:55', '2022-07-12 12:09:55', NULL, '2022-07-12 12:09:58', '6e7697ec-f835-467f-ac5b-c3611146ff51'),
(86, NULL, NULL, NULL, 21, 'craft\\elements\\MatrixBlock', 1, 0, '2022-07-12 12:10:36', '2022-07-19 07:38:02', NULL, NULL, '5f69b241-8e78-4135-b7ba-765b8f2f5feb'),
(87, NULL, NULL, NULL, 21, 'craft\\elements\\MatrixBlock', 1, 0, '2022-07-12 12:10:36', '2022-07-19 07:38:03', NULL, NULL, '04a0e4f2-1eb3-41bf-9417-2c2881ea828e'),
(118, NULL, NULL, NULL, 6, 'craft\\elements\\Asset', 1, 0, '2022-07-13 07:08:41', '2022-07-13 07:08:41', NULL, NULL, 'eb69ea4f-b3b4-48f9-a5e1-e5c5d304e24d'),
(149, NULL, NULL, NULL, 22, 'craft\\elements\\MatrixBlock', 1, 0, '2022-07-13 08:31:58', '2022-07-13 08:31:58', NULL, '2022-07-13 08:32:04', '7e319aed-246f-4ecf-a889-1adde1db1d84'),
(150, NULL, NULL, NULL, 22, 'craft\\elements\\MatrixBlock', 1, 0, '2022-07-13 08:31:58', '2022-07-13 08:31:58', NULL, '2022-07-13 08:32:04', 'e5cf6180-d24e-4728-a61d-5add4b0a2fca'),
(151, NULL, NULL, NULL, 22, 'craft\\elements\\MatrixBlock', 1, 0, '2022-07-13 08:31:58', '2022-07-13 08:31:58', NULL, '2022-07-13 08:32:04', 'f0c5ff60-8d61-492c-b83b-cca30a93dca3'),
(152, NULL, NULL, NULL, 22, 'craft\\elements\\MatrixBlock', 1, 0, '2022-07-13 08:32:04', '2022-07-13 08:32:04', NULL, '2022-07-13 08:32:06', '586a1e69-2d14-418c-97f0-e2e028f343e2'),
(153, NULL, NULL, NULL, 22, 'craft\\elements\\MatrixBlock', 1, 0, '2022-07-13 08:32:04', '2022-07-13 08:32:04', NULL, '2022-07-13 08:32:06', 'e7340223-2088-4dd7-aaf7-3430ac4c2aa7'),
(154, NULL, NULL, NULL, 22, 'craft\\elements\\MatrixBlock', 1, 0, '2022-07-13 08:32:04', '2022-07-13 08:32:04', NULL, '2022-07-13 08:32:07', '53fd700b-1dca-4045-8f55-0a4836b78db8'),
(155, NULL, NULL, NULL, 22, 'craft\\elements\\MatrixBlock', 1, 0, '2022-07-13 08:32:06', '2022-07-13 08:32:06', NULL, '2022-07-13 08:32:09', '2377825d-b83c-4696-9a55-e7e5208c01d9'),
(156, NULL, NULL, NULL, 22, 'craft\\elements\\MatrixBlock', 1, 0, '2022-07-13 08:32:06', '2022-07-13 08:32:06', NULL, '2022-07-13 08:32:09', '366a36ed-f3f4-4646-a03f-0dab8514a3f2'),
(157, NULL, NULL, NULL, 22, 'craft\\elements\\MatrixBlock', 1, 0, '2022-07-13 08:32:06', '2022-07-13 08:32:06', NULL, '2022-07-13 08:32:09', 'd36efaaa-b2f3-44fb-b616-bce4a9e1b8c4'),
(158, NULL, NULL, NULL, 22, 'craft\\elements\\MatrixBlock', 1, 0, '2022-07-13 08:32:08', '2022-07-13 08:32:08', NULL, '2022-07-13 08:32:13', '0577dae9-fb8c-40f2-9f7e-073a808f5410'),
(159, NULL, NULL, NULL, 22, 'craft\\elements\\MatrixBlock', 1, 0, '2022-07-13 08:32:09', '2022-07-13 08:32:09', NULL, '2022-07-13 08:32:13', '4ef52faa-9734-4f44-ad3a-5999defc5944'),
(160, NULL, NULL, NULL, 22, 'craft\\elements\\MatrixBlock', 1, 0, '2022-07-13 08:32:09', '2022-07-13 08:32:09', NULL, '2022-07-13 08:32:14', 'ef96bf08-6c3b-4d6d-bb56-b5173b4d012a'),
(161, NULL, NULL, NULL, 22, 'craft\\elements\\MatrixBlock', 1, 0, '2022-07-13 08:32:13', '2022-07-13 08:32:13', NULL, '2022-07-13 08:32:22', '14490a02-4a61-49eb-8d28-8c25b0ca050a'),
(162, NULL, NULL, NULL, 22, 'craft\\elements\\MatrixBlock', 1, 0, '2022-07-13 08:32:13', '2022-07-13 08:32:13', NULL, '2022-07-13 08:32:22', 'd2ab5956-2b52-494a-9907-fab7e41bf4aa'),
(163, NULL, NULL, NULL, 22, 'craft\\elements\\MatrixBlock', 1, 0, '2022-07-13 08:32:13', '2022-07-13 08:32:13', NULL, '2022-07-13 08:32:22', '2b9675a2-cefb-4fa3-835c-8c4037862c42'),
(164, NULL, NULL, NULL, 22, 'craft\\elements\\MatrixBlock', 1, 0, '2022-07-13 08:32:22', '2022-07-13 08:32:22', NULL, '2022-07-13 08:32:34', '9c2bdc3d-66e4-4f5d-96e5-e02a60865a1c'),
(165, NULL, NULL, NULL, 22, 'craft\\elements\\MatrixBlock', 1, 0, '2022-07-13 08:32:22', '2022-07-13 08:32:22', NULL, '2022-07-13 08:32:34', '11aff71c-7e3e-4756-9401-fe5349a3c692'),
(166, NULL, NULL, NULL, 22, 'craft\\elements\\MatrixBlock', 1, 0, '2022-07-13 08:32:22', '2022-07-13 08:32:22', NULL, '2022-07-13 08:32:35', 'c5784ed7-dcbc-4c93-b92b-58799a25cdb3'),
(167, NULL, NULL, NULL, 22, 'craft\\elements\\MatrixBlock', 1, 0, '2022-07-13 08:32:34', '2022-07-13 08:32:34', NULL, '2022-07-13 08:32:36', '3933b2c0-91fc-43f4-84df-6681cab5f5c9'),
(168, NULL, NULL, NULL, 22, 'craft\\elements\\MatrixBlock', 1, 0, '2022-07-13 08:32:34', '2022-07-13 08:32:34', NULL, '2022-07-13 08:32:37', 'e284a686-7245-4474-87ef-91b6bfbbdade'),
(169, NULL, NULL, NULL, 22, 'craft\\elements\\MatrixBlock', 1, 0, '2022-07-13 08:32:34', '2022-07-13 08:32:34', NULL, '2022-07-13 08:32:37', '40af64a4-4577-4d5b-83e3-13cf7eb0e4d7'),
(170, NULL, NULL, NULL, 22, 'craft\\elements\\MatrixBlock', 1, 0, '2022-07-13 08:32:36', '2022-07-13 08:32:36', NULL, '2022-07-13 08:32:39', '40b7a641-f9f2-4217-b4d9-325bcefc7f44'),
(171, NULL, NULL, NULL, 22, 'craft\\elements\\MatrixBlock', 1, 0, '2022-07-13 08:32:36', '2022-07-13 08:32:36', NULL, '2022-07-13 08:32:39', '2fcbc8fc-12bd-4bc9-bda2-2653dd3538bc'),
(172, NULL, NULL, NULL, 22, 'craft\\elements\\MatrixBlock', 1, 0, '2022-07-13 08:32:36', '2022-07-13 08:32:36', NULL, '2022-07-13 08:32:39', '48258710-7a03-440a-b065-03c1ed15bb4f'),
(173, NULL, NULL, NULL, 22, 'craft\\elements\\MatrixBlock', 1, 0, '2022-07-13 08:32:38', '2022-07-13 08:32:38', NULL, '2022-07-13 08:32:41', '0e2e94a4-6b3a-4b71-b49f-756e64dd6a69'),
(174, NULL, NULL, NULL, 22, 'craft\\elements\\MatrixBlock', 1, 0, '2022-07-13 08:32:39', '2022-07-13 08:32:39', NULL, '2022-07-13 08:32:41', '7bb2f244-5a9f-4671-880c-003da0727bb3'),
(175, NULL, NULL, NULL, 22, 'craft\\elements\\MatrixBlock', 1, 0, '2022-07-13 08:32:39', '2022-07-13 08:32:39', NULL, '2022-07-13 08:32:41', 'dde1c32f-d99c-4381-a6c7-32768aa65ca7'),
(176, NULL, NULL, NULL, 22, 'craft\\elements\\MatrixBlock', 1, 0, '2022-07-13 08:32:40', '2022-07-13 08:32:40', NULL, '2022-07-13 08:32:44', '7b0518a0-19a1-4631-bf96-8f823a77ebd6'),
(177, NULL, NULL, NULL, 22, 'craft\\elements\\MatrixBlock', 1, 0, '2022-07-13 08:32:41', '2022-07-13 08:32:41', NULL, '2022-07-13 08:32:44', '6e35cd71-b5ee-4448-af18-a59a6439d1d0'),
(178, NULL, NULL, NULL, 22, 'craft\\elements\\MatrixBlock', 1, 0, '2022-07-13 08:32:41', '2022-07-13 08:32:41', NULL, '2022-07-13 08:32:44', '93289ca2-2ee1-4a88-acd8-25b69c93ccda'),
(182, NULL, NULL, NULL, 22, 'craft\\elements\\MatrixBlock', 1, 0, '2022-07-13 08:32:45', '2022-07-13 08:50:23', NULL, '2022-07-13 09:24:53', 'efb245e9-2faf-4737-84c0-323436ddb161'),
(183, NULL, NULL, NULL, 22, 'craft\\elements\\MatrixBlock', 1, 0, '2022-07-13 08:32:45', '2022-07-13 08:50:23', NULL, '2022-07-13 09:24:53', '9427a37f-692d-4dbe-a4fe-57dc7c4ba9b8'),
(184, NULL, NULL, NULL, 22, 'craft\\elements\\MatrixBlock', 1, 0, '2022-07-13 08:32:45', '2022-07-13 08:50:23', NULL, '2022-07-13 09:24:53', 'e95646a5-ead9-4750-80fd-9af98934e4a6'),
(198, 182, NULL, NULL, 22, 'craft\\elements\\MatrixBlock', 1, 0, '2022-07-13 08:38:56', '2022-07-13 08:38:56', NULL, NULL, '9c6b1764-4a06-4835-85bc-0a531a6986c1'),
(199, 183, NULL, NULL, 22, 'craft\\elements\\MatrixBlock', 1, 0, '2022-07-13 08:38:56', '2022-07-13 08:38:56', NULL, NULL, '0f7843f4-510e-40c2-966c-877178d0c31f'),
(200, 184, NULL, NULL, 22, 'craft\\elements\\MatrixBlock', 1, 0, '2022-07-13 08:38:56', '2022-07-13 08:38:56', NULL, NULL, '5b89ee9d-f1e3-4095-b13c-e8d438b29b7d'),
(214, 182, NULL, NULL, 22, 'craft\\elements\\MatrixBlock', 1, 0, '2022-07-13 08:50:24', '2022-07-13 08:50:24', NULL, NULL, '9423d2e4-c960-4bc3-a6b0-a61091d58351'),
(215, 183, NULL, NULL, 22, 'craft\\elements\\MatrixBlock', 1, 0, '2022-07-13 08:50:24', '2022-07-13 08:50:24', NULL, NULL, '85dcfc0b-f4be-4306-955a-4e3ba12e3787'),
(216, 184, NULL, NULL, 22, 'craft\\elements\\MatrixBlock', 1, 0, '2022-07-13 08:50:25', '2022-07-13 08:50:25', NULL, NULL, '384d9d40-84e6-4685-8ff7-a2e2c391a8a1'),
(222, 182, NULL, NULL, 22, 'craft\\elements\\MatrixBlock', 1, 0, '2022-07-13 09:19:59', '2022-07-13 09:19:59', NULL, NULL, '86c36a1d-60a4-4b7b-b030-00f3f6a60fe3'),
(223, 183, NULL, NULL, 22, 'craft\\elements\\MatrixBlock', 1, 0, '2022-07-13 09:19:59', '2022-07-13 09:19:59', NULL, NULL, 'd55b98b2-0aa5-4b38-b7b1-31285ed819f4'),
(224, 184, NULL, NULL, 22, 'craft\\elements\\MatrixBlock', 1, 0, '2022-07-13 09:19:59', '2022-07-13 09:19:59', NULL, NULL, '07f15be8-a89c-4319-8ed6-24c6962bf032'),
(260, NULL, NULL, NULL, 13, 'craft\\elements\\Entry', 0, 0, '2022-07-13 09:30:27', '2022-07-13 09:30:47', NULL, NULL, 'eb132427-b32c-4a94-9a1f-cdf3bfdbaa2d'),
(261, 260, NULL, 35, 13, 'craft\\elements\\Entry', 0, 0, '2022-07-13 09:30:47', '2022-07-13 09:30:47', NULL, NULL, 'f20de867-2ad5-444f-b887-d4630f2c444f'),
(267, NULL, NULL, NULL, 6, 'craft\\elements\\Asset', 1, 0, '2022-07-13 13:48:07', '2022-07-13 13:48:07', NULL, NULL, 'a6dc8236-dccd-420d-b9a5-582edbe48bcc'),
(283, NULL, NULL, NULL, 23, 'craft\\elements\\Entry', 1, 0, '2022-07-14 11:16:26', '2022-07-14 11:18:23', NULL, '2022-07-14 12:22:09', 'aca0e843-a1d0-49a7-bf27-d5af3b007b31'),
(284, 283, NULL, 39, 23, 'craft\\elements\\Entry', 1, 0, '2022-07-14 11:16:26', '2022-07-14 11:16:27', NULL, '2022-07-14 12:22:09', 'd5551840-6f4f-4f9e-a0a2-0c21f0c8b190'),
(285, 283, NULL, 40, 23, 'craft\\elements\\Entry', 1, 0, '2022-07-14 11:16:27', '2022-07-14 11:16:27', NULL, '2022-07-14 12:22:09', 'c723ec4b-e439-4ad5-8b5e-db2887e041cc'),
(286, 283, NULL, 41, 23, 'craft\\elements\\Entry', 1, 0, '2022-07-14 11:17:28', '2022-07-14 11:17:28', NULL, '2022-07-14 12:22:09', '75b13a7a-591c-4a49-bd02-1316ba4b0465'),
(288, 283, NULL, 42, 23, 'craft\\elements\\Entry', 1, 0, '2022-07-14 11:18:23', '2022-07-14 11:18:23', NULL, '2022-07-14 12:22:09', 'f18f4f7e-fc06-48b7-8cee-fce43caf1333'),
(324, NULL, NULL, NULL, 25, 'craft\\elements\\GlobalSet', 1, 0, '2022-07-14 16:45:25', '2022-07-19 08:53:19', NULL, NULL, '338f718b-7f68-4c2c-9eac-e8898e37b8a3'),
(325, NULL, NULL, NULL, 24, 'craft\\elements\\MatrixBlock', 1, 0, '2022-07-14 16:49:45', '2022-07-14 17:18:13', NULL, '2022-07-14 17:38:50', 'b7b1feb5-4854-417e-baff-90fffba6bc73'),
(326, NULL, NULL, NULL, 17, 'craft\\elements\\MatrixBlock', 1, 0, '2022-07-14 17:15:36', '2022-07-24 20:03:17', NULL, NULL, '9798b198-843b-4e89-9f95-b0f4f88ad474'),
(327, NULL, NULL, NULL, 24, 'craft\\elements\\MatrixBlock', 1, 0, '2022-07-14 17:18:14', '2022-07-14 17:18:14', NULL, '2022-07-14 17:38:50', '53955f85-74e9-411f-8a9c-5bcbc7fce93d'),
(328, NULL, NULL, NULL, 17, 'craft\\elements\\MatrixBlock', 1, 0, '2022-07-14 17:32:30', '2022-07-19 08:52:46', NULL, NULL, '75759a3d-249e-4644-8b0b-d73d31d27074'),
(329, NULL, NULL, NULL, 26, 'craft\\elements\\MatrixBlock', 1, 0, '2022-07-14 17:39:59', '2022-07-19 08:52:47', NULL, NULL, '14b2039b-b9b3-41ab-b585-317cc127169f'),
(340, NULL, NULL, NULL, 28, 'craft\\elements\\MatrixBlock', 1, 0, '2022-07-15 16:22:12', '2022-07-15 16:22:12', NULL, '2022-07-15 16:22:18', '2b2a35b8-559a-442b-8416-e89a1e2d8cad'),
(341, NULL, NULL, NULL, 28, 'craft\\elements\\MatrixBlock', 1, 0, '2022-07-15 16:22:18', '2022-07-15 16:22:18', NULL, '2022-07-15 16:22:32', '8ac1bbeb-84d7-4608-a419-c7479033a5de'),
(342, NULL, NULL, NULL, 28, 'craft\\elements\\MatrixBlock', 1, 0, '2022-07-15 16:22:32', '2022-07-15 16:22:32', NULL, '2022-07-15 16:22:35', '64694213-13aa-4c6a-8cfa-08c6056c27fd'),
(344, NULL, NULL, NULL, 28, 'craft\\elements\\MatrixBlock', 1, 0, '2022-07-15 16:22:41', '2022-07-15 16:22:41', NULL, NULL, 'aa2f539f-16c7-4681-b8e5-ebb29c1a13d8'),
(362, NULL, NULL, NULL, 6, 'craft\\elements\\Asset', 1, 0, '2022-07-18 06:32:53', '2022-07-18 06:32:53', NULL, NULL, 'd6976bb4-0003-4e53-a863-6e07d86f0c25'),
(387, NULL, NULL, NULL, 29, 'craft\\elements\\Entry', 1, 0, '2022-07-18 08:01:04', '2022-07-19 12:19:07', NULL, NULL, 'ad19ee75-d406-41a0-8056-9430a599c723'),
(388, 387, NULL, 65, 29, 'craft\\elements\\Entry', 1, 0, '2022-07-18 08:01:04', '2022-07-18 08:01:04', NULL, NULL, 'd7047ebb-dfb9-46b5-85a9-f4c91c69bb5c'),
(389, 387, NULL, 66, 29, 'craft\\elements\\Entry', 1, 0, '2022-07-18 08:01:36', '2022-07-18 08:01:36', NULL, NULL, '300b4813-4df9-40d1-89cd-f6feff308fb0'),
(391, 387, NULL, 67, 29, 'craft\\elements\\Entry', 1, 0, '2022-07-18 08:02:12', '2022-07-18 08:02:13', NULL, NULL, '65718a71-161d-4825-a01a-99614e372b3f'),
(392, NULL, NULL, NULL, 17, 'craft\\elements\\MatrixBlock', 1, 0, '2022-07-18 08:02:32', '2022-07-24 20:03:17', NULL, NULL, 'a126c01a-1fcb-437e-956c-c16650c0c7eb'),
(394, 14, NULL, 69, 19, 'craft\\elements\\Entry', 1, 0, '2022-07-18 08:03:48', '2022-07-18 08:03:48', NULL, NULL, '0949aeb7-3ab0-4772-a879-70b02b103cce'),
(395, NULL, NULL, NULL, 30, 'craft\\elements\\Entry', 1, 0, '2022-07-18 08:06:46', '2022-07-19 12:26:22', NULL, NULL, '905e24f0-bed0-4380-b808-5fc9f5da2785'),
(398, 395, NULL, 72, 30, 'craft\\elements\\Entry', 1, 0, '2022-07-18 08:07:17', '2022-07-18 08:07:17', NULL, NULL, 'becfafa4-4c9f-44fd-b026-2ddb1a728eb0'),
(399, 395, NULL, 73, 30, 'craft\\elements\\Entry', 1, 0, '2022-07-18 08:07:30', '2022-07-18 08:07:30', NULL, NULL, 'd6f3681a-5493-4db8-89c8-9d6b00618442'),
(400, NULL, NULL, NULL, 17, 'craft\\elements\\MatrixBlock', 1, 0, '2022-07-18 08:07:54', '2022-07-24 20:03:17', NULL, NULL, 'ddd3c727-836f-4a9e-b93f-510d376e076e'),
(401, NULL, NULL, NULL, 31, 'craft\\elements\\GlobalSet', 1, 0, '2022-07-18 08:23:29', '2022-07-18 08:58:06', NULL, NULL, '61c4e9a1-fd34-4f08-9280-407d23e513ee'),
(408, NULL, NULL, NULL, 32, 'craft\\elements\\Entry', 1, 0, '2022-07-18 09:00:30', '2022-07-25 14:51:17', NULL, NULL, '1f126b27-e715-4c0a-aafc-adc8c8a95457'),
(423, NULL, NULL, NULL, 20, 'craft\\elements\\MatrixBlock', 1, 0, '2022-07-18 09:42:19', '2022-07-18 09:42:19', NULL, '2022-07-18 09:42:24', '9a709cd5-3192-499d-add1-e3eaeba958a5'),
(424, NULL, NULL, NULL, 20, 'craft\\elements\\MatrixBlock', 1, 0, '2022-07-18 09:42:24', '2022-07-18 09:42:24', NULL, '2022-07-18 09:42:36', '0aaef877-a091-4e81-ad75-0135df1c45cb'),
(425, NULL, NULL, NULL, 20, 'craft\\elements\\MatrixBlock', 1, 0, '2022-07-18 09:42:36', '2022-07-18 09:42:36', NULL, '2022-07-18 09:42:37', '4f991dbc-d26f-4a16-8db7-08fd3b599889'),
(426, NULL, NULL, NULL, 20, 'craft\\elements\\MatrixBlock', 1, 0, '2022-07-18 09:42:37', '2022-07-18 09:42:37', NULL, '2022-07-18 09:42:42', '76abe561-3ea7-4fd8-b309-258a7cc3272c'),
(427, NULL, NULL, NULL, 20, 'craft\\elements\\MatrixBlock', 1, 0, '2022-07-18 09:42:42', '2022-07-18 09:42:42', NULL, '2022-07-18 09:42:43', '9f478fd7-6bad-4b48-adb8-b8253321ed50'),
(428, NULL, NULL, NULL, 20, 'craft\\elements\\MatrixBlock', 1, 0, '2022-07-18 09:42:43', '2022-07-18 09:42:43', NULL, '2022-07-18 09:42:46', 'e9589e84-9004-420d-900b-4fa79ef8d1c7'),
(429, NULL, NULL, NULL, 20, 'craft\\elements\\MatrixBlock', 1, 0, '2022-07-18 09:42:46', '2022-07-18 09:42:46', NULL, '2022-07-18 09:42:52', '0a96de71-6fd4-4483-a7c5-2327c5139f29'),
(430, NULL, NULL, NULL, 20, 'craft\\elements\\MatrixBlock', 1, 0, '2022-07-18 09:42:46', '2022-07-18 09:42:46', NULL, '2022-07-18 09:42:52', '6e111b36-0ede-4184-ac6f-1b2328a4f19f'),
(431, NULL, NULL, NULL, 20, 'craft\\elements\\MatrixBlock', 1, 0, '2022-07-18 09:42:52', '2022-07-18 09:42:52', NULL, '2022-07-18 09:42:57', '1547cbb5-ad43-4427-8ebf-f48baafd8599'),
(432, NULL, NULL, NULL, 20, 'craft\\elements\\MatrixBlock', 1, 0, '2022-07-18 09:42:52', '2022-07-18 09:42:52', NULL, '2022-07-18 09:42:57', 'c4d0717e-e6d2-49c5-9aef-a0978c152b3e'),
(433, NULL, NULL, NULL, 20, 'craft\\elements\\MatrixBlock', 1, 0, '2022-07-18 09:42:56', '2022-07-18 09:42:56', NULL, '2022-07-18 09:43:01', 'addcb479-e3da-4395-9a0c-ca5b10424d5b'),
(434, NULL, NULL, NULL, 20, 'craft\\elements\\MatrixBlock', 1, 0, '2022-07-18 09:42:56', '2022-07-18 09:42:56', NULL, '2022-07-18 09:43:01', '96ebd340-5f7e-477a-bf4d-2b033a851912'),
(435, NULL, NULL, NULL, 20, 'craft\\elements\\MatrixBlock', 1, 0, '2022-07-18 09:43:00', '2022-07-18 09:43:00', NULL, '2022-07-18 09:43:04', '7d317327-4861-4e00-b555-ca2ce3aa921e'),
(436, NULL, NULL, NULL, 20, 'craft\\elements\\MatrixBlock', 1, 0, '2022-07-18 09:43:00', '2022-07-18 09:43:00', NULL, '2022-07-18 09:43:04', '5aa6f4ca-a130-4ff2-9461-9f6f386c4fd2'),
(437, NULL, NULL, NULL, 20, 'craft\\elements\\MatrixBlock', 1, 0, '2022-07-18 09:43:04', '2022-07-18 09:43:04', NULL, '2022-07-18 09:43:05', '15451e70-3772-4fea-b341-f747dfad5e8f'),
(438, NULL, NULL, NULL, 20, 'craft\\elements\\MatrixBlock', 1, 0, '2022-07-18 09:43:04', '2022-07-18 09:43:04', NULL, '2022-07-18 09:43:05', 'dcfcaae0-5e8e-43f0-b683-29281dcc580b'),
(441, NULL, NULL, NULL, 20, 'craft\\elements\\MatrixBlock', 1, 0, '2022-07-18 09:43:09', '2022-07-19 07:38:02', NULL, '2022-07-24 19:52:10', 'd4eb9fd1-8c5c-4fd7-afdb-fb3b2b475018'),
(442, NULL, NULL, NULL, 20, 'craft\\elements\\MatrixBlock', 1, 0, '2022-07-18 09:43:09', '2022-07-19 07:38:02', NULL, '2022-07-24 19:52:10', '5ec902c3-9be5-4fd2-a2b6-d1355b3cc66e'),
(486, NULL, NULL, NULL, 33, 'craft\\elements\\GlobalSet', 1, 0, '2022-07-18 11:09:58', '2022-07-18 11:10:35', NULL, NULL, 'df95f934-8e81-47f2-9a8e-6e3afefb968c'),
(487, NULL, NULL, NULL, 17, 'craft\\elements\\MatrixBlock', 1, 0, '2022-07-18 22:07:55', '2022-07-24 20:03:17', NULL, NULL, '5b7c9a62-0c80-4432-a9d8-5d64e52240ed'),
(488, NULL, NULL, NULL, 17, 'craft\\elements\\MatrixBlock', 1, 0, '2022-07-18 22:08:43', '2022-07-19 08:52:46', NULL, NULL, '7dbd1831-61f9-4acf-9348-5dffd47fd8fc'),
(489, NULL, NULL, NULL, 17, 'craft\\elements\\MatrixBlock', 1, 0, '2022-07-18 22:08:43', '2022-07-19 08:52:47', NULL, NULL, '98f05857-c959-43d0-ab11-5959641fd766'),
(490, NULL, NULL, NULL, 17, 'craft\\elements\\MatrixBlock', 1, 0, '2022-07-18 22:08:43', '2022-07-19 08:52:47', NULL, NULL, '9a77b0ed-43d8-4c74-8c99-de5e099540bf'),
(514, NULL, NULL, NULL, 34, 'craft\\elements\\MatrixBlock', 1, 0, '2022-07-19 07:37:01', '2022-07-19 07:37:01', NULL, '2022-07-19 07:37:06', 'c9384d8c-90fa-46c2-bb54-91007674f7b2'),
(515, NULL, NULL, NULL, 34, 'craft\\elements\\MatrixBlock', 1, 0, '2022-07-19 07:37:05', '2022-07-19 07:37:05', NULL, '2022-07-19 07:37:10', '067e1657-4c2b-41a5-af8f-fc126a09a216'),
(516, NULL, NULL, NULL, 34, 'craft\\elements\\MatrixBlock', 1, 0, '2022-07-19 07:37:09', '2022-07-19 07:37:09', NULL, '2022-07-19 07:37:15', '41ac2e25-fbc8-47aa-bc62-9ec26f2745c9'),
(517, NULL, NULL, NULL, 34, 'craft\\elements\\MatrixBlock', 1, 0, '2022-07-19 07:37:15', '2022-07-19 07:37:15', NULL, '2022-07-19 07:37:16', 'c7d15582-5f1b-4623-b9e4-5d4a2b5cf10a'),
(518, NULL, NULL, NULL, 34, 'craft\\elements\\MatrixBlock', 1, 0, '2022-07-19 07:37:16', '2022-07-19 07:37:16', NULL, '2022-07-19 07:37:17', '337511ad-5293-4ecd-abba-383de3bdbc73'),
(519, NULL, NULL, NULL, 34, 'craft\\elements\\MatrixBlock', 1, 0, '2022-07-19 07:37:17', '2022-07-19 07:37:17', NULL, '2022-07-19 07:37:19', '86da01d3-23c8-426e-b8f8-9fbe6793774c'),
(520, NULL, NULL, NULL, 34, 'craft\\elements\\MatrixBlock', 1, 0, '2022-07-19 07:37:19', '2022-07-19 07:37:19', NULL, '2022-07-19 07:37:21', '5dc731a2-b92e-4ffb-89ac-df6e1e3216ad'),
(521, NULL, NULL, NULL, 34, 'craft\\elements\\MatrixBlock', 1, 0, '2022-07-19 07:37:21', '2022-07-19 07:37:21', NULL, '2022-07-19 07:37:22', 'cba4a3b6-087c-457d-bfd4-daabd018e938'),
(522, NULL, NULL, NULL, 34, 'craft\\elements\\MatrixBlock', 1, 0, '2022-07-19 07:37:22', '2022-07-19 07:37:22', NULL, '2022-07-19 07:37:24', 'e030ed50-dc0a-4f0b-ad55-836e396fa0e1'),
(523, NULL, NULL, NULL, 34, 'craft\\elements\\MatrixBlock', 1, 0, '2022-07-19 07:37:23', '2022-07-19 07:37:23', NULL, '2022-07-19 07:37:28', '09fe80ad-42bb-402e-9814-51012e67f8ae'),
(524, NULL, NULL, NULL, 34, 'craft\\elements\\MatrixBlock', 1, 0, '2022-07-19 07:37:28', '2022-07-19 07:37:28', NULL, '2022-07-19 07:37:32', 'fea13748-dcad-44d2-9b3b-a726bb02a1f7'),
(525, NULL, NULL, NULL, 34, 'craft\\elements\\MatrixBlock', 1, 0, '2022-07-19 07:37:32', '2022-07-19 07:37:32', NULL, '2022-07-19 07:37:34', 'c3b97e45-bec3-4f89-9b5a-99367b3fc745'),
(526, NULL, NULL, NULL, 34, 'craft\\elements\\MatrixBlock', 1, 0, '2022-07-19 07:37:34', '2022-07-19 07:37:34', NULL, '2022-07-19 07:37:38', '0c24ac34-7bbb-4372-b579-2d0e4c5ff2ca'),
(527, NULL, NULL, NULL, 34, 'craft\\elements\\MatrixBlock', 1, 0, '2022-07-19 07:37:34', '2022-07-19 07:37:34', NULL, '2022-07-19 07:37:38', 'add70639-23a6-46da-b6bd-4887dc870368'),
(528, NULL, NULL, NULL, 34, 'craft\\elements\\MatrixBlock', 1, 0, '2022-07-19 07:37:38', '2022-07-19 07:37:38', NULL, '2022-07-19 07:37:40', '59e21bb5-e5fa-46a6-a927-b03fa33cc18c'),
(529, NULL, NULL, NULL, 34, 'craft\\elements\\MatrixBlock', 1, 0, '2022-07-19 07:37:38', '2022-07-19 07:37:38', NULL, '2022-07-19 07:37:40', '20830bd3-276e-4a86-afc7-f81c00a8d852'),
(530, NULL, NULL, NULL, 34, 'craft\\elements\\MatrixBlock', 1, 0, '2022-07-19 07:37:40', '2022-07-19 07:37:40', NULL, '2022-07-19 07:37:48', '790655bb-7690-4dfa-9f7c-3ac42b8e1579'),
(531, NULL, NULL, NULL, 34, 'craft\\elements\\MatrixBlock', 1, 0, '2022-07-19 07:37:40', '2022-07-19 07:37:40', NULL, '2022-07-19 07:37:48', '864b404e-0f63-4d14-ae09-12e6f082059b'),
(532, NULL, NULL, NULL, 34, 'craft\\elements\\MatrixBlock', 1, 0, '2022-07-19 07:37:48', '2022-07-19 07:37:48', NULL, '2022-07-19 07:37:50', '8145b112-7a14-4a40-ba9c-b478e33dd3d8'),
(533, NULL, NULL, NULL, 34, 'craft\\elements\\MatrixBlock', 1, 0, '2022-07-19 07:37:48', '2022-07-19 07:37:48', NULL, '2022-07-19 07:37:50', '4bf73a7c-8c9e-4c92-b374-2103729b598f'),
(534, NULL, NULL, NULL, 34, 'craft\\elements\\MatrixBlock', 1, 0, '2022-07-19 07:37:50', '2022-07-19 07:37:50', NULL, '2022-07-19 07:37:51', '5facae94-f1d4-49d5-a548-1713e8ad0c36'),
(535, NULL, NULL, NULL, 34, 'craft\\elements\\MatrixBlock', 1, 0, '2022-07-19 07:37:50', '2022-07-19 07:37:50', NULL, '2022-07-19 07:37:51', '8b7cd6e6-6b2d-4b6c-aaaa-63a2300e9516'),
(536, NULL, NULL, NULL, 34, 'craft\\elements\\MatrixBlock', 1, 0, '2022-07-19 07:37:51', '2022-07-19 07:37:51', NULL, '2022-07-19 07:37:54', 'cc3a5fe4-b23d-40f7-bdc3-87ded504695e'),
(537, NULL, NULL, NULL, 34, 'craft\\elements\\MatrixBlock', 1, 0, '2022-07-19 07:37:51', '2022-07-19 07:37:51', NULL, '2022-07-19 07:37:54', '3cac3e56-372d-472a-ab97-16ae08a897c7'),
(538, NULL, NULL, NULL, 34, 'craft\\elements\\MatrixBlock', 1, 0, '2022-07-19 07:37:51', '2022-07-19 07:37:51', NULL, '2022-07-19 07:37:54', '5ba640e0-2238-46b4-8d59-8d87f4be6c46'),
(539, NULL, NULL, NULL, 34, 'craft\\elements\\MatrixBlock', 1, 0, '2022-07-19 07:37:54', '2022-07-19 07:37:54', NULL, '2022-07-19 07:37:55', 'b24cb9ff-3ad5-4b43-a547-59bf448b6698'),
(540, NULL, NULL, NULL, 34, 'craft\\elements\\MatrixBlock', 1, 0, '2022-07-19 07:37:54', '2022-07-19 07:37:54', NULL, '2022-07-19 07:37:56', 'c6580b64-90e8-4ddc-90f5-fc14706c2d83'),
(541, NULL, NULL, NULL, 34, 'craft\\elements\\MatrixBlock', 1, 0, '2022-07-19 07:37:54', '2022-07-19 07:37:54', NULL, '2022-07-19 07:37:56', '476435e0-66bd-4c79-8b51-7e6e2ff62544'),
(545, NULL, NULL, NULL, 34, 'craft\\elements\\MatrixBlock', 1, 0, '2022-07-19 07:38:03', '2022-07-19 07:38:03', NULL, NULL, '1fb97279-a22c-49f7-aa85-65df904f567f'),
(546, NULL, NULL, NULL, 34, 'craft\\elements\\MatrixBlock', 1, 0, '2022-07-19 07:38:03', '2022-07-19 07:38:03', NULL, NULL, '20e9cb76-dd0d-42e2-bfee-a1b3c56cfac7'),
(547, NULL, NULL, NULL, 34, 'craft\\elements\\MatrixBlock', 1, 0, '2022-07-19 07:38:03', '2022-07-19 07:38:03', NULL, NULL, '1cb60b6d-d7bd-4eb1-b703-175767b379dc'),
(548, 1, NULL, 88, 12, 'craft\\elements\\Entry', 1, 0, '2022-07-19 07:38:01', '2022-07-19 07:38:04', NULL, NULL, '81fcd4a2-4a69-4009-accf-44abda86e760'),
(549, 41, NULL, NULL, 20, 'craft\\elements\\MatrixBlock', 1, 0, '2022-07-19 07:38:04', '2022-07-19 07:38:04', NULL, NULL, '63448956-5e10-4491-bca4-15291388fccd'),
(550, 50, NULL, NULL, 20, 'craft\\elements\\MatrixBlock', 1, 0, '2022-07-19 07:38:04', '2022-07-19 07:38:04', NULL, NULL, '2bc89dcd-1c8c-440b-ae9e-bedb4fddf286'),
(551, 441, NULL, NULL, 20, 'craft\\elements\\MatrixBlock', 1, 0, '2022-07-19 07:38:04', '2022-07-19 07:38:04', NULL, NULL, '0953eb2a-fb1f-467c-b166-95fd58f2e00b'),
(552, 442, NULL, NULL, 20, 'craft\\elements\\MatrixBlock', 1, 0, '2022-07-19 07:38:04', '2022-07-19 07:38:04', NULL, NULL, '3cb24834-fdb0-4219-b68c-de745bbd40b4'),
(553, 86, NULL, NULL, 21, 'craft\\elements\\MatrixBlock', 1, 0, '2022-07-19 07:38:04', '2022-07-19 07:38:04', NULL, NULL, 'c6f10183-0008-4c57-b34a-0063073bcfc8'),
(554, 87, NULL, NULL, 21, 'craft\\elements\\MatrixBlock', 1, 0, '2022-07-19 07:38:04', '2022-07-19 07:38:04', NULL, NULL, '2839773e-2f96-41b1-beec-fc84b4ee08fb'),
(555, 545, NULL, NULL, 34, 'craft\\elements\\MatrixBlock', 1, 0, '2022-07-19 07:38:05', '2022-07-19 07:38:05', NULL, NULL, '599e7a0e-b64f-44db-a0d2-7580144967d6'),
(556, 546, NULL, NULL, 34, 'craft\\elements\\MatrixBlock', 1, 0, '2022-07-19 07:38:05', '2022-07-19 07:38:05', NULL, NULL, '8cd3bd22-1916-4f14-acb3-2af50f432faa'),
(557, 547, NULL, NULL, 34, 'craft\\elements\\MatrixBlock', 1, 0, '2022-07-19 07:38:05', '2022-07-19 07:38:05', NULL, NULL, 'a89b54ac-1fa2-46e6-8511-26e64ded3f98'),
(558, NULL, NULL, NULL, 35, 'craft\\elements\\Entry', 1, 0, '2022-07-19 08:42:39', '2022-07-19 08:51:50', NULL, NULL, '46afbfd3-00a5-4219-bda9-3fe74344a07c'),
(560, 558, NULL, 90, 35, 'craft\\elements\\Entry', 1, 0, '2022-07-19 08:43:13', '2022-07-19 08:43:14', NULL, NULL, 'b5ab0e7d-e177-4acf-b433-8288306652a2'),
(562, 558, NULL, 91, 35, 'craft\\elements\\Entry', 1, 0, '2022-07-19 08:44:47', '2022-07-19 08:44:47', NULL, NULL, '39a3fda0-5a64-4bf2-a9f3-83e191d2cb3b'),
(563, 558, NULL, 92, 35, 'craft\\elements\\Entry', 1, 0, '2022-07-19 08:46:39', '2022-07-19 08:46:39', NULL, NULL, 'ff0e4313-61b6-4e1c-930e-93940d73a803'),
(564, 558, NULL, 93, 35, 'craft\\elements\\Entry', 1, 0, '2022-07-19 08:46:40', '2022-07-19 08:46:40', NULL, NULL, '2839c875-c451-4a3d-b109-bd67f91ce389'),
(565, NULL, NULL, NULL, 36, 'craft\\elements\\Entry', 1, 0, '2022-07-19 08:49:02', '2022-07-19 08:50:07', NULL, NULL, '7833b239-7b79-47cc-9c18-4b599abf0a50'),
(566, 565, NULL, 94, 36, 'craft\\elements\\Entry', 1, 0, '2022-07-19 08:49:02', '2022-07-19 08:49:02', NULL, NULL, '64c6f44c-a211-4da7-9c0b-877f0a241c48'),
(567, 565, NULL, 95, 36, 'craft\\elements\\Entry', 1, 0, '2022-07-19 08:49:20', '2022-07-19 08:49:20', NULL, NULL, 'c63c372d-0447-49a5-a59a-f653e84033f9'),
(569, 565, NULL, 96, 36, 'craft\\elements\\Entry', 1, 0, '2022-07-19 08:50:07', '2022-07-19 08:50:07', NULL, NULL, 'bc81e7fa-ac54-4d73-b193-47c1edd5c38c'),
(570, 558, NULL, 97, 35, 'craft\\elements\\Entry', 1, 0, '2022-07-19 08:51:50', '2022-07-19 08:51:50', NULL, NULL, '202fc270-82d1-4136-90e5-6852846c275a'),
(571, NULL, NULL, NULL, 26, 'craft\\elements\\MatrixBlock', 1, 0, '2022-07-19 08:52:47', '2022-07-19 08:52:47', NULL, NULL, '3886a99b-474c-4589-99fc-444adbce139e'),
(572, 1, NULL, 98, 12, 'craft\\elements\\Entry', 1, 0, '2022-07-19 12:10:07', '2022-07-19 12:10:07', NULL, NULL, 'dcc84724-9e1d-41e4-b111-51acbeb15f84'),
(573, 41, NULL, NULL, 20, 'craft\\elements\\MatrixBlock', 1, 0, '2022-07-19 12:10:07', '2022-07-19 12:10:07', NULL, NULL, 'fed52a0e-11a4-4898-8011-f7ad3657f74f'),
(574, 50, NULL, NULL, 20, 'craft\\elements\\MatrixBlock', 1, 0, '2022-07-19 12:10:08', '2022-07-19 12:10:08', NULL, NULL, '897fbf9d-bb8e-4c16-8cb4-9306bbe048df'),
(575, 441, NULL, NULL, 20, 'craft\\elements\\MatrixBlock', 1, 0, '2022-07-19 12:10:08', '2022-07-19 12:10:08', NULL, NULL, 'e1a3c08e-342c-45c7-96b5-7069d5bb2b49'),
(576, 442, NULL, NULL, 20, 'craft\\elements\\MatrixBlock', 1, 0, '2022-07-19 12:10:08', '2022-07-19 12:10:08', NULL, NULL, 'cfa9ec28-f812-4fb0-a6d0-2f27a9bdc119'),
(577, 86, NULL, NULL, 21, 'craft\\elements\\MatrixBlock', 1, 0, '2022-07-19 12:10:08', '2022-07-19 12:10:08', NULL, NULL, '4c8ec3ca-41a1-4b4f-9a72-79720428dbb6'),
(578, 87, NULL, NULL, 21, 'craft\\elements\\MatrixBlock', 1, 0, '2022-07-19 12:10:08', '2022-07-19 12:10:08', NULL, NULL, '91d3bf0c-1b57-44b3-bb01-3f3f57873d7c'),
(579, 545, NULL, NULL, 34, 'craft\\elements\\MatrixBlock', 1, 0, '2022-07-19 12:10:08', '2022-07-19 12:10:08', NULL, NULL, '3cee3199-b84d-49e4-b6ca-54591ef26a3c'),
(580, 546, NULL, NULL, 34, 'craft\\elements\\MatrixBlock', 1, 0, '2022-07-19 12:10:08', '2022-07-19 12:10:08', NULL, NULL, 'c82d8938-bf73-45be-a6e9-1c38eee1e8ff'),
(581, 547, NULL, NULL, 34, 'craft\\elements\\MatrixBlock', 1, 0, '2022-07-19 12:10:08', '2022-07-19 12:10:08', NULL, NULL, '79029fc5-c2e8-4052-a7e5-aa8855cd288f'),
(592, 1, NULL, 99, 12, 'craft\\elements\\Entry', 1, 0, '2022-07-19 12:11:47', '2022-07-19 12:11:47', NULL, NULL, 'cbd48c08-09c5-4f80-a248-bf9b67071831'),
(593, 41, NULL, NULL, 20, 'craft\\elements\\MatrixBlock', 1, 0, '2022-07-19 12:11:47', '2022-07-19 12:11:47', NULL, NULL, '0425a890-8fee-48e0-961b-27c79ff5d75c'),
(594, 50, NULL, NULL, 20, 'craft\\elements\\MatrixBlock', 1, 0, '2022-07-19 12:11:47', '2022-07-19 12:11:47', NULL, NULL, '55b7193e-4e88-4aec-a085-418ecf9223e2'),
(595, 441, NULL, NULL, 20, 'craft\\elements\\MatrixBlock', 1, 0, '2022-07-19 12:11:47', '2022-07-19 12:11:47', NULL, NULL, '19d12db1-b6f5-4f2a-b525-274c024fc0b5'),
(596, 442, NULL, NULL, 20, 'craft\\elements\\MatrixBlock', 1, 0, '2022-07-19 12:11:47', '2022-07-19 12:11:47', NULL, NULL, '352bfe45-1c77-4ea0-857f-124e1e0593c6'),
(597, 86, NULL, NULL, 21, 'craft\\elements\\MatrixBlock', 1, 0, '2022-07-19 12:11:47', '2022-07-19 12:11:47', NULL, NULL, '0e419a5b-ec0a-4ee4-811e-b88339336696'),
(598, 87, NULL, NULL, 21, 'craft\\elements\\MatrixBlock', 1, 0, '2022-07-19 12:11:47', '2022-07-19 12:11:47', NULL, NULL, '13962020-f656-4586-ab04-4e12f03f22cd'),
(599, 545, NULL, NULL, 34, 'craft\\elements\\MatrixBlock', 1, 0, '2022-07-19 12:11:48', '2022-07-19 12:11:48', NULL, NULL, '514e3ba6-9152-4ca1-8a4c-c5b06710fcad'),
(600, 546, NULL, NULL, 34, 'craft\\elements\\MatrixBlock', 1, 0, '2022-07-19 12:11:48', '2022-07-19 12:11:48', NULL, NULL, '9466579e-e784-4a08-b237-9e4255af36c1'),
(601, 547, NULL, NULL, 34, 'craft\\elements\\MatrixBlock', 1, 0, '2022-07-19 12:11:48', '2022-07-19 12:11:48', NULL, NULL, 'b86721c3-cfba-413f-925f-7e7d244060d9'),
(603, 395, NULL, 101, 30, 'craft\\elements\\Entry', 1, 0, '2022-07-19 12:15:20', '2022-07-19 12:15:20', NULL, NULL, 'ff8ac629-682d-4bf1-8b4d-89900760e0e4'),
(604, 387, NULL, 102, 29, 'craft\\elements\\Entry', 1, 0, '2022-07-19 12:16:01', '2022-07-19 12:16:01', NULL, NULL, '0ed7ba8e-8626-4ed0-83b5-b77547ffe78c'),
(605, 14, NULL, 103, 19, 'craft\\elements\\Entry', 1, 0, '2022-07-19 12:16:21', '2022-07-19 12:16:21', NULL, NULL, '9abc8291-1401-41a9-886c-c4d2781f8dd1'),
(607, 387, NULL, 104, 29, 'craft\\elements\\Entry', 1, 0, '2022-07-19 12:19:07', '2022-07-19 12:19:07', NULL, NULL, '47090ace-61d0-49b7-b15c-d48505a1cc10'),
(608, 395, NULL, 105, 30, 'craft\\elements\\Entry', 1, 0, '2022-07-19 12:19:49', '2022-07-19 12:19:49', NULL, NULL, 'b760b5f6-84d8-42bb-8479-2cbd484c264b'),
(610, 395, NULL, 106, 30, 'craft\\elements\\Entry', 1, 0, '2022-07-19 12:26:22', '2022-07-19 12:26:22', NULL, NULL, 'e978fc25-01f4-40e5-a650-c825a9447c0e'),
(614, 14, NULL, 108, 19, 'craft\\elements\\Entry', 1, 0, '2022-07-19 12:29:43', '2022-07-19 12:29:43', NULL, NULL, 'f44836b4-b13a-4200-85cb-1c7e9336678f'),
(616, 14, NULL, 109, 19, 'craft\\elements\\Entry', 1, 0, '2022-07-19 13:08:38', '2022-07-19 13:08:38', NULL, NULL, '3f7ff386-39e6-4f3f-b90a-334df2d173d6'),
(619, 50, NULL, NULL, 20, 'craft\\elements\\MatrixBlock', 1, 0, '2022-07-24 19:51:16', '2022-07-24 19:51:16', NULL, '2022-07-24 19:51:18', '41c7188f-8e71-4937-812e-d58ee0f54b16'),
(620, 441, NULL, NULL, 20, 'craft\\elements\\MatrixBlock', 1, 0, '2022-07-24 19:51:16', '2022-07-24 19:51:16', NULL, '2022-07-24 19:51:19', '19834c6f-3b7e-4244-bfb7-2e43ec6cc9f7'),
(621, 442, NULL, NULL, 20, 'craft\\elements\\MatrixBlock', 1, 0, '2022-07-24 19:51:16', '2022-07-24 19:51:16', NULL, '2022-07-24 19:51:20', '750f4cd8-4d52-4560-a5b3-cc79c6965228'),
(627, NULL, NULL, NULL, 20, 'craft\\elements\\MatrixBlock', 1, 0, '2022-07-24 19:51:24', '2022-07-24 19:51:24', NULL, '2022-07-24 19:52:07', '6014881c-b3cc-4abe-b2a1-f379f153d673'),
(628, 1, NULL, 110, 12, 'craft\\elements\\Entry', 1, 0, '2022-07-24 19:52:09', '2022-07-24 19:52:10', NULL, NULL, '87125db6-c8b8-4a22-95db-39189ba7f578'),
(629, 41, NULL, NULL, 20, 'craft\\elements\\MatrixBlock', 1, 0, '2022-07-24 19:52:11', '2022-07-24 19:52:11', NULL, NULL, '588a7c3d-bfec-4e4f-bd67-70cf5bb0870b'),
(630, 86, NULL, NULL, 21, 'craft\\elements\\MatrixBlock', 1, 0, '2022-07-24 19:52:11', '2022-07-24 19:52:11', NULL, NULL, '05768209-0fbd-42cd-8960-c08bbecd29b1'),
(631, 87, NULL, NULL, 21, 'craft\\elements\\MatrixBlock', 1, 0, '2022-07-24 19:52:11', '2022-07-24 19:52:11', NULL, NULL, 'e630c04b-4ebf-48f5-826d-9eaa278708a2'),
(632, 545, NULL, NULL, 34, 'craft\\elements\\MatrixBlock', 1, 0, '2022-07-24 19:52:11', '2022-07-24 19:52:11', NULL, NULL, '061d1845-c6e6-4b90-9043-8265c5278aee'),
(633, 546, NULL, NULL, 34, 'craft\\elements\\MatrixBlock', 1, 0, '2022-07-24 19:52:11', '2022-07-24 19:52:11', NULL, NULL, '25a7abc4-9a70-4938-afea-c2688032f92e'),
(634, 547, NULL, NULL, 34, 'craft\\elements\\MatrixBlock', 1, 0, '2022-07-24 19:52:11', '2022-07-24 19:52:11', NULL, NULL, 'b8ef3731-1432-45dc-88e7-f0abe8c77a8c'),
(642, NULL, NULL, NULL, 20, 'craft\\elements\\MatrixBlock', 1, 0, '2022-07-24 19:52:37', '2022-07-24 19:52:37', NULL, '2022-07-24 19:52:45', '2c8f9a3d-82bb-4bc3-a942-eba3d104cab7'),
(643, NULL, NULL, NULL, 20, 'craft\\elements\\MatrixBlock', 1, 0, '2022-07-24 19:52:45', '2022-07-24 19:52:45', NULL, '2022-07-24 19:52:59', 'c2699007-5012-426a-8266-a7b22b2d58e4'),
(644, NULL, NULL, NULL, 20, 'craft\\elements\\MatrixBlock', 1, 0, '2022-07-24 19:52:59', '2022-07-24 19:52:59', NULL, '2022-07-24 19:53:00', 'b3f19be3-d4cf-4023-8316-4505ce9f58ff'),
(645, NULL, NULL, NULL, 20, 'craft\\elements\\MatrixBlock', 1, 0, '2022-07-24 19:53:00', '2022-07-24 19:53:00', NULL, '2022-07-24 19:53:01', 'c41762f6-be5d-46fe-8320-387ecc1a8d19'),
(646, NULL, NULL, NULL, 20, 'craft\\elements\\MatrixBlock', 1, 0, '2022-07-24 19:53:01', '2022-07-24 19:53:01', NULL, '2022-07-24 19:53:03', 'dd937473-8918-409d-91cc-072e8967da7e'),
(648, NULL, NULL, NULL, 20, 'craft\\elements\\MatrixBlock', 1, 0, '2022-07-24 19:53:08', '2022-07-24 19:53:08', NULL, NULL, 'bce8b9d6-7de3-4eaf-8423-ed7e6540d2fe'),
(649, 1, NULL, 111, 12, 'craft\\elements\\Entry', 1, 0, '2022-07-24 19:53:07', '2022-07-24 19:53:08', NULL, NULL, '9e8c1ee1-f48e-4f36-8d97-82a2093b9d9e'),
(650, 41, NULL, NULL, 20, 'craft\\elements\\MatrixBlock', 1, 0, '2022-07-24 19:53:08', '2022-07-24 19:53:08', NULL, NULL, 'b669582f-d36e-4294-9c0b-3d0202bb9417'),
(651, 648, NULL, NULL, 20, 'craft\\elements\\MatrixBlock', 1, 0, '2022-07-24 19:53:09', '2022-07-24 19:53:09', NULL, NULL, '83ce6280-dfae-4ae2-8553-27f081b28973'),
(652, 86, NULL, NULL, 21, 'craft\\elements\\MatrixBlock', 1, 0, '2022-07-24 19:53:09', '2022-07-24 19:53:09', NULL, NULL, '7e7c95a1-5a0c-46c8-8cdc-a6bfe3ee00be'),
(653, 87, NULL, NULL, 21, 'craft\\elements\\MatrixBlock', 1, 0, '2022-07-24 19:53:09', '2022-07-24 19:53:09', NULL, NULL, 'dd4bd934-8283-47fc-abea-a50cac9d2ad3'),
(654, 545, NULL, NULL, 34, 'craft\\elements\\MatrixBlock', 1, 0, '2022-07-24 19:53:09', '2022-07-24 19:53:09', NULL, NULL, '026755a7-2927-436d-b1d1-8ddd05c2bd88'),
(655, 546, NULL, NULL, 34, 'craft\\elements\\MatrixBlock', 1, 0, '2022-07-24 19:53:09', '2022-07-24 19:53:09', NULL, NULL, 'e0c02e45-456a-49c7-bba7-0bccce87b5cb'),
(656, 547, NULL, NULL, 34, 'craft\\elements\\MatrixBlock', 1, 0, '2022-07-24 19:53:09', '2022-07-24 19:53:09', NULL, NULL, 'a73ad587-d64a-4965-b10f-1a481fe4d7a8'),
(658, 14, NULL, 112, 19, 'craft\\elements\\Entry', 1, 0, '2022-07-24 19:59:14', '2022-07-24 19:59:14', NULL, NULL, '750e29ae-833a-452e-9f40-799e679a4105'),
(662, 408, NULL, 114, 32, 'craft\\elements\\Entry', 1, 0, '2022-07-25 14:27:48', '2022-07-25 14:27:48', NULL, NULL, 'd754d563-f19a-492b-aabf-927eeaeea84e'),
(664, 408, NULL, 115, 32, 'craft\\elements\\Entry', 1, 0, '2022-07-25 14:28:45', '2022-07-25 14:28:45', NULL, NULL, 'fa307db3-a0be-464f-a28e-cc36459cb7cb'),
(666, 408, NULL, 116, 32, 'craft\\elements\\Entry', 1, 0, '2022-07-25 14:49:21', '2022-07-25 14:49:21', NULL, NULL, 'b52c5e99-8d1a-4da3-b019-7e842f5f5ebb'),
(668, 408, NULL, 117, 32, 'craft\\elements\\Entry', 1, 0, '2022-07-25 14:49:47', '2022-07-25 14:49:47', NULL, NULL, '967dc4ab-1a8b-4f13-bba3-37b554c82925'),
(670, 408, NULL, 118, 32, 'craft\\elements\\Entry', 1, 0, '2022-07-25 14:51:17', '2022-07-25 14:51:17', NULL, NULL, '9d39810b-0469-4436-a182-292ada1f5d41');

INSERT INTO `elements_sites` (`id`, `elementId`, `siteId`, `slug`, `uri`, `enabled`, `dateCreated`, `dateUpdated`, `uid`) VALUES
(1, 1, 1, 'home', '__home__', 1, '2022-06-25 12:57:38', '2022-06-25 12:57:38', '770e1063-98a8-4ede-88a9-2deb2bd0d12d'),
(3, 3, 1, NULL, NULL, 1, '2022-06-25 12:57:40', '2022-06-25 12:57:40', '8ec21099-7f45-44d4-914a-a650103800b3'),
(4, 4, 1, 'ueber-uns', NULL, 1, '2022-07-01 06:24:24', '2022-07-01 06:24:46', '7c307baf-ba79-42a0-bda9-e9dc42a0d98b'),
(5, 5, 1, 'about-me', 'aboutme', 1, '2022-07-01 06:30:10', '2022-07-01 06:30:10', '4b9fd13b-2c73-409a-b8de-afb4c55dd9bc'),
(6, 6, 1, 'about-me', 'aboutme', 1, '2022-07-01 06:30:10', '2022-07-01 06:30:10', '3aef96c2-25ab-4439-830b-81123ef8e19e'),
(7, 7, 1, 'about-me', 'aboutme', 1, '2022-07-01 06:30:57', '2022-07-01 06:30:57', '2336ba58-2717-4dc5-8ad1-45a43212c0bc'),
(8, 8, 1, 'about-me', 'aboutme', 1, '2022-07-01 06:31:10', '2022-07-01 06:31:10', 'fb5dc8af-8dd9-4f00-b51a-f4b091fb9a5c'),
(9, 9, 1, 'ueber-uns', NULL, 1, '2022-07-01 06:31:37', '2022-07-01 06:31:37', '78c2fddf-c310-42d2-99c6-bfcd5b33f732'),
(11, 11, 1, 'ueber-uns', NULL, 1, '2022-07-01 06:39:07', '2022-07-01 06:39:07', 'e92928fb-b307-4d15-941c-bb02cd9d10af'),
(12, 12, 1, 'ueber-uns', NULL, 1, '2022-07-01 06:39:25', '2022-07-01 06:39:25', 'f91a0134-6c12-42c2-98c4-2500b7c2e80d'),
(13, 13, 1, NULL, NULL, 1, '2022-07-11 14:23:24', '2022-07-11 14:23:24', '0e7fba20-fb29-468b-8b5b-2c30e2cdc9b2'),
(14, 14, 1, 'ueber-mich', 'ueber-mich', 1, '2022-07-11 14:33:12', '2022-07-18 08:03:47', '1149e12a-405d-4898-9e59-4f33f750b305'),
(16, 16, 1, NULL, NULL, 1, '2022-07-11 14:35:00', '2022-07-11 14:35:00', '76b096f5-29ee-4340-b02d-0186226b07f3'),
(19, 19, 1, NULL, NULL, 1, '2022-07-11 14:49:49', '2022-07-11 14:49:49', '11b2fa6e-58b6-42d6-8f82-bd70775fe975'),
(22, 22, 1, NULL, NULL, 1, '2022-07-11 15:01:01', '2022-07-11 15:01:01', '096fdcc4-fb27-4de1-89df-12a19bb5463f'),
(30, 30, 1, NULL, NULL, 1, '2022-07-12 09:56:10', '2022-07-12 09:56:10', '22a7a936-91e7-45d1-aac8-d4d8915620bf'),
(31, 31, 1, NULL, NULL, 1, '2022-07-12 09:56:56', '2022-07-12 09:56:56', '610a51eb-9bbf-4727-b267-f0cc6dbd14f0'),
(32, 32, 1, NULL, NULL, 1, '2022-07-12 09:56:59', '2022-07-12 09:56:59', '6dea9bbb-f98e-485e-ba52-c2c7504e9800'),
(33, 33, 1, NULL, NULL, 1, '2022-07-12 09:57:17', '2022-07-12 09:57:17', 'd7bb33c6-f276-43dd-83af-4313d41a7907'),
(34, 34, 1, NULL, NULL, 1, '2022-07-12 09:57:26', '2022-07-12 09:57:26', '8b5dd41f-6f28-49a0-b27d-54c0f4601838'),
(35, 35, 1, NULL, NULL, 1, '2022-07-12 09:57:29', '2022-07-12 09:57:29', '8cdfb159-f30c-46a0-a13d-f3d5dbd4eb49'),
(36, 36, 1, NULL, NULL, 1, '2022-07-12 09:57:34', '2022-07-12 09:57:34', 'd91d8b56-f546-4c06-8f75-980b4cf698c5'),
(37, 37, 1, NULL, NULL, 1, '2022-07-12 09:57:38', '2022-07-12 09:57:38', '81e72275-3c20-4d3a-b3f2-1dd49fc5915c'),
(38, 38, 1, NULL, NULL, 1, '2022-07-12 09:57:39', '2022-07-12 09:57:39', 'c1949ff0-7ca9-49a6-a4ba-8c2e47c6ffc8'),
(39, 39, 1, NULL, NULL, 1, '2022-07-12 09:57:42', '2022-07-12 09:57:42', 'cb84a972-7c70-4529-84bd-ddccebdd5791'),
(41, 41, 1, NULL, NULL, 1, '2022-07-12 09:57:53', '2022-07-12 09:57:53', 'a5fd01ff-3ae7-48e7-8137-4959027a9479'),
(46, 46, 1, NULL, NULL, 1, '2022-07-12 09:58:09', '2022-07-12 09:58:09', '19cff32a-2597-46bc-a7a0-a021894fb6a8'),
(47, 47, 1, NULL, NULL, 1, '2022-07-12 09:58:16', '2022-07-12 09:58:16', '3a8fe93a-a58d-4598-9730-f59c8c413185'),
(48, 48, 1, NULL, NULL, 1, '2022-07-12 09:58:23', '2022-07-12 09:58:23', '2a33b44e-1413-478c-b9ee-e89c8359da92'),
(50, 50, 1, NULL, NULL, 1, '2022-07-12 09:58:34', '2022-07-12 09:58:34', 'ee969b59-fa24-4ca5-a91e-c2ed304bb08d'),
(72, 72, 1, NULL, NULL, 1, '2022-07-12 12:09:28', '2022-07-12 12:09:28', '63d2c4db-c616-4b23-abfb-04335702cfbd'),
(73, 73, 1, NULL, NULL, 1, '2022-07-12 12:09:32', '2022-07-12 12:09:32', '7603d036-7ce9-446b-ad8d-6d116b3b4c61'),
(74, 74, 1, NULL, NULL, 1, '2022-07-12 12:09:36', '2022-07-12 12:09:36', 'a0d46d9c-586d-42eb-a7ad-eef0fa48fc7a'),
(75, 75, 1, NULL, NULL, 1, '2022-07-12 12:09:37', '2022-07-12 12:09:37', '181aa75d-d0ac-4129-9620-85ef8b918b91'),
(76, 76, 1, NULL, NULL, 1, '2022-07-12 12:09:39', '2022-07-12 12:09:39', 'dad96808-ff35-4ada-8937-b9f6bc2b096f'),
(77, 77, 1, NULL, NULL, 1, '2022-07-12 12:09:43', '2022-07-12 12:09:43', '18f65ff5-279e-4213-a650-9aea1195cbd3'),
(78, 78, 1, NULL, NULL, 1, '2022-07-12 12:09:49', '2022-07-12 12:09:49', 'b07139f7-682a-4d71-b37f-0caedb3a5e75'),
(79, 79, 1, NULL, NULL, 1, '2022-07-12 12:09:49', '2022-07-12 12:09:49', 'c829fdf5-d48c-404b-89dc-bc31d1e40284'),
(80, 80, 1, NULL, NULL, 1, '2022-07-12 12:09:54', '2022-07-12 12:09:54', '06abdbed-a9ff-4765-b10a-7efd12c9a950'),
(81, 81, 1, NULL, NULL, 1, '2022-07-12 12:09:54', '2022-07-12 12:09:54', '1d0de5af-0c1d-4a6d-8125-f170466ce4be'),
(82, 82, 1, NULL, NULL, 1, '2022-07-12 12:09:54', '2022-07-12 12:09:54', 'b81e7799-aad5-4b67-bbdf-568161199a49'),
(83, 83, 1, NULL, NULL, 1, '2022-07-12 12:09:55', '2022-07-12 12:09:55', 'd8392b87-cd79-453f-b778-75e9c9cec6e5'),
(86, 86, 1, NULL, NULL, 1, '2022-07-12 12:10:36', '2022-07-12 12:10:36', '732ea7c8-b62d-47bc-8fc0-d1f3666d39e0'),
(87, 87, 1, NULL, NULL, 1, '2022-07-12 12:10:36', '2022-07-12 12:10:36', 'd86ff2a4-2e0c-40d2-a88b-439d14c391fd'),
(118, 118, 1, NULL, NULL, 1, '2022-07-13 07:08:41', '2022-07-13 07:08:41', '723b5916-a38d-4f41-9475-1be05fc877f5'),
(149, 149, 1, NULL, NULL, 1, '2022-07-13 08:31:58', '2022-07-13 08:31:58', '891b3967-b209-48fa-a36f-7edd1744209e'),
(150, 150, 1, NULL, NULL, 1, '2022-07-13 08:31:58', '2022-07-13 08:31:58', '4d9333bd-bc81-403e-8fe3-81be8f358e1e'),
(151, 151, 1, NULL, NULL, 1, '2022-07-13 08:31:58', '2022-07-13 08:31:58', 'c7de63ee-225f-49fb-91e0-2371e1a82d7d'),
(152, 152, 1, NULL, NULL, 1, '2022-07-13 08:32:04', '2022-07-13 08:32:04', 'c6184830-9ba0-4576-82f0-2f50d8252612'),
(153, 153, 1, NULL, NULL, 1, '2022-07-13 08:32:04', '2022-07-13 08:32:04', 'b6b1fe36-fd1a-4b69-be84-074b5ee78565'),
(154, 154, 1, NULL, NULL, 1, '2022-07-13 08:32:04', '2022-07-13 08:32:04', '488edc5f-352a-40c7-a864-5703b92d67df'),
(155, 155, 1, NULL, NULL, 1, '2022-07-13 08:32:06', '2022-07-13 08:32:06', '785a124a-cb86-41a9-aa37-38c57463be78'),
(156, 156, 1, NULL, NULL, 1, '2022-07-13 08:32:06', '2022-07-13 08:32:06', '4358db2f-5fbb-4764-94e5-56821921bb32'),
(157, 157, 1, NULL, NULL, 1, '2022-07-13 08:32:06', '2022-07-13 08:32:06', '03a5900f-af76-49ae-9c73-a47dadfb2163'),
(158, 158, 1, NULL, NULL, 1, '2022-07-13 08:32:08', '2022-07-13 08:32:08', 'ff30c397-b70a-499b-b6d7-59dca55ff00d'),
(159, 159, 1, NULL, NULL, 1, '2022-07-13 08:32:09', '2022-07-13 08:32:09', '889fa4d2-5628-4f48-a6ef-5f676b059e3e'),
(160, 160, 1, NULL, NULL, 1, '2022-07-13 08:32:09', '2022-07-13 08:32:09', '64a90b75-a3fe-47a4-bba9-fcde0c305aca'),
(161, 161, 1, NULL, NULL, 1, '2022-07-13 08:32:13', '2022-07-13 08:32:13', '6ca9b808-3525-4e02-9462-4b774c50bf4a'),
(162, 162, 1, NULL, NULL, 1, '2022-07-13 08:32:13', '2022-07-13 08:32:13', '818b8503-7347-4bc2-bdb5-bd8b9d134a31'),
(163, 163, 1, NULL, NULL, 1, '2022-07-13 08:32:13', '2022-07-13 08:32:13', 'bebda7dc-e4bc-417d-89fe-d954d62fe066'),
(164, 164, 1, NULL, NULL, 1, '2022-07-13 08:32:22', '2022-07-13 08:32:22', '44c04c15-4edf-44af-944f-168ab9e418f8'),
(165, 165, 1, NULL, NULL, 1, '2022-07-13 08:32:22', '2022-07-13 08:32:22', 'e91778cd-f303-44ef-8d8f-f8b829fddaaf'),
(166, 166, 1, NULL, NULL, 1, '2022-07-13 08:32:22', '2022-07-13 08:32:22', '7e4dacd4-ade5-493f-99ee-10e6b5ad4907'),
(167, 167, 1, NULL, NULL, 1, '2022-07-13 08:32:34', '2022-07-13 08:32:34', '3091dd90-f855-463f-9fd1-e0295557aa7c'),
(168, 168, 1, NULL, NULL, 1, '2022-07-13 08:32:34', '2022-07-13 08:32:34', '02b14617-3eda-470e-a113-2e572cd55946'),
(169, 169, 1, NULL, NULL, 1, '2022-07-13 08:32:34', '2022-07-13 08:32:34', '0fa3e38d-21a6-4679-9484-473eda718698'),
(170, 170, 1, NULL, NULL, 1, '2022-07-13 08:32:36', '2022-07-13 08:32:36', '8e606e8c-7804-4f8d-8ef3-3063900779d6'),
(171, 171, 1, NULL, NULL, 1, '2022-07-13 08:32:36', '2022-07-13 08:32:36', '0be58bee-d9d9-4c13-bd4c-50a1db524309'),
(172, 172, 1, NULL, NULL, 1, '2022-07-13 08:32:36', '2022-07-13 08:32:36', 'ec319ede-177f-4c16-8446-74e7e27b9589'),
(173, 173, 1, NULL, NULL, 1, '2022-07-13 08:32:38', '2022-07-13 08:32:38', 'd02ec18d-c35e-4788-8aef-43ceff3a9214'),
(174, 174, 1, NULL, NULL, 1, '2022-07-13 08:32:39', '2022-07-13 08:32:39', '927a94cd-cfec-4d94-8452-2c7638861d7a'),
(175, 175, 1, NULL, NULL, 1, '2022-07-13 08:32:39', '2022-07-13 08:32:39', 'e16c8e57-6322-4927-a064-208806975995'),
(176, 176, 1, NULL, NULL, 1, '2022-07-13 08:32:40', '2022-07-13 08:32:40', '929cd8ac-ebb6-4780-b99e-d41e73edc380'),
(177, 177, 1, NULL, NULL, 1, '2022-07-13 08:32:41', '2022-07-13 08:32:41', '5be3ae76-94a3-495e-80de-9035a42666ae'),
(178, 178, 1, NULL, NULL, 1, '2022-07-13 08:32:41', '2022-07-13 08:32:41', '45d2bb11-a98c-41ee-abcd-8299d41b5463'),
(182, 182, 1, NULL, NULL, 1, '2022-07-13 08:32:45', '2022-07-13 08:32:45', '42d35bb0-bb9d-46e4-9e9b-c0000347c45f'),
(183, 183, 1, NULL, NULL, 1, '2022-07-13 08:32:45', '2022-07-13 08:32:45', '5e48b24c-8c01-4da1-9157-e0d3baf76798'),
(184, 184, 1, NULL, NULL, 1, '2022-07-13 08:32:45', '2022-07-13 08:32:45', 'ef15a6c6-9260-4b73-8b7f-5cadeff80069'),
(198, 198, 1, NULL, NULL, 1, '2022-07-13 08:38:56', '2022-07-13 08:38:56', 'cb9f14b9-81e9-4b23-aa3e-20ab9d3ab270'),
(199, 199, 1, NULL, NULL, 1, '2022-07-13 08:38:56', '2022-07-13 08:38:56', '3541f68b-c3d0-49c7-95dd-ff342a4460ab'),
(200, 200, 1, NULL, NULL, 1, '2022-07-13 08:38:56', '2022-07-13 08:38:56', '550f6487-345c-4c7a-b062-fa965f21f3ab'),
(214, 214, 1, NULL, NULL, 1, '2022-07-13 08:50:24', '2022-07-13 08:50:24', 'da8b9331-0dde-4116-be98-c023e4142894'),
(215, 215, 1, NULL, NULL, 1, '2022-07-13 08:50:24', '2022-07-13 08:50:24', 'c405af2f-d837-4321-8a3b-7342194248ab'),
(216, 216, 1, NULL, NULL, 1, '2022-07-13 08:50:25', '2022-07-13 08:50:25', 'f9d93431-da9e-4874-94d4-083062c8db00'),
(222, 222, 1, NULL, NULL, 1, '2022-07-13 09:19:59', '2022-07-13 09:19:59', 'c09aede6-88eb-4ba9-be84-72d275d0560a'),
(223, 223, 1, NULL, NULL, 1, '2022-07-13 09:19:59', '2022-07-13 09:19:59', '801b68d3-db10-4023-a5db-876386289f5c'),
(224, 224, 1, NULL, NULL, 1, '2022-07-13 09:19:59', '2022-07-13 09:19:59', '4fd9a88f-dcdb-4665-81eb-8fac3182a5c5'),
(260, 260, 1, '404-error', 'errors/404-error', 1, '2022-07-13 09:30:27', '2022-07-13 09:30:46', '843648f5-2c87-4b4d-b421-50afce68ef77'),
(261, 261, 1, '404-error', 'errors/404-error', 1, '2022-07-13 09:30:47', '2022-07-13 09:30:47', '3b1f157f-5b23-485f-95cc-c1684b4a948e'),
(267, 267, 1, NULL, NULL, 1, '2022-07-13 13:48:07', '2022-07-13 13:48:07', '52945dd0-5101-4cd1-9b97-bfac42a66e27'),
(283, 283, 1, 'contact', NULL, 1, '2022-07-14 11:16:26', '2022-07-14 11:39:54', '98458e8a-0714-42ac-9c32-60ef40acb8ce'),
(284, 284, 1, 'contact', 'contact', 1, '2022-07-14 11:16:27', '2022-07-14 11:16:27', '8c26a103-0e8d-4f91-88bb-60b8dbd32ab1'),
(285, 285, 1, 'contact', 'contact', 1, '2022-07-14 11:16:27', '2022-07-14 11:16:27', '84511cf4-e268-421a-8684-6a8e43b7e803'),
(286, 286, 1, 'contact', 'contact', 1, '2022-07-14 11:17:28', '2022-07-14 11:17:28', '60ec3350-4703-4584-baeb-6c491afe8715'),
(288, 288, 1, 'contact', 'contact', 1, '2022-07-14 11:18:23', '2022-07-14 11:18:23', 'f3d8dfae-c4d1-4816-b181-60b4c87cd98c'),
(324, 324, 1, NULL, NULL, 1, '2022-07-14 16:45:25', '2022-07-14 16:45:25', '350612e9-3301-4245-925f-e8329e3ca13a'),
(325, 325, 1, NULL, NULL, 1, '2022-07-14 16:49:45', '2022-07-14 16:49:45', 'f0ff8300-8103-45ce-8846-b29ae3f24186'),
(326, 326, 1, NULL, NULL, 1, '2022-07-14 17:15:36', '2022-07-14 17:15:36', 'a403093e-8e17-4cad-8607-c71d033559c1'),
(327, 327, 1, NULL, NULL, 1, '2022-07-14 17:18:14', '2022-07-14 17:18:14', '71f8c85f-7970-418e-a38d-6a5425d9f418'),
(328, 328, 1, NULL, NULL, 1, '2022-07-14 17:32:30', '2022-07-14 17:32:30', '01e59534-0fcb-4f13-a26c-be6459f54ca5'),
(329, 329, 1, NULL, NULL, 1, '2022-07-14 17:39:59', '2022-07-14 17:39:59', '8e417173-ba31-439b-b142-3f3395e9c4a7'),
(340, 340, 1, NULL, NULL, 1, '2022-07-15 16:22:12', '2022-07-15 16:22:12', 'cf67e30b-e8ca-47ef-a323-ed2eb3c2fff3'),
(341, 341, 1, NULL, NULL, 1, '2022-07-15 16:22:18', '2022-07-15 16:22:18', '2997f564-9fac-477d-a8d9-a726d81a0b88'),
(342, 342, 1, NULL, NULL, 1, '2022-07-15 16:22:32', '2022-07-15 16:22:32', '02c3632c-8203-4841-a098-2618d26a08ae'),
(344, 344, 1, NULL, NULL, 1, '2022-07-15 16:22:41', '2022-07-15 16:22:41', 'f49271e4-0c00-42d1-981b-8d51486efc52'),
(362, 362, 1, NULL, NULL, 1, '2022-07-18 06:32:53', '2022-07-18 06:32:53', '80e85228-fd3e-4dbf-b463-2f7a3b51c068'),
(387, 387, 1, 'gutscheine', 'gutscheine', 1, '2022-07-18 08:01:04', '2022-07-18 08:01:04', '59846f3f-126a-4dcc-bccc-5b9b0078201f'),
(388, 388, 1, 'gutscheine', 'gutscheine', 1, '2022-07-18 08:01:04', '2022-07-18 08:01:04', '81647fb4-0db5-4a7d-b49a-0521ae6d811a'),
(389, 389, 1, 'gutscheine', 'gutscheine', 1, '2022-07-18 08:01:36', '2022-07-18 08:01:36', '2b10c16a-86e0-479f-9206-b9e52eaa21ab'),
(391, 391, 1, 'gutscheine', 'gutscheine', 1, '2022-07-18 08:02:13', '2022-07-18 08:02:13', '21d62ced-cffa-415f-9320-c7bb24026ca7'),
(392, 392, 1, NULL, NULL, 1, '2022-07-18 08:02:32', '2022-07-18 08:02:32', '71cedf10-e213-4536-868a-023cd0014478'),
(394, 394, 1, 'ueber-mich', 'ueber-mich', 1, '2022-07-18 08:03:48', '2022-07-18 08:03:48', 'aa4be73b-9bc6-49a8-9444-f72301d9d9f0'),
(395, 395, 1, 'kontakt', 'kontaktiere-mich', 1, '2022-07-18 08:06:46', '2022-07-18 08:06:46', '09087f35-ab72-430a-9ee0-b0777280a6b9'),
(398, 398, 1, 'kontakt', 'kontaktiere-mich', 1, '2022-07-18 08:07:17', '2022-07-18 08:07:17', '687341c9-68fa-40f0-a15b-af36d3c3fee0'),
(399, 399, 1, 'kontakt', 'kontaktiere-mich', 1, '2022-07-18 08:07:30', '2022-07-18 08:07:30', '97424623-8249-4696-8d4e-b90e3e56c1b2'),
(400, 400, 1, NULL, NULL, 1, '2022-07-18 08:07:54', '2022-07-18 08:07:54', '68ee7023-3691-4535-b43c-0aa1a22c4329'),
(401, 401, 1, NULL, NULL, 1, '2022-07-18 08:23:29', '2022-07-18 08:23:29', 'd30408f1-a57f-4ef3-adc0-09985c97249c'),
(408, 408, 1, 'leistungen', 'leistungen', 1, '2022-07-18 09:00:30', '2022-07-18 09:02:08', 'e6df8eba-82b2-4125-9f23-e43bba550f82'),
(423, 423, 1, NULL, NULL, 1, '2022-07-18 09:42:19', '2022-07-18 09:42:19', '1d1e5a73-d38a-4021-a6bc-a2578ec7e8ac'),
(424, 424, 1, NULL, NULL, 1, '2022-07-18 09:42:24', '2022-07-18 09:42:24', 'f2b4c587-0c7d-4e99-af3b-53fcc8aec130'),
(425, 425, 1, NULL, NULL, 1, '2022-07-18 09:42:36', '2022-07-18 09:42:36', 'd10e8a3e-433c-496f-a7b1-b5a4c3bc3576'),
(426, 426, 1, NULL, NULL, 1, '2022-07-18 09:42:37', '2022-07-18 09:42:37', 'c23a78c8-3188-4383-9841-e31fe1c3f819'),
(427, 427, 1, NULL, NULL, 1, '2022-07-18 09:42:42', '2022-07-18 09:42:42', 'e130f366-8469-430c-abd1-23ebbfe0fd19'),
(428, 428, 1, NULL, NULL, 1, '2022-07-18 09:42:43', '2022-07-18 09:42:43', '7199628f-4ca2-46bd-af4d-a0feff1ae945'),
(429, 429, 1, NULL, NULL, 1, '2022-07-18 09:42:46', '2022-07-18 09:42:46', '57be73b2-716e-44d8-b7b7-8babea289dce'),
(430, 430, 1, NULL, NULL, 1, '2022-07-18 09:42:46', '2022-07-18 09:42:46', '68f7b93a-47df-4645-8683-a4075031cd21'),
(431, 431, 1, NULL, NULL, 1, '2022-07-18 09:42:52', '2022-07-18 09:42:52', '2bf64064-6bfd-40fd-80d4-d9c4fe2c55e8'),
(432, 432, 1, NULL, NULL, 1, '2022-07-18 09:42:52', '2022-07-18 09:42:52', 'fe9a2585-a4dd-4b6e-9ae2-1ecdadb47b3f'),
(433, 433, 1, NULL, NULL, 1, '2022-07-18 09:42:56', '2022-07-18 09:42:56', '1701bda6-85bd-4c6c-8c90-23b3229c97e2'),
(434, 434, 1, NULL, NULL, 1, '2022-07-18 09:42:56', '2022-07-18 09:42:56', '18ea872e-92f4-4ef6-ac5a-f6fe41de42c3'),
(435, 435, 1, NULL, NULL, 1, '2022-07-18 09:43:00', '2022-07-18 09:43:00', 'ff24fe54-097f-401c-8b28-7804fb789248'),
(436, 436, 1, NULL, NULL, 1, '2022-07-18 09:43:00', '2022-07-18 09:43:00', '3b377ebb-cc20-44fa-a96e-ff75842da86c'),
(437, 437, 1, NULL, NULL, 1, '2022-07-18 09:43:04', '2022-07-18 09:43:04', '4c457efc-df6f-434f-bbd0-22c445e5aa16'),
(438, 438, 1, NULL, NULL, 1, '2022-07-18 09:43:04', '2022-07-18 09:43:04', '8eb2b617-edd9-4368-8707-ae37e8a3f139'),
(441, 441, 1, NULL, NULL, 1, '2022-07-18 09:43:09', '2022-07-18 09:43:09', '3d894326-ca70-4ab3-8797-a417890b327f'),
(442, 442, 1, NULL, NULL, 1, '2022-07-18 09:43:09', '2022-07-18 09:43:09', 'e2830387-5afa-4913-9853-60a06c8e0a21'),
(486, 486, 1, NULL, NULL, 1, '2022-07-18 11:09:58', '2022-07-18 11:09:58', 'a17461bf-d6dd-4542-b0bc-764a7fc6c346'),
(487, 487, 1, NULL, NULL, 1, '2022-07-18 22:07:55', '2022-07-18 22:07:55', '1e8d35ed-0941-4324-badd-380c51838527'),
(488, 488, 1, NULL, NULL, 1, '2022-07-18 22:08:43', '2022-07-18 22:08:43', '74a0f839-2521-4d42-98b1-79bc3934fe4d'),
(489, 489, 1, NULL, NULL, 1, '2022-07-18 22:08:43', '2022-07-18 22:08:43', '628cc24e-7bab-4859-999d-c3632b40e04b'),
(490, 490, 1, NULL, NULL, 1, '2022-07-18 22:08:43', '2022-07-18 22:08:43', '8ceb5a56-e753-4bdd-a51b-da3494224a1b'),
(514, 514, 1, NULL, NULL, 1, '2022-07-19 07:37:01', '2022-07-19 07:37:01', '5ab0f0f6-e796-42ca-8859-e2aa259f0155'),
(515, 515, 1, NULL, NULL, 1, '2022-07-19 07:37:05', '2022-07-19 07:37:05', '021ef5e8-0589-4a82-998b-f8f358200198'),
(516, 516, 1, NULL, NULL, 1, '2022-07-19 07:37:09', '2022-07-19 07:37:09', 'ac81436c-c6f1-491c-b47f-e7a32ac35706'),
(517, 517, 1, NULL, NULL, 1, '2022-07-19 07:37:15', '2022-07-19 07:37:15', 'cb77dd60-787b-4d5f-a61c-d6e7a73aee10'),
(518, 518, 1, NULL, NULL, 1, '2022-07-19 07:37:16', '2022-07-19 07:37:16', '63688ac9-65cb-43a6-9553-766e84c76219'),
(519, 519, 1, NULL, NULL, 1, '2022-07-19 07:37:17', '2022-07-19 07:37:17', '58140b28-4930-41cb-b2ff-14cb509ad654'),
(520, 520, 1, NULL, NULL, 1, '2022-07-19 07:37:19', '2022-07-19 07:37:19', 'd522ee6c-e900-491d-b2b5-c32ad3138d1a'),
(521, 521, 1, NULL, NULL, 1, '2022-07-19 07:37:21', '2022-07-19 07:37:21', '08bb73fd-1fd4-492e-88ee-c894031160cf'),
(522, 522, 1, NULL, NULL, 1, '2022-07-19 07:37:22', '2022-07-19 07:37:22', '048c7f87-b479-4da4-b66c-837c1d06ffdd'),
(523, 523, 1, NULL, NULL, 1, '2022-07-19 07:37:23', '2022-07-19 07:37:23', 'd437e8e8-067a-4f79-b578-dd6ae7b2a745'),
(524, 524, 1, NULL, NULL, 1, '2022-07-19 07:37:28', '2022-07-19 07:37:28', 'd7163132-d7b4-4aa6-a970-db5e7ab0352e'),
(525, 525, 1, NULL, NULL, 1, '2022-07-19 07:37:32', '2022-07-19 07:37:32', '85c14e07-6338-4b5b-94fa-e119b54fc9d6'),
(526, 526, 1, NULL, NULL, 1, '2022-07-19 07:37:34', '2022-07-19 07:37:34', '89bf402f-59ed-493f-b546-569c568f5cec'),
(527, 527, 1, NULL, NULL, 1, '2022-07-19 07:37:34', '2022-07-19 07:37:34', '2a2e878b-5b8f-4ddf-ac86-c5fc0b703bb7'),
(528, 528, 1, NULL, NULL, 1, '2022-07-19 07:37:38', '2022-07-19 07:37:38', '74db5ff8-79ec-4b7d-9cbf-667d85b74c53'),
(529, 529, 1, NULL, NULL, 1, '2022-07-19 07:37:38', '2022-07-19 07:37:38', 'b6d3a747-657f-4bc2-b752-2b72a350a801'),
(530, 530, 1, NULL, NULL, 1, '2022-07-19 07:37:40', '2022-07-19 07:37:40', '58bd9dab-cf12-4413-8b71-e5aebac4c8c0'),
(531, 531, 1, NULL, NULL, 1, '2022-07-19 07:37:40', '2022-07-19 07:37:40', 'a581c341-5aa7-4d71-a0dc-dc2f13c99013'),
(532, 532, 1, NULL, NULL, 1, '2022-07-19 07:37:48', '2022-07-19 07:37:48', 'a2d6e9f1-8da4-43b6-a506-4ea355e205b0'),
(533, 533, 1, NULL, NULL, 1, '2022-07-19 07:37:48', '2022-07-19 07:37:48', '710b9efc-c7eb-4a43-8363-94e30daec404'),
(534, 534, 1, NULL, NULL, 1, '2022-07-19 07:37:50', '2022-07-19 07:37:50', '57a5633d-33d2-47dc-a075-d24e99b15913'),
(535, 535, 1, NULL, NULL, 1, '2022-07-19 07:37:50', '2022-07-19 07:37:50', 'c5095120-2b13-4ede-962a-7f7b6bd83d75'),
(536, 536, 1, NULL, NULL, 1, '2022-07-19 07:37:51', '2022-07-19 07:37:51', '2e7b9e45-9ad8-4029-bf1f-97a725627df4'),
(537, 537, 1, NULL, NULL, 1, '2022-07-19 07:37:51', '2022-07-19 07:37:51', 'f7163ecd-2b3d-4a1b-9c00-c69e284548d4'),
(538, 538, 1, NULL, NULL, 1, '2022-07-19 07:37:51', '2022-07-19 07:37:51', '868af297-66d0-4a45-a37d-1b6baec1bb11'),
(539, 539, 1, NULL, NULL, 1, '2022-07-19 07:37:54', '2022-07-19 07:37:54', '289e6eb9-6d47-465b-bd70-747262bcc43a'),
(540, 540, 1, NULL, NULL, 1, '2022-07-19 07:37:54', '2022-07-19 07:37:54', 'f1c8b772-1248-4078-aca0-a17e94399f8d'),
(541, 541, 1, NULL, NULL, 1, '2022-07-19 07:37:54', '2022-07-19 07:37:54', 'ae9106d9-5533-499d-bdcc-21ddbe26db20'),
(545, 545, 1, NULL, NULL, 1, '2022-07-19 07:38:03', '2022-07-19 07:38:03', 'f02c541f-050d-4831-a3b7-7baa1616999c'),
(546, 546, 1, NULL, NULL, 1, '2022-07-19 07:38:03', '2022-07-19 07:38:03', '8cc03188-73a7-4e6b-b349-059965c5dea8'),
(547, 547, 1, NULL, NULL, 1, '2022-07-19 07:38:03', '2022-07-19 07:38:03', 'fb4e41dd-8ade-464b-9699-6f1730623d94'),
(548, 548, 1, 'home', '__home__', 1, '2022-07-19 07:38:04', '2022-07-19 07:38:04', '4dfd7e78-814d-41a6-a23c-93b7386d85e8'),
(549, 549, 1, NULL, NULL, 1, '2022-07-19 07:38:04', '2022-07-19 07:38:04', 'cc6927fc-1ee4-411d-8579-100a953cb1e8'),
(550, 550, 1, NULL, NULL, 1, '2022-07-19 07:38:04', '2022-07-19 07:38:04', '076c937d-b9f9-49da-b4ed-eeb498e1040c'),
(551, 551, 1, NULL, NULL, 1, '2022-07-19 07:38:04', '2022-07-19 07:38:04', '3a76c647-63b5-4f56-85f3-e0a5976aa33d'),
(552, 552, 1, NULL, NULL, 1, '2022-07-19 07:38:04', '2022-07-19 07:38:04', '5517b1f4-4bc1-4e98-80cf-ab53bd6af129'),
(553, 553, 1, NULL, NULL, 1, '2022-07-19 07:38:04', '2022-07-19 07:38:04', '65bb53f1-fac4-4b48-9b8e-8656babb6d88'),
(554, 554, 1, NULL, NULL, 1, '2022-07-19 07:38:04', '2022-07-19 07:38:04', '3c7af9e4-0e93-4a2a-adc0-f1842abe609d'),
(555, 555, 1, NULL, NULL, 1, '2022-07-19 07:38:05', '2022-07-19 07:38:05', '7e3f6b2c-8874-49a8-bc8e-49bae8e80b5e'),
(556, 556, 1, NULL, NULL, 1, '2022-07-19 07:38:05', '2022-07-19 07:38:05', '87b43ca6-8ee0-4ddc-a7f6-265d0ef2820e'),
(557, 557, 1, NULL, NULL, 1, '2022-07-19 07:38:05', '2022-07-19 07:38:05', '2a599e5a-a60c-424b-a26b-fa6c445fde5f'),
(558, 558, 1, 'impressum', 'impressum', 1, '2022-07-19 08:42:39', '2022-07-19 08:42:39', '32f4c04e-0430-483c-b464-2cee597038ac'),
(560, 560, 1, 'impressum', 'impressum', 1, '2022-07-19 08:43:14', '2022-07-19 08:43:14', '8d149ad8-c355-45ab-b0e5-c91965fb0112'),
(562, 562, 1, 'impressum', 'impressum', 1, '2022-07-19 08:44:47', '2022-07-19 08:44:47', '1a9a771d-5bcc-4860-acc7-4f6ad3d57cbd'),
(563, 563, 1, 'impressum', 'impressum', 1, '2022-07-19 08:46:39', '2022-07-19 08:46:39', '1402f40c-791d-4b46-afff-710f3c8b8859'),
(564, 564, 1, 'impressum', 'impressum', 1, '2022-07-19 08:46:40', '2022-07-19 08:46:40', 'f52958ba-4033-4306-b93b-7efeab56f614'),
(565, 565, 1, 'datenschutz', 'datenschutz', 1, '2022-07-19 08:49:02', '2022-07-19 08:49:02', '604f1b15-bc50-47fb-a3d7-d50504725ac9'),
(566, 566, 1, 'datenschutz', 'datenschutz', 1, '2022-07-19 08:49:02', '2022-07-19 08:49:02', '2832394a-e520-4a8d-8c8e-d0b4bc72acc3'),
(567, 567, 1, 'datenschutz', 'datenschutz', 1, '2022-07-19 08:49:20', '2022-07-19 08:49:20', '5248d0c5-a42c-469c-a15c-04790972e640'),
(569, 569, 1, 'datenschutz', 'datenschutz', 1, '2022-07-19 08:50:07', '2022-07-19 08:50:07', 'e4b68d0b-f455-491c-a156-5386163dfab4'),
(570, 570, 1, 'impressum', 'impressum', 1, '2022-07-19 08:51:50', '2022-07-19 08:51:50', '1273d2fc-64cb-4ae6-a100-e2b4cabe7cb1'),
(571, 571, 1, NULL, NULL, 1, '2022-07-19 08:52:47', '2022-07-19 08:52:47', '382b7da6-5acb-45ac-9715-ab0d3c89671a'),
(572, 572, 1, 'home', '__home__', 1, '2022-07-19 12:10:07', '2022-07-19 12:10:07', '7525ada0-f4aa-4060-8e53-c9ef6afdaa72'),
(573, 573, 1, NULL, NULL, 1, '2022-07-19 12:10:07', '2022-07-19 12:10:07', '03127a40-6315-4f93-b1cd-48ff995efad8'),
(574, 574, 1, NULL, NULL, 1, '2022-07-19 12:10:08', '2022-07-19 12:10:08', 'e8e92001-da8f-48df-ab5f-4367cdf374f1'),
(575, 575, 1, NULL, NULL, 1, '2022-07-19 12:10:08', '2022-07-19 12:10:08', '6adb2f2f-7d63-498e-a63d-39160ab125fc'),
(576, 576, 1, NULL, NULL, 1, '2022-07-19 12:10:08', '2022-07-19 12:10:08', 'a655fb2b-de7c-47dc-b1ef-03eea8a259bd'),
(577, 577, 1, NULL, NULL, 1, '2022-07-19 12:10:08', '2022-07-19 12:10:08', '9f62e31f-2d5e-44a2-8b1e-80de736c4a9d'),
(578, 578, 1, NULL, NULL, 1, '2022-07-19 12:10:08', '2022-07-19 12:10:08', 'd309defd-b27d-4321-95ff-48fe42500249'),
(579, 579, 1, NULL, NULL, 1, '2022-07-19 12:10:08', '2022-07-19 12:10:08', '354ffa7b-7b05-4267-83d8-2d06b7f94e87'),
(580, 580, 1, NULL, NULL, 1, '2022-07-19 12:10:08', '2022-07-19 12:10:08', '61df9beb-0ecf-4ddc-849f-efbdb1d2f183'),
(581, 581, 1, NULL, NULL, 1, '2022-07-19 12:10:08', '2022-07-19 12:10:08', 'aa3d9fa0-cba4-49c5-83cb-9bb2b40d3d0b'),
(592, 592, 1, 'home', '__home__', 1, '2022-07-19 12:11:47', '2022-07-19 12:11:47', '0065c37f-9a51-4499-bc0f-dc4040b68cda'),
(593, 593, 1, NULL, NULL, 1, '2022-07-19 12:11:47', '2022-07-19 12:11:47', 'eafd0e56-af89-4a24-830a-b8b95d3c9ddf'),
(594, 594, 1, NULL, NULL, 1, '2022-07-19 12:11:47', '2022-07-19 12:11:47', '8e08ecc4-9b41-40b7-a82f-5bb79e1a0ce4'),
(595, 595, 1, NULL, NULL, 1, '2022-07-19 12:11:47', '2022-07-19 12:11:47', '321313b5-e810-4407-b7e6-7fc330706416'),
(596, 596, 1, NULL, NULL, 1, '2022-07-19 12:11:47', '2022-07-19 12:11:47', 'c1efb599-ba46-4a7c-93e0-9fea1b29bcdf'),
(597, 597, 1, NULL, NULL, 1, '2022-07-19 12:11:47', '2022-07-19 12:11:47', '5d03868a-cc39-4a30-a6da-62a3695c5b09'),
(598, 598, 1, NULL, NULL, 1, '2022-07-19 12:11:47', '2022-07-19 12:11:47', 'b8de8795-28f8-42a3-923e-15adba49cab5'),
(599, 599, 1, NULL, NULL, 1, '2022-07-19 12:11:48', '2022-07-19 12:11:48', 'b991ecdb-47f7-444d-a1ff-ae39d7d52b26'),
(600, 600, 1, NULL, NULL, 1, '2022-07-19 12:11:48', '2022-07-19 12:11:48', '6cc6382b-fac3-4bd4-b0ea-1bfa5f0a2a5e'),
(601, 601, 1, NULL, NULL, 1, '2022-07-19 12:11:48', '2022-07-19 12:11:48', '260acfd5-59cf-41d8-b175-a4bb66967994'),
(603, 603, 1, 'kontakt', 'kontaktiere-mich', 1, '2022-07-19 12:15:20', '2022-07-19 12:15:20', '5f28a1f5-ddf8-4984-bc04-1558750d8c63'),
(604, 604, 1, 'gutscheine', 'gutscheine', 1, '2022-07-19 12:16:01', '2022-07-19 12:16:01', '904b158b-4bd8-4ca1-906e-b800976ca224'),
(605, 605, 1, 'ueber-mich', 'ueber-mich', 1, '2022-07-19 12:16:21', '2022-07-19 12:16:21', '5df4e4ab-70cb-4d62-876d-edb1f3301dc5'),
(607, 607, 1, 'gutscheine', 'gutscheine', 1, '2022-07-19 12:19:07', '2022-07-19 12:19:07', '6a2b1b04-d921-4eb9-a7a8-44cf5a094cef'),
(608, 608, 1, 'kontakt', 'kontaktiere-mich', 1, '2022-07-19 12:19:49', '2022-07-19 12:19:49', 'ff0058e9-cd6e-4581-bfd1-18d84e336c36'),
(610, 610, 1, 'kontakt', 'kontaktiere-mich', 1, '2022-07-19 12:26:22', '2022-07-19 12:26:22', '420a7cc4-960b-4de8-80f6-3122a52fe5bf'),
(614, 614, 1, 'ueber-mich', 'ueber-mich', 1, '2022-07-19 12:29:43', '2022-07-19 12:29:43', 'ac64506b-d3d8-48bd-8b95-da0b2a35243b'),
(616, 616, 1, 'ueber-mich', 'ueber-mich', 1, '2022-07-19 13:08:38', '2022-07-19 13:08:38', '23493a80-1327-4cff-b14a-e4ba8a986b07'),
(619, 619, 1, NULL, NULL, 1, '2022-07-24 19:51:16', '2022-07-24 19:51:16', '18d46717-938c-4d97-94c5-5ca912c6e8ef'),
(620, 620, 1, NULL, NULL, 1, '2022-07-24 19:51:16', '2022-07-24 19:51:16', 'c1f1cd4d-f113-4882-99eb-6846f0407bb4'),
(621, 621, 1, NULL, NULL, 1, '2022-07-24 19:51:16', '2022-07-24 19:51:16', 'e5e52652-c799-4758-923f-2b6c1717e985'),
(627, 627, 1, NULL, NULL, 1, '2022-07-24 19:51:24', '2022-07-24 19:51:24', '2f8e247a-56eb-41d8-a21f-22c4b017e753'),
(628, 628, 1, 'home', '__home__', 1, '2022-07-24 19:52:10', '2022-07-24 19:52:10', 'd72bea2b-cb0e-4dd6-a4ce-28b6f12f4223'),
(629, 629, 1, NULL, NULL, 1, '2022-07-24 19:52:11', '2022-07-24 19:52:11', '614dc309-bbdf-44b0-9d41-e94a5ba692b2'),
(630, 630, 1, NULL, NULL, 1, '2022-07-24 19:52:11', '2022-07-24 19:52:11', '4799d936-4b30-4e7d-93a8-a29a86347b35'),
(631, 631, 1, NULL, NULL, 1, '2022-07-24 19:52:11', '2022-07-24 19:52:11', '46c0240b-511d-4483-b48f-807beb00d68d'),
(632, 632, 1, NULL, NULL, 1, '2022-07-24 19:52:11', '2022-07-24 19:52:11', 'ba46117a-9201-4eed-9612-1523638327e5'),
(633, 633, 1, NULL, NULL, 1, '2022-07-24 19:52:11', '2022-07-24 19:52:11', '27e4e99f-2739-4dd6-bd95-d398416b3213'),
(634, 634, 1, NULL, NULL, 1, '2022-07-24 19:52:11', '2022-07-24 19:52:11', '90c6cb69-e5ef-49ab-ad75-539379159d9f'),
(642, 642, 1, NULL, NULL, 1, '2022-07-24 19:52:37', '2022-07-24 19:52:37', '3afd0dc5-52c5-4ef2-a54a-c4f168648f99'),
(643, 643, 1, NULL, NULL, 1, '2022-07-24 19:52:45', '2022-07-24 19:52:45', 'efbafcc5-d695-44d0-9522-10ce70a19841'),
(644, 644, 1, NULL, NULL, 1, '2022-07-24 19:52:59', '2022-07-24 19:52:59', '2fc93848-c9c4-47a7-86f1-34e6a180b9b8'),
(645, 645, 1, NULL, NULL, 1, '2022-07-24 19:53:00', '2022-07-24 19:53:00', '6925cae8-16d7-425c-b058-6c1badaa53ca'),
(646, 646, 1, NULL, NULL, 1, '2022-07-24 19:53:01', '2022-07-24 19:53:01', '0a0b334d-6603-4a25-b460-fa2c1c56ca8c'),
(648, 648, 1, NULL, NULL, 1, '2022-07-24 19:53:08', '2022-07-24 19:53:08', 'd71763fd-4038-4b53-aeef-a6f437a895c8'),
(649, 649, 1, 'home', '__home__', 1, '2022-07-24 19:53:08', '2022-07-24 19:53:08', '049683ed-c790-4d3c-a1b1-c103929a486d'),
(650, 650, 1, NULL, NULL, 1, '2022-07-24 19:53:08', '2022-07-24 19:53:08', '3da610f7-fb12-4d18-b621-0b1ced97e960'),
(651, 651, 1, NULL, NULL, 1, '2022-07-24 19:53:09', '2022-07-24 19:53:09', '7746404d-a95c-4ad4-b1aa-dfc16affbaab'),
(652, 652, 1, NULL, NULL, 1, '2022-07-24 19:53:09', '2022-07-24 19:53:09', 'cb9a0316-e90a-4eae-9427-e06d4d3f920e'),
(653, 653, 1, NULL, NULL, 1, '2022-07-24 19:53:09', '2022-07-24 19:53:09', 'a92a199c-82fc-4467-9132-d8960cfbbf28'),
(654, 654, 1, NULL, NULL, 1, '2022-07-24 19:53:09', '2022-07-24 19:53:09', 'd29bdfd6-07a1-4db4-aee2-2f9813470428'),
(655, 655, 1, NULL, NULL, 1, '2022-07-24 19:53:09', '2022-07-24 19:53:09', 'f223b1a8-4808-45a7-a9cf-54de6a0047df'),
(656, 656, 1, NULL, NULL, 1, '2022-07-24 19:53:09', '2022-07-24 19:53:09', '8c3fd3b1-672e-4368-8eb5-dfb27b55ba6b'),
(658, 658, 1, 'ueber-mich', 'ueber-mich', 1, '2022-07-24 19:59:14', '2022-07-24 19:59:14', 'd6ef099b-21a8-4e5e-8352-b61197edf891'),
(662, 662, 1, 'leistungen', 'leistungen', 1, '2022-07-25 14:27:48', '2022-07-25 14:27:48', 'f571d96b-edff-43d2-9ab8-8efef5ae5a14'),
(664, 664, 1, 'leistungen', 'leistungen', 1, '2022-07-25 14:28:45', '2022-07-25 14:28:45', '37873383-6ba9-4c43-adfc-d5e94423e2bb'),
(666, 666, 1, 'leistungen', 'leistungen', 1, '2022-07-25 14:49:21', '2022-07-25 14:49:21', '0e805ded-2765-4690-8818-a716cc2c904c'),
(668, 668, 1, 'leistungen', 'leistungen', 1, '2022-07-25 14:49:47', '2022-07-25 14:49:47', 'db3323f4-1cd4-49a5-b4fc-a550737c4b0b'),
(670, 670, 1, 'leistungen', 'leistungen', 1, '2022-07-25 14:51:17', '2022-07-25 14:51:17', '253c53ed-9950-48a5-8c9d-26fbe8e7ba17');

INSERT INTO `entries` (`id`, `sectionId`, `parentId`, `typeId`, `authorId`, `postDate`, `expiryDate`, `deletedWithEntryType`, `dateCreated`, `dateUpdated`, `uid`) VALUES
(1, 2, NULL, 5, NULL, '2022-06-25 12:57:00', NULL, NULL, '2022-06-25 12:57:38', '2022-06-25 12:57:38', 'd711e0d1-4dd9-408c-89eb-f8de4e06e108'),
(4, 5, NULL, 3, 3, NULL, NULL, 1, '2022-07-01 06:24:24', '2022-07-01 06:24:24', '8e9834c2-10f3-443c-90c1-eff68e33f18c'),
(5, 6, NULL, 7, NULL, '2022-07-01 06:30:00', NULL, 1, '2022-07-01 06:30:10', '2022-07-01 06:30:10', 'f7eef006-cc3d-479a-bcf7-25ac92b1eaa7'),
(6, 6, NULL, 7, NULL, '2022-07-01 06:30:00', NULL, NULL, '2022-07-01 06:30:10', '2022-07-01 06:30:10', '3123aac3-a19a-45c2-8273-ae69c3db4777'),
(7, 6, NULL, 7, NULL, '2022-07-01 06:30:00', NULL, NULL, '2022-07-01 06:30:57', '2022-07-01 06:30:57', '60a8dbd6-21bf-42a5-b44d-b405bf89dead'),
(8, 6, NULL, 7, NULL, '2022-07-01 06:30:00', NULL, NULL, '2022-07-01 06:31:10', '2022-07-01 06:31:10', '1ee48166-ee05-4ab7-b2b5-bbcd477000ac'),
(9, 5, NULL, 3, 3, NULL, NULL, NULL, '2022-07-01 06:31:37', '2022-07-01 06:31:37', '216d3ec6-13c5-45d9-8a5c-61f2636204cc'),
(11, 5, NULL, 3, 3, NULL, NULL, NULL, '2022-07-01 06:39:07', '2022-07-01 06:39:07', 'c6f27eba-1ea1-436d-9bee-f33e967b2d02'),
(12, 5, NULL, 3, 3, NULL, NULL, NULL, '2022-07-01 06:39:25', '2022-07-01 06:39:25', '75e8fff5-d231-4bdc-8bad-d83767829140'),
(14, 7, NULL, 8, NULL, '2022-07-11 14:33:00', NULL, NULL, '2022-07-11 14:33:12', '2022-07-18 06:19:42', '04a0cfd5-4d0f-4a63-b6b0-85ff95bd59d0'),
(260, 3, NULL, 6, 3, NULL, NULL, NULL, '2022-07-13 09:30:27', '2022-07-13 09:30:27', '513cf3c7-2745-495e-a605-2cc83f49862e'),
(261, 3, NULL, 6, 3, NULL, NULL, NULL, '2022-07-13 09:30:47', '2022-07-13 09:30:47', 'db5e9ef7-9770-4ab6-bfd4-daa43c32f8a1'),
(283, 8, NULL, 9, 3, '2022-07-14 11:16:00', NULL, 1, '2022-07-14 11:16:26', '2022-07-14 11:39:54', '2736b774-450c-44f2-b949-982ee5be3e35'),
(284, 8, NULL, 9, NULL, '2022-07-14 11:16:00', NULL, NULL, '2022-07-14 11:16:27', '2022-07-14 11:16:27', 'eed6bf79-7652-4fc4-9bd7-23345914c52d'),
(285, 8, NULL, 9, NULL, '2022-07-14 11:16:00', NULL, NULL, '2022-07-14 11:16:27', '2022-07-14 11:16:27', '93e41852-5b5f-45a4-b0b8-55acf68a68fe'),
(286, 8, NULL, 9, NULL, '2022-07-14 11:16:00', NULL, NULL, '2022-07-14 11:17:28', '2022-07-14 11:17:28', '1180b0a0-223d-4c91-a310-1a9300c3fcfe'),
(288, 8, NULL, 9, NULL, '2022-07-14 11:16:00', NULL, NULL, '2022-07-14 11:18:23', '2022-07-14 11:18:23', 'd9546f70-cf49-440e-b8b6-b499512424f9'),
(387, 9, NULL, 10, NULL, '2022-07-18 08:01:00', NULL, NULL, '2022-07-18 08:01:04', '2022-07-18 08:01:04', '34db05d0-a451-4bf0-b02c-233fe9c98df0'),
(388, 9, NULL, 10, NULL, '2022-07-18 08:01:00', NULL, NULL, '2022-07-18 08:01:04', '2022-07-18 08:01:04', '49d15f12-8dcc-41b7-9b04-831dca17753b'),
(389, 9, NULL, 10, NULL, '2022-07-18 08:01:00', NULL, NULL, '2022-07-18 08:01:37', '2022-07-18 08:01:37', '45171e5c-0b68-44aa-b8ba-efcf3f6fe596'),
(391, 9, NULL, 10, NULL, '2022-07-18 08:01:00', NULL, NULL, '2022-07-18 08:02:13', '2022-07-18 08:02:13', 'f8547fe7-4fb4-486f-b58c-05a6922978a3'),
(394, 7, NULL, 8, NULL, '2022-07-11 14:33:00', NULL, NULL, '2022-07-18 08:03:48', '2022-07-18 08:03:48', '4649adcb-d228-4c20-8435-a5676f23c53c'),
(395, 10, NULL, 11, NULL, '2022-07-18 08:06:00', NULL, NULL, '2022-07-18 08:06:46', '2022-07-18 08:06:46', 'fdb00d2d-1cb0-45fd-86c3-37d480cab1bd'),
(398, 10, NULL, 11, NULL, '2022-07-18 08:06:00', NULL, NULL, '2022-07-18 08:07:17', '2022-07-18 08:07:17', 'd376b046-f7b8-4742-84bd-cef13b62e2bd'),
(399, 10, NULL, 11, NULL, '2022-07-18 08:06:00', NULL, NULL, '2022-07-18 08:07:30', '2022-07-18 08:07:30', '9f731c36-ccba-4920-8efc-22c5da2dfc43'),
(408, 11, NULL, 12, NULL, '2022-07-18 09:00:00', NULL, NULL, '2022-07-18 09:00:30', '2022-07-18 09:00:30', '488aa2a3-1573-47e9-9858-6ac6f52b02d2'),
(548, 2, NULL, 5, NULL, '2022-06-25 12:57:00', NULL, NULL, '2022-07-19 07:38:04', '2022-07-19 07:38:04', '777b6948-7dbf-4c63-be31-3cdc7429db76'),
(558, 12, NULL, 13, NULL, '2022-07-19 08:42:00', NULL, NULL, '2022-07-19 08:42:39', '2022-07-19 08:42:39', 'a1be1765-bc6a-474f-8e72-2ada9c8e9d36'),
(560, 12, NULL, 13, NULL, '2022-07-19 08:42:00', NULL, NULL, '2022-07-19 08:43:14', '2022-07-19 08:43:14', '71101443-2b89-4955-937b-6c18c2f00c85'),
(562, 12, NULL, 13, NULL, '2022-07-19 08:42:00', NULL, NULL, '2022-07-19 08:44:47', '2022-07-19 08:44:47', '50670a62-f3e4-43f1-aa9b-0d68bac83e73'),
(563, 12, NULL, 13, NULL, '2022-07-19 08:42:00', NULL, NULL, '2022-07-19 08:46:40', '2022-07-19 08:46:40', '17b1b6e8-b4a4-4e27-a17b-7db49c68cf2f'),
(564, 12, NULL, 13, NULL, '2022-07-19 08:42:00', NULL, NULL, '2022-07-19 08:46:40', '2022-07-19 08:46:40', 'b350a4c6-0d45-43d7-8053-3a2e98cf6dea'),
(565, 13, NULL, 14, NULL, '2022-07-19 08:49:00', NULL, NULL, '2022-07-19 08:49:02', '2022-07-19 08:49:02', '940c525c-1ba6-4bd2-946c-269d819fec32'),
(566, 13, NULL, 14, NULL, '2022-07-19 08:49:00', NULL, NULL, '2022-07-19 08:49:02', '2022-07-19 08:49:02', 'a60f32a9-3c3b-483c-aecd-e14a7834c1d1'),
(567, 13, NULL, 14, NULL, '2022-07-19 08:49:00', NULL, NULL, '2022-07-19 08:49:20', '2022-07-19 08:49:20', 'de61f217-3732-4181-8931-7de5c6c3647c'),
(569, 13, NULL, 14, NULL, '2022-07-19 08:49:00', NULL, NULL, '2022-07-19 08:50:07', '2022-07-19 08:50:07', '1f4ce3bc-7943-49b7-8398-bc6bac593384'),
(570, 12, NULL, 13, NULL, '2022-07-19 08:42:00', NULL, NULL, '2022-07-19 08:51:50', '2022-07-19 08:51:50', '7b69592b-9371-49b0-9723-639c889841aa'),
(572, 2, NULL, 5, NULL, '2022-06-25 12:57:00', NULL, NULL, '2022-07-19 12:10:07', '2022-07-19 12:10:07', '5cd2ec34-8ad0-4c61-8cac-8585ecf09b02'),
(592, 2, NULL, 5, NULL, '2022-06-25 12:57:00', NULL, NULL, '2022-07-19 12:11:47', '2022-07-19 12:11:47', '4a0b626b-36aa-40c5-b9ed-3463e114b63c'),
(603, 10, NULL, 11, NULL, '2022-07-18 08:06:00', NULL, NULL, '2022-07-19 12:15:20', '2022-07-19 12:15:20', '8d90c107-650d-4f8d-a62c-a17e4eb642f5'),
(604, 9, NULL, 10, NULL, '2022-07-18 08:01:00', NULL, NULL, '2022-07-19 12:16:01', '2022-07-19 12:16:01', '515e9370-848a-4656-a231-a63fa22c9634'),
(605, 7, NULL, 8, NULL, '2022-07-11 14:33:00', NULL, NULL, '2022-07-19 12:16:21', '2022-07-19 12:16:21', '90e4fb8a-f83a-451b-b698-5b146f37e5db'),
(607, 9, NULL, 10, NULL, '2022-07-18 08:01:00', NULL, NULL, '2022-07-19 12:19:07', '2022-07-19 12:19:07', 'cf800ab1-ed72-464b-9608-73004168cd84'),
(608, 10, NULL, 11, NULL, '2022-07-18 08:06:00', NULL, NULL, '2022-07-19 12:19:49', '2022-07-19 12:19:49', '961b74da-5cb8-45c9-920a-f7af8221c0ad'),
(610, 10, NULL, 11, NULL, '2022-07-18 08:06:00', NULL, NULL, '2022-07-19 12:26:22', '2022-07-19 12:26:22', 'cc7c7696-6d9a-4782-a6ac-e6934fe207a0'),
(614, 7, NULL, 8, NULL, '2022-07-11 14:33:00', NULL, NULL, '2022-07-19 12:29:43', '2022-07-19 12:29:43', '10ece1cf-1b54-441b-9af4-46df111268dd'),
(616, 7, NULL, 8, NULL, '2022-07-11 14:33:00', NULL, NULL, '2022-07-19 13:08:38', '2022-07-19 13:08:38', '1cc08f1e-d27a-4139-97ba-59dd4d8a35d2'),
(628, 2, NULL, 5, NULL, '2022-06-25 12:57:00', NULL, NULL, '2022-07-24 19:52:11', '2022-07-24 19:52:11', '8a7aa888-be08-41e4-ac97-1d066ca23c3b'),
(649, 2, NULL, 5, NULL, '2022-06-25 12:57:00', NULL, NULL, '2022-07-24 19:53:08', '2022-07-24 19:53:08', 'a3f6ad2a-f42b-4343-8b5a-966bf87b9b93'),
(658, 7, NULL, 8, NULL, '2022-07-11 14:33:00', NULL, NULL, '2022-07-24 19:59:14', '2022-07-24 19:59:14', 'aa14dc66-b88f-4af1-8d6d-063c63f8060c'),
(662, 11, NULL, 12, NULL, '2022-07-18 09:00:00', NULL, NULL, '2022-07-25 14:27:48', '2022-07-25 14:27:48', 'eb11f247-8703-4eb4-95fa-9ca489d0b3dd'),
(664, 11, NULL, 12, NULL, '2022-07-18 09:00:00', NULL, NULL, '2022-07-25 14:28:45', '2022-07-25 14:28:45', '4450893c-a76a-49af-bbd2-61bde3ee7392'),
(666, 11, NULL, 12, NULL, '2022-07-18 09:00:00', NULL, NULL, '2022-07-25 14:49:21', '2022-07-25 14:49:21', '4ed039ae-9a0d-4c39-b7a0-883bf7c20569'),
(668, 11, NULL, 12, NULL, '2022-07-18 09:00:00', NULL, NULL, '2022-07-25 14:49:47', '2022-07-25 14:49:47', '41d477da-932c-45a4-bfc2-62ca8ff954b9'),
(670, 11, NULL, 12, NULL, '2022-07-18 09:00:00', NULL, NULL, '2022-07-25 14:51:17', '2022-07-25 14:51:17', '2e08b5f7-d902-4d70-a341-fc07ae82585b');

INSERT INTO `entrytypes` (`id`, `sectionId`, `fieldLayoutId`, `name`, `handle`, `hasTitleField`, `titleTranslationMethod`, `titleTranslationKeyFormat`, `titleFormat`, `sortOrder`, `dateCreated`, `dateUpdated`, `dateDeleted`, `uid`) VALUES
(1, 4, 8, 'Default', 'default', 1, 'site', NULL, NULL, 1, '2022-06-25 12:57:38', '2022-06-25 12:57:38', '2022-07-14 17:18:38', '7a086e56-00bb-4ea4-9806-095588b75b48'),
(2, 1, 9, 'Default', 'default', 1, 'site', NULL, NULL, 1, '2022-06-25 12:57:38', '2022-06-25 12:57:38', '2022-07-11 14:21:04', '4029eccd-d1d9-4076-81f9-58f315a363f2'),
(3, 5, 10, 'Default', 'default', 1, 'site', NULL, NULL, 1, '2022-06-25 12:57:38', '2022-06-25 12:57:38', '2022-07-11 14:20:58', '9596d0f7-2c77-4271-a749-d2571198ff43'),
(4, 1, 11, 'Contact', 'contact', 1, 'site', NULL, NULL, 2, '2022-06-25 12:57:38', '2022-06-25 12:57:38', '2022-07-11 14:21:05', 'b63d74dd-526d-4b25-a4e1-180d20f51923'),
(5, 2, 12, 'Home', 'home', 0, 'site', NULL, '{section.name|raw}', 1, '2022-06-25 12:57:38', '2022-07-12 12:11:42', NULL, 'c93f785e-a2de-4be1-b982-2b15a9ecfb52'),
(6, 3, 13, 'Default', 'default', 1, 'site', NULL, NULL, 1, '2022-06-25 12:57:38', '2022-06-25 12:57:38', NULL, 'd955bedd-4720-4536-84d6-fa27e730d27a'),
(7, 6, 16, 'About Me', 'aboutMe', 1, 'site', NULL, '{section.name|raw}', 1, '2022-07-01 06:30:10', '2022-07-01 06:30:57', '2022-07-11 14:20:47', 'aed63e70-3a61-4226-bcf4-791d785ab2a7'),
(8, 7, 19, 'Aboutme Page', 'AboutmePage', 0, 'site', NULL, 'ber mich', 1, '2022-07-11 14:32:12', '2022-07-18 07:04:08', NULL, 'a667ccc8-419c-4833-aa0f-d8e3fb653ad2'),
(9, 8, 23, 'Contact', 'contact', 1, 'site', NULL, '{section.name|raw}', 1, '2022-07-14 11:16:26', '2022-07-14 11:17:27', '2022-07-14 12:22:09', '86194166-4e3b-4ec2-87bf-55224c30e845'),
(10, 9, 29, 'Gutscheine', 'gutscheine', 0, 'site', NULL, '{section.name|raw}', 1, '2022-07-18 08:01:04', '2022-07-18 08:01:04', NULL, '08f7de84-afcb-4315-8282-e7f3e12eb959'),
(11, 10, 30, 'Kontakt', 'kontakt', 0, 'site', NULL, '{section.name|raw}', 1, '2022-07-18 08:06:46', '2022-07-19 12:19:49', NULL, 'd9acb357-0bae-493c-920c-a7a137bc18db'),
(12, 11, 32, 'Meine Leistungen', 'meineLeistungen', 0, 'site', NULL, '{section.name|raw}', 1, '2022-07-18 09:00:29', '2022-07-18 09:00:29', NULL, '5725c7ca-a4df-44ff-94f0-7f649c96ded4'),
(13, 12, 35, 'Impressum', 'impressum', 0, 'site', NULL, '{section.name|raw}', 1, '2022-07-19 08:42:39', '2022-07-19 08:42:39', NULL, '88d123f3-1fe8-4858-b7f7-39ad8b15a5fc'),
(14, 13, 36, 'Datenschutz', 'datenschutz', 0, 'site', NULL, '{section.name|raw}', 1, '2022-07-19 08:49:02', '2022-07-19 08:49:02', NULL, '91b13390-ca65-49a0-9d7f-9bd2795e15d8');

INSERT INTO `fieldgroups` (`id`, `name`, `dateCreated`, `dateUpdated`, `dateDeleted`, `uid`) VALUES
(1, 'Navigation', '2022-06-25 12:57:35', '2022-06-25 12:57:35', NULL, '329d3f94-a4e8-4c89-9242-99ad3287d1a5'),
(2, 'ContentBuilder', '2022-06-25 12:57:35', '2022-06-25 12:57:35', NULL, 'be62c9df-631a-4395-99fc-94e2eda37b7b'),
(3, 'Assets', '2022-06-25 12:57:35', '2022-06-25 12:57:35', NULL, '9eb431c5-7fe6-4c45-be5d-6c94ade7993e'),
(4, 'Common', '2022-06-25 12:57:35', '2022-06-25 12:57:35', NULL, '1e51ec97-9959-4860-8d78-a37833c6a526'),
(5, 'HeroSection', '2022-06-25 12:57:35', '2022-06-25 12:57:35', NULL, '709d1f4c-cde7-4279-b196-7dbd0d3c1d4a'),
(6, 'Cards', '2022-07-12 09:47:00', '2022-07-12 09:47:00', NULL, '09faf330-8a6d-43fb-8902-634963e2b596'),
(7, 'Slider Content', '2022-07-13 09:25:08', '2022-07-13 09:25:08', NULL, 'f935160c-f13f-4345-a1b2-964ccaf23ef6'),
(8, 'Gutschein Section', '2022-07-13 13:45:06', '2022-07-13 13:45:23', NULL, 'cc7d01e7-6d4f-4329-8f74-68b700b031d0'),
(9, 'Contact Form', '2022-07-14 11:12:22', '2022-07-14 11:12:22', NULL, '3a741c4b-6ec9-42e1-8baf-16ee0d35e092'),
(10, 'SEO', '2022-07-19 12:07:37', '2022-07-19 12:07:37', NULL, 'c50f1c8e-3b3c-429a-8e0d-ff677581fce0');

INSERT INTO `fieldlayoutfields` (`id`, `layoutId`, `tabId`, `fieldId`, `required`, `sortOrder`, `dateCreated`, `dateUpdated`, `uid`) VALUES
(40, 17, 32, 18, 1, 0, '2022-07-11 14:15:23', '2022-07-11 14:15:23', 'd0405735-d719-4453-95cd-c77adb44f076'),
(41, 17, 32, 19, 1, 1, '2022-07-11 14:15:23', '2022-07-11 14:15:23', '0e82534b-2a86-4758-a9af-8009ea39108f'),
(42, 18, 33, 17, 0, 0, '2022-07-11 14:23:24', '2022-07-11 14:23:24', '3fc0c12e-edc7-4e63-886d-2f49da6c399c'),
(55, 20, 42, 24, 1, 0, '2022-07-12 10:17:14', '2022-07-12 10:17:14', '51ebd09a-3337-45df-a6d1-b133a34792db'),
(56, 20, 42, 25, 1, 1, '2022-07-12 10:17:14', '2022-07-12 10:17:14', '916e761f-c569-4240-b95b-65ca89d1a6ae'),
(57, 20, 42, 26, 1, 2, '2022-07-12 10:17:14', '2022-07-12 10:17:14', 'c0f9c000-1cc3-4784-9bb3-b5c89b2b5d91'),
(58, 21, 43, 28, 1, 0, '2022-07-12 12:05:01', '2022-07-12 12:05:01', '895c1aa6-d7fe-4669-b969-0af1c1a4cf0e'),
(59, 21, 43, 29, 1, 1, '2022-07-12 12:05:01', '2022-07-12 12:05:01', 'eefda8a3-a105-4282-813c-141dae250098'),
(145, 23, 82, 22, 0, 1, '2022-07-14 11:17:27', '2022-07-14 11:17:27', 'c3d5bcf2-d97c-4016-ab6e-789dcc6b491b'),
(146, 23, 82, 43, 0, 3, '2022-07-14 11:17:27', '2022-07-14 11:17:27', '7ba12bf2-b397-4144-975d-2440709fb9c0'),
(147, 23, 82, 42, 0, 4, '2022-07-14 11:17:27', '2022-07-14 11:17:27', '7f55b621-f34e-438c-8d3c-6d38218fb2c8'),
(148, 23, 82, 44, 0, 5, '2022-07-14 11:17:27', '2022-07-14 11:17:27', 'e1664199-d644-4a1e-a8e7-2931c811d610'),
(214, 26, 109, 51, 1, 0, '2022-07-14 17:38:09', '2022-07-14 17:38:09', '1e649884-635e-4819-9b98-7131609e05da'),
(215, 26, 109, 52, 1, 1, '2022-07-14 17:38:09', '2022-07-14 17:38:09', '8e4b22ec-71c3-45a6-9dab-3bc8872d8646'),
(251, 28, 124, 61, 1, 0, '2022-07-15 16:21:47', '2022-07-15 16:21:47', '4f51e2b0-e417-44c4-8b54-d632971df191'),
(252, 28, 124, 59, 0, 1, '2022-07-15 16:21:47', '2022-07-15 16:21:47', '170f765b-82a4-4d73-8489-d7c174ce207d'),
(253, 28, 124, 60, 0, 2, '2022-07-15 16:21:47', '2022-07-15 16:21:47', '023b74ac-b92b-4a32-bd03-2c5c8a8c0529'),
(295, 31, 141, 46, 1, 1, '2022-07-18 08:46:26', '2022-07-18 08:46:26', '172e6b20-6a74-4111-8033-dfacc5635b00'),
(296, 31, 141, 45, 1, 2, '2022-07-18 08:46:26', '2022-07-18 08:46:26', 'ac3e4b56-96bb-4f2b-b486-caf4db69444d'),
(297, 31, 141, 43, 0, 4, '2022-07-18 08:46:26', '2022-07-18 08:46:26', '935444b7-d9ab-4b57-8d68-1f4a6a1c77b8'),
(298, 31, 141, 42, 0, 5, '2022-07-18 08:46:26', '2022-07-18 08:46:26', 'af7324ed-8e44-459d-892a-a8de459eec3a'),
(299, 31, 141, 44, 0, 6, '2022-07-18 08:46:26', '2022-07-18 08:46:26', '067a694f-3f50-4691-896b-6b6c84e0446b'),
(300, 31, 141, 56, 1, 7, '2022-07-18 08:46:26', '2022-07-18 08:46:26', '3b0056c4-f8c8-43d3-b3ee-573cd9828271'),
(301, 31, 141, 57, 1, 8, '2022-07-18 08:46:26', '2022-07-18 08:46:26', '373d9156-f1c3-410d-a30f-032b819e66d0'),
(306, 33, 145, 40, 0, 0, '2022-07-18 11:09:58', '2022-07-18 11:09:58', '435e1a12-4ef5-4915-81d9-f90daab97e0d'),
(307, 33, 145, 41, 0, 1, '2022-07-18 11:09:58', '2022-07-18 11:09:58', 'f6a70de8-962c-413f-a5a2-368a5724559a'),
(320, 34, 151, 63, 0, 0, '2022-07-19 07:35:30', '2022-07-19 07:35:30', 'c13ae4dd-fb9d-4cca-823a-089d892ebf65'),
(334, 35, 159, 22, 0, 1, '2022-07-19 08:43:13', '2022-07-19 08:43:13', 'f67828e3-e570-467d-a904-87a23861781c'),
(335, 36, 161, 22, 0, 1, '2022-07-19 08:49:19', '2022-07-19 08:49:19', '73f39ce5-8700-4438-8c58-af2849f90732'),
(336, 25, 162, 17, 0, 0, '2022-07-19 08:53:19', '2022-07-19 08:53:19', '3353f191-c860-425f-9fdb-ce49f61d20d9'),
(337, 25, 163, 50, 0, 0, '2022-07-19 08:53:19', '2022-07-19 08:53:19', '03285bcb-e0ed-4be9-b454-e710276c6c8c'),
(338, 12, 164, 21, 0, 2, '2022-07-19 12:10:06', '2022-07-19 12:10:06', 'ccf790a4-585e-4f3a-9c40-bf857b835aea'),
(339, 12, 164, 20, 0, 3, '2022-07-19 12:10:06', '2022-07-19 12:10:06', '33d8838e-cca5-431f-9735-c7513a814533'),
(340, 12, 165, 32, 0, 0, '2022-07-19 12:10:06', '2022-07-19 12:10:06', 'a796d97b-53f2-4c3f-9260-d55a0cb50d4b'),
(341, 12, 165, 23, 0, 1, '2022-07-19 12:10:06', '2022-07-19 12:10:06', 'edad3bce-01a7-4605-a99d-6337b02c22bd'),
(342, 12, 166, 30, 0, 0, '2022-07-19 12:10:06', '2022-07-19 12:10:06', 'a135b6c9-641d-4efc-bf7d-369baf1f6d32'),
(343, 12, 166, 27, 0, 1, '2022-07-19 12:10:06', '2022-07-19 12:10:06', '60c4074b-a231-4b6a-88f9-8b9484ed88aa'),
(344, 12, 166, 31, 0, 2, '2022-07-19 12:10:06', '2022-07-19 12:10:06', '048936a9-d3eb-4c58-b913-89dd479739e9'),
(345, 12, 166, 22, 0, 3, '2022-07-19 12:10:06', '2022-07-19 12:10:06', '74bf671d-e212-4676-8e66-712278a0f99c'),
(346, 12, 167, 34, 0, 0, '2022-07-19 12:10:06', '2022-07-19 12:10:06', '4a20cd3d-445c-4292-a162-71f66aa4126b'),
(347, 12, 167, 33, 0, 1, '2022-07-19 12:10:06', '2022-07-19 12:10:06', '3cc62b46-f7e0-47aa-b034-dd19af01d88a'),
(348, 12, 168, 62, 0, 0, '2022-07-19 12:10:06', '2022-07-19 12:10:06', '76a421ed-7204-4375-86b7-4f41df1e486a'),
(349, 12, 169, 40, 0, 0, '2022-07-19 12:10:06', '2022-07-19 12:10:06', '64c377a3-11b0-463b-be0c-c36d8efc48a2'),
(350, 12, 169, 41, 0, 1, '2022-07-19 12:10:06', '2022-07-19 12:10:06', '6896f49c-4263-4fd8-bc3d-607f5f227f77'),
(351, 12, 170, 64, 0, 0, '2022-07-19 12:10:06', '2022-07-19 12:10:06', 'f967d113-a670-47d1-8995-01aa85ff7924'),
(352, 12, 170, 65, 0, 1, '2022-07-19 12:10:06', '2022-07-19 12:10:06', 'acc391d8-f22a-4b3d-84b3-c60fba4eac66'),
(353, 32, 171, 22, 0, 1, '2022-07-19 12:14:28', '2022-07-19 12:14:28', 'beab61c1-0938-4c2a-872d-108b52897cc3'),
(354, 32, 172, 64, 0, 0, '2022-07-19 12:14:28', '2022-07-19 12:14:28', 'ba32f610-9fb9-4875-961b-a6338fc6962a'),
(355, 32, 172, 65, 0, 1, '2022-07-19 12:14:28', '2022-07-19 12:14:28', '71acd97d-c4fc-4200-b067-2082e1b70dbd'),
(358, 29, 174, 21, 0, 1, '2022-07-19 12:16:00', '2022-07-19 12:16:00', '982afde6-209b-4300-9ba4-7baba6391f53'),
(359, 29, 174, 20, 0, 2, '2022-07-19 12:16:00', '2022-07-19 12:16:00', 'be306382-5818-42af-b41f-74698be7cc08'),
(360, 29, 174, 22, 0, 3, '2022-07-19 12:16:00', '2022-07-19 12:16:00', 'bc23be79-a425-4aff-9055-cb4aec59618b'),
(361, 29, 175, 64, 0, 0, '2022-07-19 12:16:00', '2022-07-19 12:16:00', 'd13cf868-a645-48ec-a300-05ffd459d9e2'),
(362, 29, 175, 65, 0, 1, '2022-07-19 12:16:00', '2022-07-19 12:16:00', 'ed555bb0-43f9-47e3-b4cd-294d571d1a6b'),
(363, 19, 176, 21, 0, 1, '2022-07-19 12:16:21', '2022-07-19 12:16:21', 'd76e399d-5fdf-4a7a-9b8f-a3b0e89c830e'),
(364, 19, 176, 20, 0, 2, '2022-07-19 12:16:21', '2022-07-19 12:16:21', '39182c37-3a16-4400-8827-57ff01d5755a'),
(365, 19, 176, 22, 0, 3, '2022-07-19 12:16:21', '2022-07-19 12:16:21', '534dde7c-d869-4a8b-b853-2a6118ba6c37'),
(366, 19, 177, 64, 0, 0, '2022-07-19 12:16:21', '2022-07-19 12:16:21', '54b296b8-c81e-44b9-bf0e-0b743e5c4dd5'),
(367, 19, 177, 65, 0, 1, '2022-07-19 12:16:21', '2022-07-19 12:16:21', 'cc3f1315-5ad1-48a7-b038-37c307d7781c'),
(368, 30, 178, 64, 0, 1, '2022-07-19 12:19:49', '2022-07-19 12:19:49', '2737d4c4-9a5e-4aaf-a60d-d974726d0517'),
(369, 30, 178, 65, 0, 2, '2022-07-19 12:19:49', '2022-07-19 12:19:49', '10248afe-da04-4d5d-b81a-9333974a12cf');

INSERT INTO `fieldlayouts` (`id`, `type`, `dateCreated`, `dateUpdated`, `dateDeleted`, `uid`) VALUES
(1, 'craft\\elements\\MatrixBlock', '2022-06-25 12:57:36', '2022-06-25 12:57:36', '2022-07-11 14:13:04', '38ff35ad-18bb-4aa5-a67c-7139adc83167'),
(2, 'craft\\elements\\Asset', '2022-06-25 12:57:36', '2022-06-25 12:57:36', NULL, 'b6d794da-b613-4e05-8fae-6fb46137865a'),
(3, 'craft\\elements\\MatrixBlock', '2022-06-25 12:57:36', '2022-06-25 12:57:36', '2022-07-11 14:13:04', '7e7daf04-bb7c-42a1-847c-dd9980a49913'),
(4, 'craft\\elements\\MatrixBlock', '2022-06-25 12:57:36', '2022-06-25 12:57:36', '2022-07-11 14:13:03', 'a26c7f91-ea25-47df-936e-218d2e3b574a'),
(5, 'craft\\elements\\Asset', '2022-06-25 12:57:36', '2022-06-25 12:57:36', NULL, '5acf4152-cc48-47d5-b4ec-56e129cd2994'),
(6, 'craft\\elements\\Asset', '2022-06-25 12:57:36', '2022-06-25 12:57:36', NULL, 'f69faf1a-4a8d-42c3-8d90-4a88169e5001'),
(7, 'craft\\elements\\MatrixBlock', '2022-06-25 12:57:37', '2022-06-25 12:57:37', '2022-07-11 14:13:03', '56158265-d5f5-4498-8ca5-0452160d305f'),
(8, 'craft\\elements\\Entry', '2022-06-25 12:57:38', '2022-06-25 12:57:38', '2022-07-14 17:18:38', 'd14cc20c-d4b5-401e-b44d-73735552ccf8'),
(9, 'craft\\elements\\Entry', '2022-06-25 12:57:38', '2022-06-25 12:57:38', '2022-07-11 14:21:04', 'ce4128b9-711f-48ae-8d2a-8431ee6c5030'),
(10, 'craft\\elements\\Entry', '2022-06-25 12:57:38', '2022-06-25 12:57:38', '2022-07-11 14:20:58', '5728beb6-9900-4f33-b35f-78108197dcb1'),
(11, 'craft\\elements\\Entry', '2022-06-25 12:57:38', '2022-06-25 12:57:38', '2022-07-11 14:21:05', '46fa3ce8-5d1f-423c-a9ce-9b07c1e58c73'),
(12, 'craft\\elements\\Entry', '2022-06-25 12:57:38', '2022-06-25 12:57:38', NULL, '73bdaee5-80f1-4c84-96f9-a3978531ed64'),
(13, 'craft\\elements\\Entry', '2022-06-25 12:57:38', '2022-06-25 12:57:38', NULL, '18e9a50b-8932-4666-9c41-2b1bb5dd6320'),
(14, 'craft\\elements\\MatrixBlock', '2022-06-25 12:57:39', '2022-06-25 12:57:39', '2022-07-11 14:13:04', '0ba02c03-f5b9-4a97-a5f0-c9cfdee38639'),
(15, 'craft\\elements\\MatrixBlock', '2022-06-25 12:57:39', '2022-06-25 12:57:39', '2022-07-11 14:13:04', 'fecd6a3d-6ffa-4263-9974-ef92fa8325de'),
(16, 'craft\\elements\\Entry', '2022-07-01 06:30:10', '2022-07-01 06:30:10', '2022-07-11 14:20:47', '02b91ff1-0532-42a9-bca1-d026baa7116f'),
(17, 'craft\\elements\\MatrixBlock', '2022-07-11 14:14:11', '2022-07-11 14:14:11', NULL, '84d693b2-0565-4309-a8c5-914f5cad5df1'),
(18, 'craft\\elements\\GlobalSet', '2022-07-11 14:23:24', '2022-07-11 14:23:24', NULL, '090508da-18b6-470a-815e-a9d766714462'),
(19, 'craft\\elements\\Entry', '2022-07-11 14:32:12', '2022-07-11 14:32:12', NULL, 'e9a4a3af-4496-4cbd-8cc6-bea0faa230ef'),
(20, 'craft\\elements\\MatrixBlock', '2022-07-12 09:50:10', '2022-07-12 09:50:10', NULL, '248a08b7-04f3-4ed0-acec-762912224cea'),
(21, 'craft\\elements\\MatrixBlock', '2022-07-12 12:05:01', '2022-07-12 12:05:01', NULL, '89cfcd6a-6f02-42e7-87e4-f651e0277ff5'),
(22, 'craft\\elements\\MatrixBlock', '2022-07-13 08:30:46', '2022-07-13 08:30:46', '2022-07-13 09:24:54', 'a84aace1-aca6-44bb-80f1-d66bc2f3078e'),
(23, 'craft\\elements\\Entry', '2022-07-14 11:16:26', '2022-07-14 11:16:26', '2022-07-14 12:22:09', 'e187b576-5a1c-4c5c-bc68-d5e2723e8528'),
(24, 'craft\\elements\\MatrixBlock', '2022-07-14 16:47:49', '2022-07-14 16:47:49', '2022-07-14 17:38:51', '8d90fede-00b7-4c98-891d-68f82d1b9393'),
(25, 'craft\\elements\\GlobalSet', '2022-07-14 16:49:25', '2022-07-14 16:49:25', NULL, 'd15a50a6-3900-4c12-85a1-896408687ab5'),
(26, 'craft\\elements\\MatrixBlock', '2022-07-14 17:38:09', '2022-07-14 17:38:09', NULL, '4cb70e23-9ac5-440e-85ff-61858805333e'),
(27, 'craft\\elements\\MatrixBlock', '2022-07-14 17:44:27', '2022-07-14 17:44:27', '2022-07-14 17:45:39', '0e89295b-0773-43f4-9e2c-4eb0855b86a8'),
(28, 'craft\\elements\\MatrixBlock', '2022-07-15 16:20:51', '2022-07-15 16:20:51', NULL, '45935bee-5d0e-4364-bbc9-e6e1d3815940'),
(29, 'craft\\elements\\Entry', '2022-07-18 08:01:04', '2022-07-18 08:01:04', NULL, '5e11f49e-9998-4e46-8d6f-ccf733002e7c'),
(30, 'craft\\elements\\Entry', '2022-07-18 08:06:46', '2022-07-18 08:06:46', NULL, 'e4cc50dc-68e7-4030-8d4c-0f2131722b33'),
(31, 'craft\\elements\\GlobalSet', '2022-07-18 08:23:29', '2022-07-18 08:23:29', NULL, '0a547d3c-74b4-41a8-8c15-39023a86c6af'),
(32, 'craft\\elements\\Entry', '2022-07-18 09:00:29', '2022-07-18 09:00:29', NULL, 'bb0c062e-9385-4aaa-b306-4c87a0d167ad'),
(33, 'craft\\elements\\GlobalSet', '2022-07-18 11:09:58', '2022-07-18 11:09:58', NULL, 'ec5f9538-4f3f-4803-871e-1d8d782a56fe'),
(34, 'craft\\elements\\MatrixBlock', '2022-07-19 07:35:30', '2022-07-19 07:35:30', NULL, '54386133-22ec-46fc-b5fb-a0fbc17edbc0'),
(35, 'craft\\elements\\Entry', '2022-07-19 08:42:39', '2022-07-19 08:42:39', NULL, '775c625a-706d-45af-9db0-985d41dc62d9'),
(36, 'craft\\elements\\Entry', '2022-07-19 08:49:02', '2022-07-19 08:49:02', NULL, 'c7b1450e-c7f9-4ac2-a5d6-f6ff8f366393');

INSERT INTO `fieldlayouttabs` (`id`, `layoutId`, `name`, `elements`, `sortOrder`, `dateCreated`, `dateUpdated`, `uid`) VALUES
(8, 8, 'Content', '[{\"type\":\"craft\\\\fieldlayoutelements\\\\EntryTitleField\",\"autocomplete\":false,\"class\":null,\"size\":null,\"name\":null,\"autocorrect\":true,\"autocapitalize\":true,\"disabled\":false,\"readonly\":false,\"title\":null,\"placeholder\":null,\"step\":null,\"min\":null,\"max\":null,\"requirable\":false,\"id\":null,\"containerAttributes\":[],\"inputContainerAttributes\":[],\"labelAttributes\":[],\"orientation\":null,\"label\":null,\"instructions\":null,\"tip\":null,\"warning\":null,\"width\":100},{\"type\":\"craft\\\\fieldlayoutelements\\\\CustomField\",\"label\":null,\"instructions\":null,\"tip\":null,\"warning\":null,\"required\":false,\"width\":100,\"fieldUid\":\"165e2310-bcd0-462b-b890-575a20c4fe45\"}]', 1, '2022-06-25 12:57:38', '2022-06-25 12:57:38', 'e9a3e6e6-07da-492f-8239-cf72ed32e1f2'),
(9, 2, 'Content', '[{\"type\":\"craft\\\\fieldlayoutelements\\\\AssetTitleField\",\"autocomplete\":false,\"class\":null,\"size\":null,\"name\":null,\"autocorrect\":true,\"autocapitalize\":true,\"disabled\":false,\"readonly\":false,\"title\":null,\"placeholder\":null,\"step\":null,\"min\":null,\"max\":null,\"requirable\":false,\"id\":null,\"containerAttributes\":[],\"inputContainerAttributes\":[],\"labelAttributes\":[],\"orientation\":null,\"label\":null,\"instructions\":null,\"tip\":null,\"warning\":null,\"width\":100},{\"type\":\"craft\\\\fieldlayoutelements\\\\CustomField\",\"label\":null,\"instructions\":null,\"tip\":null,\"warning\":null,\"required\":false,\"width\":100,\"fieldUid\":\"7cf93427-349c-4537-91e1-0a36f24c20fe\"},{\"type\":\"craft\\\\fieldlayoutelements\\\\CustomField\",\"label\":null,\"instructions\":null,\"tip\":null,\"warning\":null,\"required\":false,\"width\":100,\"fieldUid\":\"1a6fb051-ad40-4976-811b-de8f4ae5d694\"}]', 1, '2022-06-25 12:57:38', '2022-06-25 12:57:38', '9a6a4419-55ee-4ac2-884d-619a3238e194'),
(10, 9, 'Content', '[{\"type\":\"craft\\\\fieldlayoutelements\\\\EntryTitleField\",\"autocomplete\":false,\"class\":null,\"size\":null,\"name\":null,\"autocorrect\":true,\"autocapitalize\":true,\"disabled\":false,\"readonly\":false,\"title\":null,\"placeholder\":null,\"step\":null,\"min\":null,\"max\":null,\"requirable\":false,\"id\":null,\"containerAttributes\":[],\"inputContainerAttributes\":[],\"labelAttributes\":[],\"orientation\":null,\"label\":null,\"instructions\":null,\"tip\":null,\"warning\":null,\"width\":100},{\"type\":\"craft\\\\fieldlayoutelements\\\\Heading\",\"heading\":\"Content\"},{\"type\":\"craft\\\\fieldlayoutelements\\\\CustomField\",\"label\":null,\"instructions\":null,\"tip\":null,\"warning\":null,\"required\":false,\"width\":100,\"fieldUid\":\"4fd5d92e-484c-47a3-b63b-5443cb2736db\"}]', 1, '2022-06-25 12:57:38', '2022-06-25 12:57:38', '8a791206-1c30-4bf8-a95e-93916efcbb62'),
(11, 9, 'SEO', '[{\"type\":\"craft\\\\fieldlayoutelements\\\\CustomField\",\"label\":null,\"instructions\":null,\"tip\":null,\"warning\":null,\"required\":false,\"width\":100,\"fieldUid\":\"9c216cc1-6bef-4496-a511-d619bfcd210d\"}]', 2, '2022-06-25 12:57:38', '2022-06-25 12:57:38', 'e0577557-335b-4660-8632-a1a11d8a8f6f'),
(13, 11, 'Content', '[{\"type\":\"craft\\\\fieldlayoutelements\\\\EntryTitleField\",\"autocomplete\":false,\"class\":null,\"size\":null,\"name\":null,\"autocorrect\":true,\"autocapitalize\":true,\"disabled\":false,\"readonly\":false,\"title\":null,\"placeholder\":null,\"step\":null,\"min\":null,\"max\":null,\"requirable\":false,\"id\":null,\"containerAttributes\":[],\"inputContainerAttributes\":[],\"labelAttributes\":[],\"orientation\":null,\"label\":null,\"instructions\":null,\"tip\":null,\"warning\":null,\"width\":100},{\"type\":\"craft\\\\fieldlayoutelements\\\\CustomField\",\"label\":null,\"instructions\":null,\"tip\":null,\"warning\":null,\"required\":false,\"width\":100,\"fieldUid\":\"23fbe8f3-d0a4-499e-9bdf-1d2dc5a999f5\"},{\"type\":\"craft\\\\fieldlayoutelements\\\\CustomField\",\"label\":null,\"instructions\":null,\"tip\":null,\"warning\":null,\"required\":false,\"width\":100,\"fieldUid\":\"d3d09627-c645-48dc-8a0c-c1323a8aeefe\"},{\"type\":\"craft\\\\fieldlayoutelements\\\\CustomField\",\"label\":null,\"instructions\":null,\"tip\":null,\"warning\":null,\"required\":false,\"width\":100,\"fieldUid\":\"f53e799c-dc43-4431-96e1-6320e01a33aa\"}]', 1, '2022-06-25 12:57:38', '2022-06-25 12:57:38', 'aa13443e-6e93-4dda-9d02-9dd87f8f8e7c'),
(14, 11, 'SEO', '[{\"type\":\"craft\\\\fieldlayoutelements\\\\CustomField\",\"label\":null,\"instructions\":null,\"tip\":null,\"warning\":null,\"required\":false,\"width\":100,\"fieldUid\":\"9c216cc1-6bef-4496-a511-d619bfcd210d\"}]', 2, '2022-06-25 12:57:38', '2022-06-25 12:57:38', '970a5d27-dc37-4165-8de8-c869c370b1da'),
(17, 13, 'Content', '[{\"type\":\"craft\\\\fieldlayoutelements\\\\EntryTitleField\",\"autocomplete\":false,\"class\":null,\"size\":null,\"name\":null,\"autocorrect\":true,\"autocapitalize\":true,\"disabled\":false,\"readonly\":false,\"title\":null,\"placeholder\":null,\"step\":null,\"min\":null,\"max\":null,\"requirable\":false,\"id\":null,\"containerAttributes\":[],\"inputContainerAttributes\":[],\"labelAttributes\":[],\"orientation\":null,\"label\":null,\"instructions\":null,\"tip\":null,\"warning\":null,\"width\":100},{\"type\":\"craft\\\\fieldlayoutelements\\\\Heading\",\"heading\":\"Content\"},{\"type\":\"craft\\\\fieldlayoutelements\\\\CustomField\",\"label\":null,\"instructions\":null,\"tip\":null,\"warning\":null,\"required\":false,\"width\":100,\"fieldUid\":\"4fd5d92e-484c-47a3-b63b-5443cb2736db\"}]', 1, '2022-06-25 12:57:38', '2022-06-25 12:57:38', '317a785d-a0f8-4d21-a98e-03b666b716e7'),
(18, 6, 'Content', '[{\"type\":\"craft\\\\fieldlayoutelements\\\\AssetTitleField\",\"autocomplete\":false,\"class\":null,\"size\":null,\"name\":null,\"autocorrect\":true,\"autocapitalize\":true,\"disabled\":false,\"readonly\":false,\"title\":null,\"placeholder\":null,\"step\":null,\"min\":null,\"max\":null,\"requirable\":false,\"id\":null,\"containerAttributes\":[],\"inputContainerAttributes\":[],\"labelAttributes\":[],\"orientation\":null,\"label\":null,\"instructions\":null,\"tip\":null,\"warning\":null,\"width\":100},{\"type\":\"craft\\\\fieldlayoutelements\\\\CustomField\",\"label\":null,\"instructions\":null,\"tip\":null,\"warning\":null,\"required\":false,\"width\":100,\"fieldUid\":\"7cf93427-349c-4537-91e1-0a36f24c20fe\"},{\"type\":\"craft\\\\fieldlayoutelements\\\\CustomField\",\"label\":null,\"instructions\":null,\"tip\":null,\"warning\":null,\"required\":false,\"width\":100,\"fieldUid\":\"1a6fb051-ad40-4976-811b-de8f4ae5d694\"}]', 1, '2022-06-25 12:57:38', '2022-06-25 12:57:38', '288fc8fc-55ac-4cee-9450-5933794c2de5'),
(19, 5, 'Content', '[{\"type\":\"craft\\\\fieldlayoutelements\\\\AssetTitleField\",\"autocomplete\":false,\"class\":null,\"size\":null,\"name\":null,\"autocorrect\":true,\"autocapitalize\":true,\"disabled\":false,\"readonly\":false,\"title\":null,\"placeholder\":null,\"step\":null,\"min\":null,\"max\":null,\"requirable\":false,\"id\":null,\"containerAttributes\":[],\"inputContainerAttributes\":[],\"labelAttributes\":[],\"orientation\":null,\"label\":null,\"instructions\":null,\"tip\":null,\"warning\":null,\"width\":100}]', 1, '2022-06-25 12:57:38', '2022-06-25 12:57:38', '58550b4f-cd1b-411c-bac2-f4cf277e7adf'),
(21, 3, 'Content', '[{\"type\":\"craft\\\\fieldlayoutelements\\\\CustomField\",\"label\":null,\"instructions\":null,\"tip\":null,\"warning\":null,\"required\":false,\"width\":100,\"fieldUid\":\"f8880613-ce1c-42ee-adaa-3a49591c464f\"}]', 1, '2022-06-25 12:57:39', '2022-06-25 12:57:39', '93e876d9-e106-426c-9f1b-615d47ea51dd'),
(22, 1, 'Content', '[{\"type\":\"craft\\\\fieldlayoutelements\\\\CustomField\",\"label\":null,\"instructions\":null,\"tip\":null,\"warning\":null,\"required\":false,\"width\":25,\"fieldUid\":\"bfd38180-5ad7-4644-a0a0-598e5dbed5fa\"},{\"type\":\"craft\\\\fieldlayoutelements\\\\CustomField\",\"label\":null,\"instructions\":null,\"tip\":null,\"warning\":null,\"required\":false,\"width\":25,\"fieldUid\":\"7662cd3a-0217-4164-bff5-a804bce29648\"},{\"type\":\"craft\\\\fieldlayoutelements\\\\CustomField\",\"label\":null,\"instructions\":null,\"tip\":null,\"warning\":null,\"required\":false,\"width\":100,\"fieldUid\":\"3646d014-05d7-44d6-ac01-1930aade6203\"}]', 1, '2022-06-25 12:57:39', '2022-06-25 12:57:39', 'f187d880-8a08-467e-9600-5be9afe13f7d'),
(24, 4, 'Content', '[{\"type\":\"craft\\\\fieldlayoutelements\\\\CustomField\",\"label\":null,\"instructions\":null,\"tip\":null,\"warning\":null,\"required\":false,\"width\":100,\"fieldUid\":\"683a4e58-0d04-4452-9b24-4f228753d538\"}]', 1, '2022-06-25 12:57:39', '2022-06-25 12:57:39', 'c6602f41-1cda-43d6-8a54-c57d2cefd00d'),
(25, 7, 'Content', '[{\"type\":\"craft\\\\fieldlayoutelements\\\\CustomField\",\"label\":null,\"instructions\":null,\"tip\":null,\"warning\":null,\"required\":false,\"width\":100,\"fieldUid\":\"3bd74465-5f86-4a4e-8e11-284e7c2e92eb\"}]', 1, '2022-06-25 12:57:40', '2022-06-25 12:57:40', 'ea8828c1-0ad4-4575-8585-a1319498ff9c'),
(26, 15, 'Content', '[{\"type\":\"craft\\\\fieldlayoutelements\\\\CustomField\",\"label\":null,\"instructions\":null,\"tip\":null,\"warning\":null,\"required\":false,\"width\":100,\"fieldUid\":\"d99f9653-f764-42e2-8722-2d17f41c2367\"}]', 1, '2022-06-25 12:57:40', '2022-06-25 12:57:40', 'a3481e9c-c8dd-4435-8b9c-272e76859c64'),
(27, 14, 'Content', '[{\"type\":\"craft\\\\fieldlayoutelements\\\\CustomField\",\"label\":null,\"instructions\":null,\"tip\":null,\"warning\":null,\"required\":false,\"width\":100,\"fieldUid\":\"78eb4c24-9ee0-4fe1-85b6-902352ffc6af\"}]', 1, '2022-06-25 12:57:40', '2022-06-25 12:57:40', '48a7ce52-249c-40b3-b4f2-88fcacc6cedc'),
(28, 10, 'Content', '[{\"type\":\"craft\\\\fieldlayoutelements\\\\EntryTitleField\",\"autocomplete\":false,\"class\":null,\"size\":null,\"name\":null,\"autocorrect\":true,\"autocapitalize\":true,\"disabled\":false,\"readonly\":false,\"title\":null,\"placeholder\":null,\"step\":null,\"min\":null,\"max\":null,\"requirable\":false,\"id\":null,\"containerAttributes\":[],\"inputContainerAttributes\":[],\"labelAttributes\":[],\"orientation\":null,\"label\":null,\"instructions\":null,\"tip\":null,\"warning\":null,\"width\":100},{\"type\":\"craft\\\\fieldlayoutelements\\\\CustomField\",\"label\":null,\"instructions\":null,\"tip\":null,\"warning\":null,\"required\":false,\"width\":100,\"fieldUid\":\"165e2310-bcd0-462b-b890-575a20c4fe45\"}]', 1, '2022-07-01 06:27:53', '2022-07-01 06:27:53', '9313d072-d469-48a0-a9d3-8febdce822a8'),
(30, 16, 'Inhalt', '[{\"type\":\"craft\\\\fieldlayoutelements\\\\EntryTitleField\",\"autocomplete\":false,\"class\":null,\"size\":null,\"name\":null,\"autocorrect\":true,\"autocapitalize\":true,\"disabled\":false,\"readonly\":false,\"title\":null,\"placeholder\":null,\"step\":null,\"min\":null,\"max\":null,\"requirable\":false,\"id\":null,\"containerAttributes\":[],\"inputContainerAttributes\":[],\"labelAttributes\":[],\"orientation\":null,\"label\":null,\"instructions\":null,\"tip\":null,\"warning\":null,\"width\":100}]', 1, '2022-07-01 06:30:57', '2022-07-01 06:30:57', 'eaeeb064-14ec-41a7-978b-a47371fdb27f'),
(32, 17, 'Content', '[{\"type\":\"craft\\\\fieldlayoutelements\\\\CustomField\",\"label\":null,\"instructions\":null,\"tip\":null,\"warning\":null,\"required\":true,\"width\":100,\"fieldUid\":\"9353bfe0-77ec-4c96-afc1-3cc85bc6959b\"},{\"type\":\"craft\\\\fieldlayoutelements\\\\CustomField\",\"label\":null,\"instructions\":null,\"tip\":null,\"warning\":null,\"required\":true,\"width\":100,\"fieldUid\":\"bf6b89d9-e068-4a04-9f43-1a7a2d42bd79\"}]', 1, '2022-07-11 14:15:23', '2022-07-11 14:15:23', 'd52ff153-60e0-45d0-abb4-dbf061fd4a03'),
(33, 18, 'NavBar', '[{\"type\":\"craft\\\\fieldlayoutelements\\\\CustomField\",\"label\":null,\"instructions\":null,\"tip\":null,\"warning\":null,\"required\":false,\"width\":100,\"fieldUid\":\"e4414be5-ec53-440a-b818-1a381e65c433\"}]', 1, '2022-07-11 14:23:24', '2022-07-11 14:23:24', '0f6b3c3b-531f-4922-a506-14eb2912a76c'),
(42, 20, 'Content', '[{\"type\":\"craft\\\\fieldlayoutelements\\\\CustomField\",\"label\":null,\"instructions\":null,\"tip\":null,\"warning\":null,\"required\":true,\"width\":100,\"fieldUid\":\"509010ae-76d8-4d0a-ba38-9a5a004c6e8b\"},{\"type\":\"craft\\\\fieldlayoutelements\\\\CustomField\",\"label\":null,\"instructions\":null,\"tip\":null,\"warning\":null,\"required\":true,\"width\":100,\"fieldUid\":\"b821f21f-77d9-4f76-aafd-b3c5aed17a5c\"},{\"type\":\"craft\\\\fieldlayoutelements\\\\CustomField\",\"label\":null,\"instructions\":null,\"tip\":null,\"warning\":null,\"required\":true,\"width\":100,\"fieldUid\":\"b421e9dd-d4d4-4736-8411-ce1963d348f7\"}]', 1, '2022-07-12 10:17:14', '2022-07-12 10:17:14', 'b27c4cec-5ab9-48a5-b8cb-4b23dda5e04b'),
(43, 21, 'Content', '[{\"type\":\"craft\\\\fieldlayoutelements\\\\CustomField\",\"label\":null,\"instructions\":null,\"tip\":null,\"warning\":null,\"required\":true,\"width\":100,\"fieldUid\":\"4e364be5-bc5a-4257-8479-5e7685e6cd9d\"},{\"type\":\"craft\\\\fieldlayoutelements\\\\CustomField\",\"label\":null,\"instructions\":null,\"tip\":null,\"warning\":null,\"required\":true,\"width\":100,\"fieldUid\":\"695d690f-eac6-448e-b32a-399a64f36c2d\"}]', 1, '2022-07-12 12:05:01', '2022-07-12 12:05:01', '31cf1db7-2801-4b55-9f0a-580e9b12f7b4'),
(64, 22, 'Content', '[{\"type\":\"craft\\\\fieldlayoutelements\\\\CustomField\",\"label\":null,\"instructions\":null,\"tip\":null,\"warning\":null,\"required\":true,\"width\":100,\"fieldUid\":\"5f1f6003-d657-40fc-9ea8-c3dc936958cd\"}]', 1, '2022-07-13 08:38:35', '2022-07-13 08:38:35', '0f426e0a-dbe9-4f3a-b6a8-7854b264c044'),
(82, 23, 'Inhalt', '[{\"type\":\"craft\\\\fieldlayoutelements\\\\EntryTitleField\",\"autocomplete\":false,\"class\":null,\"size\":null,\"name\":null,\"autocorrect\":true,\"autocapitalize\":true,\"disabled\":false,\"readonly\":false,\"title\":null,\"placeholder\":null,\"step\":null,\"min\":null,\"max\":null,\"requirable\":false,\"id\":null,\"containerAttributes\":[],\"inputContainerAttributes\":[],\"labelAttributes\":[],\"orientation\":null,\"label\":null,\"instructions\":null,\"tip\":null,\"warning\":null,\"width\":100},{\"type\":\"craft\\\\fieldlayoutelements\\\\CustomField\",\"label\":null,\"instructions\":null,\"tip\":null,\"warning\":null,\"required\":false,\"width\":100,\"fieldUid\":\"8fb0e979-e646-40cc-afe3-721a8cf8d77e\"},{\"type\":\"craft\\\\fieldlayoutelements\\\\Heading\",\"heading\":\"Links fr Soziale Medien\"},{\"type\":\"craft\\\\fieldlayoutelements\\\\CustomField\",\"label\":null,\"instructions\":null,\"tip\":null,\"warning\":null,\"required\":false,\"width\":100,\"fieldUid\":\"2043ed76-d48a-4911-ac89-b34387816ebb\"},{\"type\":\"craft\\\\fieldlayoutelements\\\\CustomField\",\"label\":null,\"instructions\":null,\"tip\":null,\"warning\":null,\"required\":false,\"width\":100,\"fieldUid\":\"10beb2fb-9f4c-4f5a-8196-2f65fa1fbb8b\"},{\"type\":\"craft\\\\fieldlayoutelements\\\\CustomField\",\"label\":null,\"instructions\":null,\"tip\":null,\"warning\":null,\"required\":false,\"width\":100,\"fieldUid\":\"c5b7a7bd-25d9-46e8-aa20-0b2cbee36c42\"}]', 1, '2022-07-14 11:17:27', '2022-07-14 11:17:27', '249eb086-0f02-4322-9ec8-2035b7c70360'),
(107, 24, 'Content', '[{\"type\":\"craft\\\\fieldlayoutelements\\\\CustomField\",\"label\":null,\"instructions\":null,\"tip\":null,\"warning\":null,\"required\":true,\"width\":100,\"fieldUid\":\"807abb3e-a1e9-4460-8230-38bae828aa37\"},{\"type\":\"craft\\\\fieldlayoutelements\\\\CustomField\",\"label\":null,\"instructions\":null,\"tip\":null,\"warning\":null,\"required\":true,\"width\":100,\"fieldUid\":\"e5fdc1b5-cf05-4bb5-b0e7-fde823b6baa0\"}]', 1, '2022-07-14 17:02:31', '2022-07-14 17:02:31', '1a82a7fc-b3dc-41fe-9bd4-1148f236f61b'),
(109, 26, 'Content', '[{\"type\":\"craft\\\\fieldlayoutelements\\\\CustomField\",\"label\":null,\"instructions\":null,\"tip\":null,\"warning\":null,\"required\":true,\"width\":100,\"fieldUid\":\"93f562ec-f7bd-4dcb-85c7-20f346147cae\"},{\"type\":\"craft\\\\fieldlayoutelements\\\\CustomField\",\"label\":null,\"instructions\":null,\"tip\":null,\"warning\":null,\"required\":true,\"width\":100,\"fieldUid\":\"f20e251a-1359-4e87-8868-4cf0e570f518\"}]', 1, '2022-07-14 17:38:09', '2022-07-14 17:38:09', '766e65a4-92b5-47b1-ba2e-e659fa8b1f5f'),
(112, 27, 'Content', '[{\"type\":\"craft\\\\fieldlayoutelements\\\\CustomField\",\"label\":null,\"instructions\":null,\"tip\":null,\"warning\":null,\"required\":true,\"width\":100,\"fieldUid\":\"5ad60c02-6d3c-4b01-8a1f-174445a272ce\"},{\"type\":\"craft\\\\fieldlayoutelements\\\\CustomField\",\"label\":null,\"instructions\":null,\"tip\":null,\"warning\":null,\"required\":true,\"width\":100,\"fieldUid\":\"1ab1524a-50e1-4b29-8ce9-9a3391b6c52f\"}]', 1, '2022-07-14 17:44:27', '2022-07-14 17:44:27', '1c929cb4-f120-48a9-8996-3d92c479c632'),
(124, 28, 'Content', '[{\"type\":\"craft\\\\fieldlayoutelements\\\\CustomField\",\"label\":null,\"instructions\":null,\"tip\":null,\"warning\":null,\"required\":true,\"width\":100,\"fieldUid\":\"e7938175-a108-436a-9651-c3fc691e20cb\"},{\"type\":\"craft\\\\fieldlayoutelements\\\\CustomField\",\"label\":null,\"instructions\":null,\"tip\":null,\"warning\":null,\"required\":false,\"width\":100,\"fieldUid\":\"998a4cee-1d0b-4b76-bbdc-e03d69e2d0c9\"},{\"type\":\"craft\\\\fieldlayoutelements\\\\CustomField\",\"label\":null,\"instructions\":null,\"tip\":null,\"warning\":null,\"required\":false,\"width\":100,\"fieldUid\":\"e4903fce-9829-467c-b5a0-534501cd79fb\"}]', 1, '2022-07-15 16:21:47', '2022-07-15 16:21:47', '728fcf8b-c424-4ee2-8390-d1a08a12b7dd'),
(141, 31, 'Contact', '[{\"type\":\"craft\\\\fieldlayoutelements\\\\Heading\",\"heading\":\"Texte fr die Kontaktiere mich Section\"},{\"type\":\"craft\\\\fieldlayoutelements\\\\CustomField\",\"label\":\"\",\"instructions\":\"\",\"tip\":null,\"warning\":null,\"required\":\"1\",\"width\":100,\"fieldUid\":\"05cf1190-eee5-446e-86fb-2f2803720b03\"},{\"type\":\"craft\\\\fieldlayoutelements\\\\CustomField\",\"label\":\"\",\"instructions\":\"\",\"tip\":null,\"warning\":null,\"required\":\"1\",\"width\":100,\"fieldUid\":\"8258f0ad-064f-4205-918e-d5f606659a0e\"},{\"type\":\"craft\\\\fieldlayoutelements\\\\Heading\",\"heading\":\"Kontakt Informationen\"},{\"type\":\"craft\\\\fieldlayoutelements\\\\CustomField\",\"label\":null,\"instructions\":null,\"tip\":null,\"warning\":null,\"required\":false,\"width\":100,\"fieldUid\":\"2043ed76-d48a-4911-ac89-b34387816ebb\"},{\"type\":\"craft\\\\fieldlayoutelements\\\\CustomField\",\"label\":null,\"instructions\":null,\"tip\":null,\"warning\":null,\"required\":false,\"width\":100,\"fieldUid\":\"10beb2fb-9f4c-4f5a-8196-2f65fa1fbb8b\"},{\"type\":\"craft\\\\fieldlayoutelements\\\\CustomField\",\"label\":null,\"instructions\":null,\"tip\":null,\"warning\":null,\"required\":false,\"width\":100,\"fieldUid\":\"c5b7a7bd-25d9-46e8-aa20-0b2cbee36c42\"},{\"type\":\"craft\\\\fieldlayoutelements\\\\CustomField\",\"label\":\"\",\"instructions\":\"\",\"tip\":null,\"warning\":null,\"required\":\"1\",\"width\":100,\"fieldUid\":\"5cccf762-54f8-44cf-ad6e-b3504b30f9c2\"},{\"type\":\"craft\\\\fieldlayoutelements\\\\CustomField\",\"label\":\"\",\"instructions\":\"\",\"tip\":null,\"warning\":null,\"required\":\"1\",\"width\":100,\"fieldUid\":\"ce43a48b-9462-4aea-abc9-3c7cac31d01d\"}]', 1, '2022-07-18 08:46:26', '2022-07-18 08:46:26', 'b5a3321b-81fc-4328-992f-bdb1fa8dce06'),
(145, 33, 'Gutscheine', '[{\"type\":\"craft\\\\fieldlayoutelements\\\\CustomField\",\"label\":null,\"instructions\":null,\"tip\":null,\"warning\":null,\"required\":false,\"width\":100,\"fieldUid\":\"1bf39833-e1d7-47ad-8cec-0e5f634ecfeb\"},{\"type\":\"craft\\\\fieldlayoutelements\\\\CustomField\",\"label\":null,\"instructions\":null,\"tip\":null,\"warning\":null,\"required\":false,\"width\":100,\"fieldUid\":\"7e3b3ae6-f422-47dc-96c7-602eef92f190\"}]', 1, '2022-07-18 11:09:58', '2022-07-18 11:09:58', '2d3e37cd-feb4-4855-ba37-88fc5a7fa59a'),
(151, 34, 'Content', '[{\"type\":\"craft\\\\fieldlayoutelements\\\\CustomField\",\"label\":null,\"instructions\":null,\"tip\":null,\"warning\":null,\"required\":false,\"width\":100,\"fieldUid\":\"667df206-c61a-4eb6-8f2f-6f123144a644\"}]', 1, '2022-07-19 07:35:30', '2022-07-19 07:35:30', '047b663d-d644-4d36-a45d-0b6877d23ae6'),
(159, 35, 'Inhalt', '[{\"type\":\"craft\\\\fieldlayoutelements\\\\EntryTitleField\",\"autocomplete\":false,\"class\":null,\"size\":null,\"name\":null,\"autocorrect\":true,\"autocapitalize\":true,\"disabled\":false,\"readonly\":false,\"title\":null,\"placeholder\":null,\"step\":null,\"min\":null,\"max\":null,\"requirable\":false,\"id\":null,\"containerAttributes\":[],\"inputContainerAttributes\":[],\"labelAttributes\":[],\"orientation\":null,\"label\":null,\"instructions\":null,\"tip\":null,\"warning\":null,\"width\":100},{\"type\":\"craft\\\\fieldlayoutelements\\\\CustomField\",\"label\":null,\"instructions\":null,\"tip\":null,\"warning\":null,\"required\":false,\"width\":100,\"fieldUid\":\"8fb0e979-e646-40cc-afe3-721a8cf8d77e\"}]', 1, '2022-07-19 08:43:13', '2022-07-19 08:43:13', '6348d26e-ef0f-456c-9380-d3516c339c84'),
(161, 36, 'Inhalt', '[{\"type\":\"craft\\\\fieldlayoutelements\\\\EntryTitleField\",\"autocomplete\":false,\"class\":null,\"size\":null,\"name\":null,\"autocorrect\":true,\"autocapitalize\":true,\"disabled\":false,\"readonly\":false,\"title\":null,\"placeholder\":null,\"step\":null,\"min\":null,\"max\":null,\"requirable\":false,\"id\":null,\"containerAttributes\":[],\"inputContainerAttributes\":[],\"labelAttributes\":[],\"orientation\":null,\"label\":null,\"instructions\":null,\"tip\":null,\"warning\":null,\"width\":100},{\"type\":\"craft\\\\fieldlayoutelements\\\\CustomField\",\"label\":null,\"instructions\":null,\"tip\":null,\"warning\":null,\"required\":false,\"width\":100,\"fieldUid\":\"8fb0e979-e646-40cc-afe3-721a8cf8d77e\"}]', 1, '2022-07-19 08:49:19', '2022-07-19 08:49:19', '029560dd-3bf0-4370-a066-dc98ee737316'),
(162, 25, 'Important Links', '[{\"type\":\"craft\\\\fieldlayoutelements\\\\CustomField\",\"label\":null,\"instructions\":null,\"tip\":null,\"warning\":null,\"required\":false,\"width\":100,\"fieldUid\":\"e4414be5-ec53-440a-b818-1a381e65c433\"}]', 1, '2022-07-19 08:53:19', '2022-07-19 08:53:19', '254aa07f-44c9-46f0-a993-f994913773f0'),
(163, 25, 'Boring Links', '[{\"type\":\"craft\\\\fieldlayoutelements\\\\CustomField\",\"label\":null,\"instructions\":null,\"tip\":null,\"warning\":null,\"required\":false,\"width\":100,\"fieldUid\":\"dcc9f2a5-4960-4468-9ca0-ed97af8aabd0\"}]', 2, '2022-07-19 08:53:19', '2022-07-19 08:53:19', 'e316efbd-af39-423c-82ff-b3063abdb493'),
(164, 12, 'Hero Section', '[{\"type\":\"craft\\\\fieldlayoutelements\\\\EntryTitleField\",\"autocomplete\":false,\"class\":null,\"size\":null,\"name\":null,\"autocorrect\":true,\"autocapitalize\":true,\"disabled\":false,\"readonly\":false,\"title\":null,\"placeholder\":null,\"step\":null,\"min\":null,\"max\":null,\"requirable\":false,\"id\":null,\"containerAttributes\":[],\"inputContainerAttributes\":[],\"labelAttributes\":[],\"orientation\":null,\"label\":null,\"instructions\":null,\"tip\":null,\"warning\":null,\"width\":100},{\"type\":\"craft\\\\fieldlayoutelements\\\\Heading\",\"heading\":\"Hero\"},{\"type\":\"craft\\\\fieldlayoutelements\\\\CustomField\",\"label\":null,\"instructions\":null,\"tip\":null,\"warning\":null,\"required\":false,\"width\":100,\"fieldUid\":\"8561ac4c-c848-4660-a546-010bd2e8d9a7\"},{\"type\":\"craft\\\\fieldlayoutelements\\\\CustomField\",\"label\":null,\"instructions\":null,\"tip\":null,\"warning\":null,\"required\":false,\"width\":100,\"fieldUid\":\"f98ce2cd-2b94-426d-91e4-8718a72c9953\"}]', 1, '2022-07-19 12:10:06', '2022-07-19 12:10:06', 'da0d3dec-110f-4c8f-bf2b-ace32644e305'),
(165, 12, 'Info Section', '[{\"type\":\"craft\\\\fieldlayoutelements\\\\CustomField\",\"label\":null,\"instructions\":null,\"tip\":null,\"warning\":null,\"required\":false,\"width\":100,\"fieldUid\":\"25416666-89ae-45f3-bdae-0b78a5309146\"},{\"type\":\"craft\\\\fieldlayoutelements\\\\CustomField\",\"label\":null,\"instructions\":null,\"tip\":null,\"warning\":null,\"required\":false,\"width\":100,\"fieldUid\":\"d645fef7-04c9-4031-ab1b-44743af9f212\"}]', 2, '2022-07-19 12:10:06', '2022-07-19 12:10:06', '17869de2-f9ef-4613-822b-d79c594ddf01'),
(166, 12, 'Price Section', '[{\"type\":\"craft\\\\fieldlayoutelements\\\\CustomField\",\"label\":null,\"instructions\":null,\"tip\":null,\"warning\":null,\"required\":false,\"width\":100,\"fieldUid\":\"17c50b66-f3d0-4d17-a8f1-db8e8761e219\"},{\"type\":\"craft\\\\fieldlayoutelements\\\\CustomField\",\"label\":null,\"instructions\":null,\"tip\":null,\"warning\":null,\"required\":false,\"width\":100,\"fieldUid\":\"67ea3ad6-5894-4622-8a04-84e1cf8ea798\"},{\"type\":\"craft\\\\fieldlayoutelements\\\\CustomField\",\"label\":null,\"instructions\":null,\"tip\":null,\"warning\":null,\"required\":false,\"width\":100,\"fieldUid\":\"6064b14c-104b-493b-893f-55f095596408\"},{\"type\":\"craft\\\\fieldlayoutelements\\\\CustomField\",\"label\":null,\"instructions\":null,\"tip\":null,\"warning\":null,\"required\":false,\"width\":100,\"fieldUid\":\"8fb0e979-e646-40cc-afe3-721a8cf8d77e\"}]', 3, '2022-07-19 12:10:06', '2022-07-19 12:10:06', '3789d25e-3c1d-48aa-9ab6-5280f4760d16'),
(167, 12, 'About Section', '[{\"type\":\"craft\\\\fieldlayoutelements\\\\CustomField\",\"label\":null,\"instructions\":null,\"tip\":null,\"warning\":null,\"required\":false,\"width\":100,\"fieldUid\":\"a1d469ad-3f70-49ce-aa72-447b35b47384\"},{\"type\":\"craft\\\\fieldlayoutelements\\\\CustomField\",\"label\":\"Text About Section\",\"instructions\":\"\",\"tip\":null,\"warning\":null,\"required\":\"\",\"width\":100,\"fieldUid\":\"572db231-fb3a-4729-82dd-898c7a612e53\"}]', 4, '2022-07-19 12:10:06', '2022-07-19 12:10:06', '81e4b5a1-f109-4b0c-a482-addc113e348f'),
(168, 12, 'Testimonials', '[{\"type\":\"craft\\\\fieldlayoutelements\\\\CustomField\",\"label\":null,\"instructions\":null,\"tip\":null,\"warning\":null,\"required\":false,\"width\":100,\"fieldUid\":\"3c305284-1691-42f8-b66f-fe348952a2ab\"}]', 5, '2022-07-19 12:10:06', '2022-07-19 12:10:06', '4bf1a31c-c23a-43b4-828d-f17f2b897878'),
(169, 12, 'Gutschein Section', '[{\"type\":\"craft\\\\fieldlayoutelements\\\\CustomField\",\"label\":null,\"instructions\":null,\"tip\":null,\"warning\":null,\"required\":false,\"width\":100,\"fieldUid\":\"1bf39833-e1d7-47ad-8cec-0e5f634ecfeb\"},{\"type\":\"craft\\\\fieldlayoutelements\\\\CustomField\",\"label\":null,\"instructions\":null,\"tip\":null,\"warning\":null,\"required\":false,\"width\":100,\"fieldUid\":\"7e3b3ae6-f422-47dc-96c7-602eef92f190\"}]', 6, '2022-07-19 12:10:06', '2022-07-19 12:10:06', '991f3225-dbd4-445d-ad57-7f475421bf0e'),
(170, 12, 'SEO', '[{\"type\":\"craft\\\\fieldlayoutelements\\\\CustomField\",\"label\":null,\"instructions\":null,\"tip\":null,\"warning\":null,\"required\":false,\"width\":100,\"fieldUid\":\"af236ed7-2045-4ee4-b6c9-fa700fec2aae\"},{\"type\":\"craft\\\\fieldlayoutelements\\\\CustomField\",\"label\":null,\"instructions\":null,\"tip\":null,\"warning\":null,\"required\":false,\"width\":100,\"fieldUid\":\"42fda29a-485e-47ea-8f31-8d3f398a7b6d\"}]', 7, '2022-07-19 12:10:06', '2022-07-19 12:10:06', '9aac3388-4ec7-4dda-9fdb-9f2ba6c2f5cc'),
(171, 32, 'Inhalt', '[{\"type\":\"craft\\\\fieldlayoutelements\\\\EntryTitleField\",\"autocomplete\":false,\"class\":null,\"size\":null,\"name\":null,\"autocorrect\":true,\"autocapitalize\":true,\"disabled\":false,\"readonly\":false,\"title\":null,\"placeholder\":null,\"step\":null,\"min\":null,\"max\":null,\"requirable\":false,\"id\":null,\"containerAttributes\":[],\"inputContainerAttributes\":[],\"labelAttributes\":[],\"orientation\":null,\"label\":null,\"instructions\":null,\"tip\":null,\"warning\":null,\"width\":100},{\"type\":\"craft\\\\fieldlayoutelements\\\\CustomField\",\"label\":null,\"instructions\":null,\"tip\":null,\"warning\":null,\"required\":false,\"width\":100,\"fieldUid\":\"8fb0e979-e646-40cc-afe3-721a8cf8d77e\"}]', 1, '2022-07-19 12:14:28', '2022-07-19 12:14:28', '0b61e0ab-6415-4bee-b837-c97e133e69ef'),
(172, 32, 'SEO', '[{\"type\":\"craft\\\\fieldlayoutelements\\\\CustomField\",\"label\":null,\"instructions\":null,\"tip\":null,\"warning\":null,\"required\":false,\"width\":100,\"fieldUid\":\"af236ed7-2045-4ee4-b6c9-fa700fec2aae\"},{\"type\":\"craft\\\\fieldlayoutelements\\\\CustomField\",\"label\":null,\"instructions\":null,\"tip\":null,\"warning\":null,\"required\":false,\"width\":100,\"fieldUid\":\"42fda29a-485e-47ea-8f31-8d3f398a7b6d\"}]', 2, '2022-07-19 12:14:28', '2022-07-19 12:14:28', '565be9e5-ef6b-43c3-b5d0-adf5b826f38c'),
(174, 29, 'Inhalt', '[{\"type\":\"craft\\\\fieldlayoutelements\\\\EntryTitleField\",\"autocomplete\":false,\"class\":null,\"size\":null,\"name\":null,\"autocorrect\":true,\"autocapitalize\":true,\"disabled\":false,\"readonly\":false,\"title\":null,\"placeholder\":null,\"step\":null,\"min\":null,\"max\":null,\"requirable\":false,\"id\":null,\"containerAttributes\":[],\"inputContainerAttributes\":[],\"labelAttributes\":[],\"orientation\":null,\"label\":null,\"instructions\":null,\"tip\":null,\"warning\":null,\"width\":100},{\"type\":\"craft\\\\fieldlayoutelements\\\\CustomField\",\"label\":null,\"instructions\":null,\"tip\":null,\"warning\":null,\"required\":false,\"width\":100,\"fieldUid\":\"8561ac4c-c848-4660-a546-010bd2e8d9a7\"},{\"type\":\"craft\\\\fieldlayoutelements\\\\CustomField\",\"label\":null,\"instructions\":null,\"tip\":null,\"warning\":null,\"required\":false,\"width\":100,\"fieldUid\":\"f98ce2cd-2b94-426d-91e4-8718a72c9953\"},{\"type\":\"craft\\\\fieldlayoutelements\\\\CustomField\",\"label\":null,\"instructions\":null,\"tip\":null,\"warning\":null,\"required\":false,\"width\":100,\"fieldUid\":\"8fb0e979-e646-40cc-afe3-721a8cf8d77e\"}]', 1, '2022-07-19 12:16:00', '2022-07-19 12:16:00', '04a98ddf-1d61-408f-83ac-493980084a05'),
(175, 29, 'SEO', '[{\"type\":\"craft\\\\fieldlayoutelements\\\\CustomField\",\"label\":null,\"instructions\":null,\"tip\":null,\"warning\":null,\"required\":false,\"width\":100,\"fieldUid\":\"af236ed7-2045-4ee4-b6c9-fa700fec2aae\"},{\"type\":\"craft\\\\fieldlayoutelements\\\\CustomField\",\"label\":null,\"instructions\":null,\"tip\":null,\"warning\":null,\"required\":false,\"width\":100,\"fieldUid\":\"42fda29a-485e-47ea-8f31-8d3f398a7b6d\"}]', 2, '2022-07-19 12:16:00', '2022-07-19 12:16:00', 'db0b6d16-71e0-451e-a239-f141f810a41c'),
(176, 19, 'Inhalt', '[{\"type\":\"craft\\\\fieldlayoutelements\\\\EntryTitleField\",\"autocomplete\":false,\"class\":null,\"size\":null,\"name\":null,\"autocorrect\":true,\"autocapitalize\":true,\"disabled\":false,\"readonly\":false,\"title\":null,\"placeholder\":null,\"step\":null,\"min\":null,\"max\":null,\"requirable\":false,\"id\":null,\"containerAttributes\":[],\"inputContainerAttributes\":[],\"labelAttributes\":[],\"orientation\":null,\"label\":null,\"instructions\":null,\"tip\":null,\"warning\":null,\"width\":100},{\"type\":\"craft\\\\fieldlayoutelements\\\\CustomField\",\"label\":null,\"instructions\":null,\"tip\":null,\"warning\":null,\"required\":false,\"width\":100,\"fieldUid\":\"8561ac4c-c848-4660-a546-010bd2e8d9a7\"},{\"type\":\"craft\\\\fieldlayoutelements\\\\CustomField\",\"label\":null,\"instructions\":null,\"tip\":null,\"warning\":null,\"required\":false,\"width\":100,\"fieldUid\":\"f98ce2cd-2b94-426d-91e4-8718a72c9953\"},{\"type\":\"craft\\\\fieldlayoutelements\\\\CustomField\",\"label\":null,\"instructions\":null,\"tip\":null,\"warning\":null,\"required\":false,\"width\":100,\"fieldUid\":\"8fb0e979-e646-40cc-afe3-721a8cf8d77e\"}]', 1, '2022-07-19 12:16:21', '2022-07-19 12:16:21', '3129d6bd-e826-4228-9c85-2c10d03c3d57'),
(177, 19, 'SEO', '[{\"type\":\"craft\\\\fieldlayoutelements\\\\CustomField\",\"label\":null,\"instructions\":null,\"tip\":null,\"warning\":null,\"required\":false,\"width\":100,\"fieldUid\":\"af236ed7-2045-4ee4-b6c9-fa700fec2aae\"},{\"type\":\"craft\\\\fieldlayoutelements\\\\CustomField\",\"label\":null,\"instructions\":null,\"tip\":null,\"warning\":null,\"required\":false,\"width\":100,\"fieldUid\":\"42fda29a-485e-47ea-8f31-8d3f398a7b6d\"}]', 2, '2022-07-19 12:16:21', '2022-07-19 12:16:21', '1dc886c9-6512-47c5-b11c-6619501d64db'),
(178, 30, 'SEO', '[{\"type\":\"craft\\\\fieldlayoutelements\\\\EntryTitleField\",\"autocomplete\":false,\"class\":null,\"size\":null,\"name\":null,\"autocorrect\":true,\"autocapitalize\":true,\"disabled\":false,\"readonly\":false,\"title\":null,\"placeholder\":null,\"step\":null,\"min\":null,\"max\":null,\"requirable\":false,\"id\":null,\"containerAttributes\":[],\"inputContainerAttributes\":[],\"labelAttributes\":[],\"orientation\":null,\"label\":\"__blank__\",\"instructions\":\"\",\"tip\":null,\"warning\":null,\"width\":100},{\"type\":\"craft\\\\fieldlayoutelements\\\\CustomField\",\"label\":null,\"instructions\":null,\"tip\":null,\"warning\":null,\"required\":false,\"width\":100,\"fieldUid\":\"af236ed7-2045-4ee4-b6c9-fa700fec2aae\"},{\"type\":\"craft\\\\fieldlayoutelements\\\\CustomField\",\"label\":null,\"instructions\":null,\"tip\":null,\"warning\":null,\"required\":false,\"width\":100,\"fieldUid\":\"42fda29a-485e-47ea-8f31-8d3f398a7b6d\"}]', 1, '2022-07-19 12:19:49', '2022-07-19 12:19:49', '0968f13d-4b6a-459a-998f-75c974f81406');

INSERT INTO `fields` (`id`, `groupId`, `name`, `handle`, `context`, `columnSuffix`, `instructions`, `searchable`, `translationMethod`, `translationKeyFormat`, `type`, `settings`, `dateCreated`, `dateUpdated`, `uid`) VALUES
(17, 1, 'Nav Link', 'navLink', 'global', NULL, '', 0, 'site', NULL, 'craft\\fields\\Matrix', '{\"contentTable\":\"{{%matrixcontent_navlink}}\",\"maxBlocks\":\"\",\"minBlocks\":\"\",\"propagationKeyFormat\":null,\"propagationMethod\":\"all\"}', '2022-07-11 14:14:11', '2022-07-11 14:14:11', 'e4414be5-ec53-440a-b818-1a381e65c433'),
(18, NULL, 'Link Text', 'linkText', 'matrixBlockType:6d9587dd-3c88-43bd-a6d1-a406042f785c', NULL, '', 0, 'none', NULL, 'craft\\fields\\PlainText', '{\"byteLimit\":null,\"charLimit\":null,\"code\":\"\",\"columnType\":null,\"initialRows\":\"4\",\"multiline\":\"\",\"placeholder\":null,\"uiMode\":\"normal\"}', '2022-07-11 14:14:11', '2022-07-11 14:15:22', '9353bfe0-77ec-4c96-afc1-3cc85bc6959b'),
(19, NULL, 'Link Destination', 'linkDestination', 'matrixBlockType:6d9587dd-3c88-43bd-a6d1-a406042f785c', NULL, '', 0, 'site', NULL, 'craft\\fields\\Entries', '{\"allowSelfRelations\":false,\"limit\":\"1\",\"localizeRelations\":false,\"selectionLabel\":\"Whlen Sie eine Seite aus\",\"showSiteMenu\":false,\"source\":null,\"sources\":\"*\",\"targetSiteId\":null,\"validateRelatedElements\":false,\"viewMode\":null}', '2022-07-11 14:15:22', '2022-07-11 14:15:22', 'bf6b89d9-e068-4a04-9f43-1a7a2d42bd79'),
(20, 5, 'Hero Image', 'heroImage', 'global', NULL, '', 0, 'site', NULL, 'craft\\fields\\Assets', '{\"allowSelfRelations\":false,\"allowUploads\":true,\"allowedKinds\":null,\"defaultUploadLocationSource\":\"volume:5cce6b80-a35c-4207-82e0-3940c9091376\",\"defaultUploadLocationSubpath\":\"\",\"limit\":\"1\",\"localizeRelations\":false,\"previewMode\":\"full\",\"restrictFiles\":\"\",\"selectionLabel\":\"Add a Background Image\",\"showSiteMenu\":false,\"showUnpermittedFiles\":false,\"showUnpermittedVolumes\":false,\"singleUploadLocationSource\":\"volume:5cce6b80-a35c-4207-82e0-3940c9091376\",\"singleUploadLocationSubpath\":\"\",\"source\":null,\"sources\":[\"volume:5cce6b80-a35c-4207-82e0-3940c9091376\"],\"targetSiteId\":null,\"useSingleFolder\":false,\"validateRelatedElements\":false,\"viewMode\":\"large\"}', '2022-07-11 14:17:25', '2022-07-11 14:17:25', 'f98ce2cd-2b94-426d-91e4-8718a72c9953'),
(21, 5, 'Hero Title', 'heroTitle', 'global', 'temiowxg', '', 0, 'none', NULL, 'craft\\fields\\PlainText', '{\"byteLimit\":null,\"charLimit\":null,\"code\":\"\",\"columnType\":null,\"initialRows\":\"4\",\"multiline\":\"\",\"placeholder\":null,\"uiMode\":\"normal\"}', '2022-07-11 14:18:22', '2022-07-11 14:18:22', '8561ac4c-c848-4660-a546-010bd2e8d9a7'),
(22, 4, 'Rich Text', 'richText', 'global', 'gjkonjtl', '', 0, 'none', NULL, 'craft\\redactor\\Field', '{\"availableTransforms\":[\"6f19a805-c660-4a23-98bc-883a1772b93c\"],\"availableVolumes\":\"*\",\"cleanupHtml\":true,\"columnType\":\"text\",\"configSelectionMode\":\"choose\",\"defaultTransform\":\"\",\"manualConfig\":\"\",\"purifierConfig\":\"\",\"purifyHtml\":\"1\",\"redactorConfig\":\"\",\"removeEmptyTags\":\"1\",\"removeInlineStyles\":\"1\",\"removeNbsp\":\"1\",\"showHtmlButtonForNonAdmins\":\"\",\"showUnpermittedFiles\":false,\"showUnpermittedVolumes\":false,\"uiMode\":\"enlarged\"}', '2022-07-11 14:27:01', '2022-07-19 13:07:37', '8fb0e979-e646-40cc-afe3-721a8cf8d77e'),
(23, 6, 'Info Cards', 'infoCards', 'global', NULL, '', 0, 'site', NULL, 'craft\\fields\\Matrix', '{\"contentTable\":\"{{%matrixcontent_infocards}}\",\"maxBlocks\":\"\",\"minBlocks\":\"\",\"propagationKeyFormat\":null,\"propagationMethod\":\"all\"}', '2022-07-12 09:50:09', '2022-07-12 09:50:09', 'd645fef7-04c9-4031-ab1b-44743af9f212'),
(24, NULL, 'Info Image', 'infoImage', 'matrixBlockType:e983668e-da41-4c60-8f3f-1062d10a2093', NULL, '', 0, 'site', NULL, 'craft\\fields\\Assets', '{\"allowSelfRelations\":false,\"allowUploads\":true,\"allowedKinds\":null,\"defaultUploadLocationSource\":\"volume:5cce6b80-a35c-4207-82e0-3940c9091376\",\"defaultUploadLocationSubpath\":\"\",\"limit\":\"\",\"localizeRelations\":false,\"previewMode\":\"full\",\"restrictFiles\":\"\",\"selectionLabel\":\"Bild fr die Info ber Massage Arten hinzufgen\",\"showSiteMenu\":true,\"showUnpermittedFiles\":false,\"showUnpermittedVolumes\":false,\"singleUploadLocationSource\":\"volume:5cce6b80-a35c-4207-82e0-3940c9091376\",\"singleUploadLocationSubpath\":\"\",\"source\":null,\"sources\":[\"volume:5cce6b80-a35c-4207-82e0-3940c9091376\"],\"targetSiteId\":null,\"useSingleFolder\":false,\"validateRelatedElements\":false,\"viewMode\":\"list\"}', '2022-07-12 09:50:10', '2022-07-12 09:51:32', '509010ae-76d8-4d0a-ba38-9a5a004c6e8b'),
(25, NULL, 'Info Headline', 'infoHeadline', 'matrixBlockType:e983668e-da41-4c60-8f3f-1062d10a2093', NULL, '', 0, 'none', NULL, 'craft\\fields\\PlainText', '{\"byteLimit\":null,\"charLimit\":null,\"code\":\"\",\"columnType\":null,\"initialRows\":\"4\",\"multiline\":\"\",\"placeholder\":\"Titel von der Massageart\",\"uiMode\":\"normal\"}', '2022-07-12 09:51:32', '2022-07-12 09:53:41', 'b821f21f-77d9-4f76-aafd-b3c5aed17a5c'),
(26, NULL, 'Info Description', 'infoDescription', 'matrixBlockType:e983668e-da41-4c60-8f3f-1062d10a2093', NULL, '', 0, 'none', NULL, 'craft\\fields\\PlainText', '{\"byteLimit\":null,\"charLimit\":250,\"code\":\"\",\"columnType\":null,\"initialRows\":\"\",\"multiline\":\"\",\"placeholder\":\"Beschreibung der Massageart\",\"uiMode\":\"normal\"}', '2022-07-12 09:53:41', '2022-07-12 10:17:13', 'b421e9dd-d4d4-4736-8411-ce1963d348f7'),
(27, 6, 'Prices', 'prices', 'global', NULL, '', 0, 'site', NULL, 'craft\\fields\\Matrix', '{\"contentTable\":\"{{%matrixcontent_prices}}\",\"maxBlocks\":\"\",\"minBlocks\":\"\",\"propagationKeyFormat\":null,\"propagationMethod\":\"all\"}', '2022-07-12 12:05:01', '2022-07-12 12:05:01', '67ea3ad6-5894-4622-8a04-84e1cf8ea798'),
(28, NULL, 'Euronen', 'euronen', 'matrixBlockType:2a4797dc-df0a-4834-ab6d-76f4c86182e6', 'zmzwgtqq', '', 0, 'none', NULL, 'craft\\fields\\PlainText', '{\"byteLimit\":null,\"charLimit\":10,\"code\":\"\",\"columnType\":null,\"initialRows\":\"4\",\"multiline\":\"\",\"placeholder\":\"Preis fr eine Einheit\",\"uiMode\":\"normal\"}', '2022-07-12 12:05:01', '2022-07-12 12:05:01', '4e364be5-bc5a-4257-8479-5e7685e6cd9d'),
(29, NULL, 'stunden', 'stunden', 'matrixBlockType:2a4797dc-df0a-4834-ab6d-76f4c86182e6', 'zcroapgg', '', 0, 'none', NULL, 'craft\\fields\\PlainText', '{\"byteLimit\":null,\"charLimit\":5,\"code\":\"\",\"columnType\":null,\"initialRows\":\"4\",\"multiline\":\"\",\"placeholder\":\"Dauer der Einheit (in min)\",\"uiMode\":\"normal\"}', '2022-07-12 12:05:01', '2022-07-12 12:05:01', '695d690f-eac6-448e-b32a-399a64f36c2d'),
(30, 4, 'h2 Title Price Section', 'h2TitlePrice', 'global', 'zevnqzav', '', 0, 'none', NULL, 'craft\\fields\\PlainText', '{\"byteLimit\":null,\"charLimit\":null,\"code\":\"\",\"columnType\":null,\"initialRows\":\"4\",\"multiline\":\"\",\"placeholder\":\"Hier eine berschrift\",\"uiMode\":\"normal\"}', '2022-07-12 12:05:58', '2022-07-12 12:12:31', '17c50b66-f3d0-4d17-a8f1-db8e8761e219'),
(31, 4, 'h3 Title Price Section', 'h3TitlePrice', 'global', 'ucbimhdt', '', 0, 'none', NULL, 'craft\\fields\\PlainText', '{\"byteLimit\":null,\"charLimit\":null,\"code\":\"\",\"columnType\":null,\"initialRows\":\"4\",\"multiline\":\"\",\"placeholder\":null,\"uiMode\":\"normal\"}', '2022-07-12 12:06:42', '2022-07-12 12:12:50', '6064b14c-104b-493b-893f-55f095596408'),
(32, 4, 'h2 Title Info Section', 'h2TitleInfo', 'global', 'blibblco', '', 0, 'none', NULL, 'craft\\fields\\PlainText', '{\"byteLimit\":null,\"charLimit\":null,\"code\":\"\",\"columnType\":null,\"initialRows\":\"4\",\"multiline\":\"\",\"placeholder\":null,\"uiMode\":\"normal\"}', '2022-07-12 12:13:08', '2022-07-12 12:13:08', '25416666-89ae-45f3-bdae-0b78a5309146'),
(33, 4, 'Rich Text About Section', 'richTextAbout', 'global', 'hyfnnnuk', '', 0, 'none', NULL, 'craft\\redactor\\Field', '{\"availableTransforms\":\"*\",\"availableVolumes\":\"*\",\"cleanupHtml\":true,\"columnType\":\"text\",\"configSelectionMode\":\"choose\",\"defaultTransform\":\"\",\"manualConfig\":\"\",\"purifierConfig\":\"\",\"purifyHtml\":\"1\",\"redactorConfig\":\"\",\"removeEmptyTags\":\"1\",\"removeInlineStyles\":\"1\",\"removeNbsp\":\"1\",\"showHtmlButtonForNonAdmins\":\"1\",\"showUnpermittedFiles\":false,\"showUnpermittedVolumes\":false,\"uiMode\":\"enlarged\"}', '2022-07-13 07:02:43', '2022-07-13 07:02:43', '572db231-fb3a-4729-82dd-898c7a612e53'),
(34, 4, 'Image About', 'imageAbout', 'global', NULL, '', 0, 'site', NULL, 'craft\\fields\\Assets', '{\"allowSelfRelations\":false,\"allowUploads\":true,\"allowedKinds\":null,\"defaultUploadLocationSource\":\"volume:5cce6b80-a35c-4207-82e0-3940c9091376\",\"defaultUploadLocationSubpath\":\"\",\"limit\":\"1\",\"localizeRelations\":false,\"previewMode\":\"full\",\"restrictFiles\":\"\",\"selectionLabel\":\"Hier ein Bild von Ihnen\",\"showSiteMenu\":false,\"showUnpermittedFiles\":false,\"showUnpermittedVolumes\":false,\"singleUploadLocationSource\":\"volume:5cce6b80-a35c-4207-82e0-3940c9091376\",\"singleUploadLocationSubpath\":\"\",\"source\":null,\"sources\":[\"volume:5cce6b80-a35c-4207-82e0-3940c9091376\"],\"targetSiteId\":null,\"useSingleFolder\":false,\"validateRelatedElements\":false,\"viewMode\":\"large\"}', '2022-07-13 07:06:49', '2022-07-13 07:06:49', 'a1d469ad-3f70-49ce-aa72-447b35b47384'),
(40, 8, 'Gutschein Image', 'gutscheinImage', 'global', NULL, '', 0, 'site', NULL, 'craft\\fields\\Assets', '{\"allowSelfRelations\":false,\"allowUploads\":true,\"allowedKinds\":null,\"defaultUploadLocationSource\":\"volume:5cce6b80-a35c-4207-82e0-3940c9091376\",\"defaultUploadLocationSubpath\":\"\",\"limit\":\"1\",\"localizeRelations\":false,\"previewMode\":\"full\",\"restrictFiles\":\"\",\"selectionLabel\":\"Bild von Gutschein hinzufgen\",\"showSiteMenu\":false,\"showUnpermittedFiles\":false,\"showUnpermittedVolumes\":false,\"singleUploadLocationSource\":\"volume:5cce6b80-a35c-4207-82e0-3940c9091376\",\"singleUploadLocationSubpath\":\"\",\"source\":null,\"sources\":[\"volume:5cce6b80-a35c-4207-82e0-3940c9091376\"],\"targetSiteId\":null,\"useSingleFolder\":false,\"validateRelatedElements\":false,\"viewMode\":\"large\"}', '2022-07-13 13:46:19', '2022-07-13 13:46:19', '1bf39833-e1d7-47ad-8cec-0e5f634ecfeb'),
(41, 8, 'Gutschein Text', 'gutscheinText', 'global', 'iqfuadci', '', 0, 'none', NULL, 'craft\\redactor\\Field', '{\"availableTransforms\":\"\",\"availableVolumes\":\"\",\"cleanupHtml\":true,\"columnType\":\"text\",\"configSelectionMode\":\"choose\",\"defaultTransform\":\"\",\"manualConfig\":\"\",\"purifierConfig\":\"\",\"purifyHtml\":\"1\",\"redactorConfig\":\"\",\"removeEmptyTags\":\"1\",\"removeInlineStyles\":\"1\",\"removeNbsp\":\"1\",\"showHtmlButtonForNonAdmins\":\"1\",\"showUnpermittedFiles\":false,\"showUnpermittedVolumes\":false,\"uiMode\":\"enlarged\"}', '2022-07-13 13:46:59', '2022-07-13 13:46:59', '7e3b3ae6-f422-47dc-96c7-602eef92f190'),
(42, 9, 'Instagram Link', 'instagramLink', 'global', 'rsinwvae', '', 0, 'none', NULL, 'craft\\fields\\Url', '{\"maxLength\":\"255\",\"placeholder\":null,\"types\":[\"url\"]}', '2022-07-14 11:13:46', '2022-07-14 11:13:46', '10beb2fb-9f4c-4f5a-8196-2f65fa1fbb8b'),
(43, 9, 'Facebook Link', 'facebookLink', 'global', 'awuodgok', '', 0, 'none', NULL, 'craft\\fields\\Url', '{\"maxLength\":\"255\",\"placeholder\":null,\"types\":[\"url\"]}', '2022-07-14 11:14:04', '2022-07-14 11:14:04', '2043ed76-d48a-4911-ac89-b34387816ebb'),
(44, 9, 'Youtube Link', 'youtubeLink', 'global', 'eqvqdtee', '', 0, 'none', NULL, 'craft\\fields\\Url', '{\"maxLength\":\"255\",\"placeholder\":null,\"types\":[\"url\"]}', '2022-07-14 11:14:27', '2022-07-14 11:14:27', 'c5b7a7bd-25d9-46e8-aa20-0b2cbee36c42'),
(45, 9, 'Contact Text', 'contactText', 'global', 'gcwekjuq', '', 0, 'none', NULL, 'craft\\redactor\\Field', '{\"availableTransforms\":\"\",\"availableVolumes\":\"\",\"cleanupHtml\":true,\"columnType\":\"text\",\"configSelectionMode\":\"choose\",\"defaultTransform\":\"\",\"manualConfig\":\"\",\"purifierConfig\":\"\",\"purifyHtml\":\"1\",\"redactorConfig\":\"\",\"removeEmptyTags\":\"1\",\"removeInlineStyles\":\"1\",\"removeNbsp\":\"1\",\"showHtmlButtonForNonAdmins\":\"1\",\"showUnpermittedFiles\":false,\"showUnpermittedVolumes\":false,\"uiMode\":\"enlarged\"}', '2022-07-14 12:15:06', '2022-07-14 12:15:06', '8258f0ad-064f-4205-918e-d5f606659a0e'),
(46, 9, 'Contact H2', 'contactH2', 'global', 'sctkoeyp', '', 0, 'none', NULL, 'craft\\fields\\PlainText', '{\"byteLimit\":null,\"charLimit\":null,\"code\":\"\",\"columnType\":null,\"initialRows\":\"4\",\"multiline\":\"\",\"placeholder\":\"Hier kommt die berschrift vom Kontakt Feld hin\",\"uiMode\":\"normal\"}', '2022-07-14 12:15:47', '2022-07-14 12:15:47', '05cf1190-eee5-446e-86fb-2f2803720b03'),
(50, 1, 'Nav Link Footer', 'navLinkFooter', 'global', NULL, '', 0, 'site', NULL, 'craft\\fields\\Matrix', '{\"contentTable\":\"{{%matrixcontent_navlinkfooter}}\",\"maxBlocks\":\"\",\"minBlocks\":\"\",\"propagationKeyFormat\":null,\"propagationMethod\":\"all\"}', '2022-07-14 17:38:08', '2022-07-14 17:38:08', 'dcc9f2a5-4960-4468-9ca0-ed97af8aabd0'),
(51, NULL, 'Link Text Footer', 'linkTextFooter', 'matrixBlockType:d9f25314-9fad-4839-b8bb-8159c7bda381', 'nrdnyegy', '', 0, 'none', NULL, 'craft\\fields\\PlainText', '{\"byteLimit\":null,\"charLimit\":null,\"code\":\"\",\"columnType\":null,\"initialRows\":\"4\",\"multiline\":\"\",\"placeholder\":null,\"uiMode\":\"normal\"}', '2022-07-14 17:38:09', '2022-07-14 17:38:09', '93f562ec-f7bd-4dcb-85c7-20f346147cae'),
(52, NULL, 'link Destination Footer', 'linkDestinationFooter', 'matrixBlockType:d9f25314-9fad-4839-b8bb-8159c7bda381', NULL, '', 0, 'site', NULL, 'craft\\fields\\Entries', '{\"allowSelfRelations\":false,\"limit\":\"1\",\"localizeRelations\":false,\"selectionLabel\":\"\",\"showSiteMenu\":false,\"source\":null,\"sources\":\"*\",\"targetSiteId\":null,\"validateRelatedElements\":false,\"viewMode\":null}', '2022-07-14 17:38:09', '2022-07-14 17:38:09', 'f20e251a-1359-4e87-8868-4cf0e570f518'),
(56, 3, 'Email', 'email', 'global', 'axytcaqa', '', 0, 'none', NULL, 'craft\\fields\\Email', '{\"placeholder\":\"Ihre Email\"}', '2022-07-14 17:46:22', '2022-07-14 17:46:22', '5cccf762-54f8-44cf-ad6e-b3504b30f9c2'),
(57, 3, 'Telefonnummer', 'telefonnummer', 'global', 'qdzgebkt', '', 0, 'none', NULL, 'craft\\fields\\PlainText', '{\"byteLimit\":null,\"charLimit\":null,\"code\":\"\",\"columnType\":null,\"initialRows\":\"4\",\"multiline\":\"\",\"placeholder\":\"Telefonnummer\",\"uiMode\":\"normal\"}', '2022-07-14 17:46:51', '2022-07-14 17:46:51', 'ce43a48b-9462-4aea-abc9-3c7cac31d01d'),
(58, 6, 'Info Cards Mobile', 'infoCardsMobile', 'global', NULL, '', 0, 'site', NULL, 'craft\\fields\\Matrix', '{\"contentTable\":\"{{%matrixcontent_infocardsmobile}}\",\"maxBlocks\":\"1\",\"minBlocks\":\"1\",\"propagationKeyFormat\":null,\"propagationMethod\":\"all\"}', '2022-07-15 16:20:50', '2022-07-15 16:21:47', '65c4e659-4d8f-4705-a2e9-46a81807c120'),
(59, NULL, 'Info Card Mobile h2', 'infoCardMobileH2', 'matrixBlockType:3bace5b2-b349-43e4-8abb-441e7be0b37a', NULL, '', 0, 'none', NULL, 'craft\\fields\\PlainText', '{\"byteLimit\":null,\"charLimit\":null,\"code\":\"\",\"columnType\":null,\"initialRows\":\"4\",\"multiline\":\"\",\"placeholder\":null,\"uiMode\":\"normal\"}', '2022-07-15 16:20:50', '2022-07-15 16:21:47', '998a4cee-1d0b-4b76-bbdc-e03d69e2d0c9'),
(60, NULL, 'Info Card Mobile Description', 'infoCardMobileDescription', 'matrixBlockType:3bace5b2-b349-43e4-8abb-441e7be0b37a', NULL, '', 0, 'none', NULL, 'craft\\redactor\\Field', '{\"availableTransforms\":\"\",\"availableVolumes\":\"\",\"cleanupHtml\":true,\"columnType\":\"text\",\"configSelectionMode\":\"choose\",\"defaultTransform\":\"\",\"manualConfig\":\"\",\"purifierConfig\":\"\",\"purifyHtml\":\"1\",\"redactorConfig\":\"\",\"removeEmptyTags\":\"1\",\"removeInlineStyles\":\"1\",\"removeNbsp\":\"1\",\"showHtmlButtonForNonAdmins\":\"1\",\"showUnpermittedFiles\":false,\"showUnpermittedVolumes\":false,\"uiMode\":\"enlarged\"}', '2022-07-15 16:20:50', '2022-07-15 16:21:47', 'e4903fce-9829-467c-b5a0-534501cd79fb'),
(61, NULL, 'Info Card Mobile Image', 'infoCardMobileImage', 'matrixBlockType:3bace5b2-b349-43e4-8abb-441e7be0b37a', NULL, '', 0, 'site', NULL, 'craft\\fields\\Assets', '{\"allowSelfRelations\":false,\"allowUploads\":true,\"allowedKinds\":null,\"defaultUploadLocationSource\":\"volume:5cce6b80-a35c-4207-82e0-3940c9091376\",\"defaultUploadLocationSubpath\":\"\",\"limit\":\"1\",\"localizeRelations\":false,\"previewMode\":\"full\",\"restrictFiles\":\"\",\"selectionLabel\":\"\",\"showSiteMenu\":true,\"showUnpermittedFiles\":false,\"showUnpermittedVolumes\":false,\"singleUploadLocationSource\":\"volume:5cce6b80-a35c-4207-82e0-3940c9091376\",\"singleUploadLocationSubpath\":\"\",\"source\":null,\"sources\":[\"volume:5cce6b80-a35c-4207-82e0-3940c9091376\"],\"targetSiteId\":null,\"useSingleFolder\":false,\"validateRelatedElements\":false,\"viewMode\":\"list\"}', '2022-07-15 16:20:50', '2022-07-15 16:21:47', 'e7938175-a108-436a-9651-c3fc691e20cb'),
(62, 7, 'Slider Texts', 'sliderTexts', 'global', NULL, '', 0, 'site', NULL, 'craft\\fields\\Matrix', '{\"contentTable\":\"{{%matrixcontent_slidertexts}}\",\"maxBlocks\":\"\",\"minBlocks\":\"\",\"propagationKeyFormat\":null,\"propagationMethod\":\"all\"}', '2022-07-19 07:35:30', '2022-07-19 07:35:30', '3c305284-1691-42f8-b66f-fe348952a2ab'),
(63, NULL, 'Slider Content', 'sliderContent', 'matrixBlockType:a5cbfbab-d6bd-4853-b176-faf454b6bf2a', 'zhfttumn', '', 0, 'none', NULL, 'craft\\redactor\\Field', '{\"availableTransforms\":\"\",\"availableVolumes\":\"\",\"cleanupHtml\":true,\"columnType\":\"text\",\"configSelectionMode\":\"choose\",\"defaultTransform\":\"\",\"manualConfig\":\"\",\"purifierConfig\":\"\",\"purifyHtml\":\"1\",\"redactorConfig\":\"\",\"removeEmptyTags\":\"1\",\"removeInlineStyles\":\"1\",\"removeNbsp\":\"1\",\"showHtmlButtonForNonAdmins\":\"1\",\"showUnpermittedFiles\":false,\"showUnpermittedVolumes\":false,\"uiMode\":\"enlarged\"}', '2022-07-19 07:35:30', '2022-07-19 07:35:30', '667df206-c61a-4eb6-8f2f-6f123144a644'),
(64, 10, 'seo Title', 'seoTitle', 'global', 'cncudhre', '', 0, 'none', NULL, 'craft\\fields\\PlainText', '{\"byteLimit\":null,\"charLimit\":80,\"code\":\"\",\"columnType\":null,\"initialRows\":\"4\",\"multiline\":\"\",\"placeholder\":\"Der Text der im Browser als Titel angezeigt wird\",\"uiMode\":\"normal\"}', '2022-07-19 12:08:59', '2022-07-19 12:08:59', 'af236ed7-2045-4ee4-b6c9-fa700fec2aae'),
(65, 10, 'seo Description', 'seoDescription', 'global', 'yyusjxlw', '', 0, 'none', NULL, 'craft\\fields\\PlainText', '{\"byteLimit\":null,\"charLimit\":170,\"code\":\"\",\"columnType\":null,\"initialRows\":\"4\",\"multiline\":\"\",\"placeholder\":null,\"uiMode\":\"normal\"}', '2022-07-19 12:09:31', '2022-07-19 12:09:31', '42fda29a-485e-47ea-8f31-8d3f398a7b6d');

INSERT INTO `globalsets` (`id`, `name`, `handle`, `fieldLayoutId`, `sortOrder`, `dateCreated`, `dateUpdated`, `uid`) VALUES
(13, 'Header', 'header', 18, 1, '2022-07-11 14:23:24', '2022-07-11 14:23:24', '722da717-5c9d-4ac6-bfa0-08134732dc4c'),
(324, 'Footer', 'footer', 25, 2, '2022-07-14 16:45:25', '2022-07-14 16:49:25', '338f718b-7f68-4c2c-9eac-e8898e37b8a3'),
(401, 'User Information', 'userInfo', 31, 3, '2022-07-18 08:23:29', '2022-07-18 08:43:51', '61c4e9a1-fd34-4f08-9280-407d23e513ee'),
(486, 'Gutscheine', 'gutscheine', 33, 4, '2022-07-18 11:09:58', '2022-07-18 11:09:58', 'df95f934-8e81-47f2-9a8e-6e3afefb968c');

INSERT INTO `gqlschemas` (`id`, `name`, `scope`, `isPublic`, `dateCreated`, `dateUpdated`, `uid`) VALUES
(1, 'Public Schema', '[]', 1, '2022-06-25 12:57:38', '2022-06-25 12:57:38', '9b8f35b7-0309-476b-9ca6-654d6d620e69');

INSERT INTO `gqltokens` (`id`, `name`, `accessToken`, `enabled`, `expiryDate`, `lastUsed`, `schemaId`, `dateCreated`, `dateUpdated`, `uid`) VALUES
(1, 'Public Token', '__PUBLIC__', 0, NULL, NULL, 1, '2022-06-25 12:57:39', '2022-06-25 12:57:39', 'cb22e799-b703-44f1-8098-3908c4d72787');

INSERT INTO `info` (`id`, `version`, `schemaVersion`, `maintenance`, `configVersion`, `fieldVersion`, `dateCreated`, `dateUpdated`, `uid`) VALUES
(1, '3.7.30.1', '3.7.8', 0, 'imnkhdnubbzm', '2@rxqecdlkwd', '2022-06-25 12:57:32', '2022-07-25 14:48:54', 'f8483bbe-8fcc-424b-92a1-d2e9b9038d74');

INSERT INTO `matrixblocks` (`id`, `ownerId`, `fieldId`, `typeId`, `sortOrder`, `deletedWithOwner`, `dateCreated`, `dateUpdated`, `uid`) VALUES
(16, 13, 17, 7, 2, NULL, '2022-07-11 14:35:00', '2022-07-18 22:07:55', 'bccd66aa-c6d7-41dd-ae8d-0551329d841b'),
(41, 1, 23, 8, 1, NULL, '2022-07-12 09:57:53', '2022-07-12 09:57:53', 'b3bb7794-6289-4199-964a-03af8958e5a4'),
(50, 1, 23, 8, 2, 0, '2022-07-12 09:58:34', '2022-07-12 09:58:34', 'c4b815c3-8035-4b20-aaee-3cd73f3db598'),
(86, 1, 27, 9, 1, NULL, '2022-07-12 12:10:36', '2022-07-12 12:10:36', '88206e12-d3b8-4634-a5e7-42fcf78bf47b'),
(87, 1, 27, 9, 2, NULL, '2022-07-12 12:10:36', '2022-07-12 12:10:36', 'dd0c65ae-2452-432f-a24f-b9fb796469ff'),
(326, 13, 17, 7, 3, NULL, '2022-07-14 17:15:36', '2022-07-18 22:07:55', '9641ba9e-60fe-4226-bad9-4da231c17808'),
(328, 324, 17, 7, 1, NULL, '2022-07-14 17:32:30', '2022-07-14 17:32:30', '4523c562-f369-45dd-9ffb-da2c00b5fc73'),
(329, 324, 50, 12, 1, NULL, '2022-07-14 17:39:59', '2022-07-14 17:39:59', '037f9aaa-7612-40c3-ae1b-185901c0e168'),
(344, 1, 58, 14, 1, NULL, '2022-07-15 16:22:41', '2022-07-15 16:22:41', 'aebefaaa-fc62-4b5c-9817-4b0151c504f7'),
(392, 13, 17, 7, 4, NULL, '2022-07-18 08:02:32', '2022-07-18 22:07:55', 'f26b6b9a-dba4-4463-a09a-4dc4237ce9ad'),
(400, 13, 17, 7, 5, NULL, '2022-07-18 08:07:54', '2022-07-18 22:07:56', 'e6ff6a3d-6cbf-4072-b981-7bd7e2247a57'),
(441, 1, 23, 8, 3, 0, '2022-07-18 09:43:09', '2022-07-18 09:43:09', 'fb297c9b-d4e4-47cd-b3bd-b513ad780cfc'),
(442, 1, 23, 8, 4, 0, '2022-07-18 09:43:09', '2022-07-18 09:43:09', '6253f081-baa6-4b3c-bac4-ad3de1406e34'),
(487, 13, 17, 7, 1, NULL, '2022-07-18 22:07:55', '2022-07-18 22:07:55', 'dd91fd20-c827-4442-9413-921b4e3dec4e'),
(488, 324, 17, 7, 2, NULL, '2022-07-18 22:08:43', '2022-07-18 22:08:43', 'bc0e317c-1b6e-4bc6-8930-81373e4f8302'),
(489, 324, 17, 7, 3, NULL, '2022-07-18 22:08:43', '2022-07-18 22:08:43', 'b4eb6663-9266-43d4-84e7-b29a0aad0e08'),
(490, 324, 17, 7, 4, NULL, '2022-07-18 22:08:43', '2022-07-18 22:08:43', '0292361f-45ba-4ce8-8279-ab9a76281a2e'),
(545, 1, 62, 15, 1, NULL, '2022-07-19 07:38:03', '2022-07-19 07:38:03', 'b54cc424-1142-4b18-8160-c63fd9742360'),
(546, 1, 62, 15, 2, NULL, '2022-07-19 07:38:03', '2022-07-19 07:38:03', 'b421a1dc-f96d-4df9-a9af-19415187651c'),
(547, 1, 62, 15, 3, NULL, '2022-07-19 07:38:03', '2022-07-19 07:38:03', 'f1d3f05c-b741-4f90-9787-481c4a4ff424'),
(549, 548, 23, 8, 1, NULL, '2022-07-19 07:38:04', '2022-07-19 07:38:04', 'd5582b5f-38b0-4f41-8753-68c90ea018c5'),
(550, 548, 23, 8, 2, NULL, '2022-07-19 07:38:04', '2022-07-19 07:38:04', '79b9e1ef-93bf-483b-ae54-258305c8ebcc'),
(551, 548, 23, 8, 3, NULL, '2022-07-19 07:38:04', '2022-07-19 07:38:04', '04b982a6-0a99-410a-b388-f3d6c3c70dc5'),
(552, 548, 23, 8, 4, NULL, '2022-07-19 07:38:04', '2022-07-19 07:38:04', '70259e70-a58c-4349-a92d-55a5def85721'),
(553, 548, 27, 9, 1, NULL, '2022-07-19 07:38:04', '2022-07-19 07:38:04', 'a14c86d8-ebf7-44ec-9fd3-9628d54c9772'),
(554, 548, 27, 9, 2, NULL, '2022-07-19 07:38:05', '2022-07-19 07:38:05', '4b9ba894-e6d0-49fa-9969-cb8f2be0a154'),
(555, 548, 62, 15, 1, NULL, '2022-07-19 07:38:05', '2022-07-19 07:38:05', 'a317e5e5-5460-4f88-9c23-cb335c9f6177'),
(556, 548, 62, 15, 2, NULL, '2022-07-19 07:38:05', '2022-07-19 07:38:05', '70f78e4d-7eb8-4ddc-be00-74a0ec204ae8'),
(557, 548, 62, 15, 3, NULL, '2022-07-19 07:38:05', '2022-07-19 07:38:05', '249d8940-4a9e-43e7-99ca-b230f1091f78'),
(571, 324, 50, 12, 2, NULL, '2022-07-19 08:52:47', '2022-07-19 08:52:47', '30a9d091-075b-4750-8296-7fa50f5f1a56'),
(573, 572, 23, 8, 1, NULL, '2022-07-19 12:10:07', '2022-07-19 12:10:07', 'c49a630e-9a26-4190-b407-1559d7974105'),
(574, 572, 23, 8, 2, NULL, '2022-07-19 12:10:08', '2022-07-19 12:10:08', '1d8d2f00-a37f-4b32-8e99-48408c842422'),
(575, 572, 23, 8, 3, NULL, '2022-07-19 12:10:08', '2022-07-19 12:10:08', '8957aa2f-25ab-49ce-9c27-4bc20cd18104'),
(576, 572, 23, 8, 4, NULL, '2022-07-19 12:10:08', '2022-07-19 12:10:08', 'df9db05a-aa1b-4f27-ba67-4441cc715caf'),
(577, 572, 27, 9, 1, NULL, '2022-07-19 12:10:08', '2022-07-19 12:10:08', '0ba8ee0a-1b22-433c-9890-cb9f5d9434f4'),
(578, 572, 27, 9, 2, NULL, '2022-07-19 12:10:08', '2022-07-19 12:10:08', '676df3ee-c03a-4232-89a3-75e656d5aac9'),
(579, 572, 62, 15, 1, NULL, '2022-07-19 12:10:08', '2022-07-19 12:10:08', '020c56b1-4e0d-4d41-9cc5-ace61aad4279'),
(580, 572, 62, 15, 2, NULL, '2022-07-19 12:10:08', '2022-07-19 12:10:08', '577af9b1-8e7a-4183-8515-25b250ca6490'),
(581, 572, 62, 15, 3, NULL, '2022-07-19 12:10:08', '2022-07-19 12:10:08', '386a7dd4-1a0f-41de-bf88-10d790d1519d'),
(593, 592, 23, 8, 1, NULL, '2022-07-19 12:11:47', '2022-07-19 12:11:47', '73dfc03e-4d53-4d02-883d-cb5cba649206'),
(594, 592, 23, 8, 2, NULL, '2022-07-19 12:11:47', '2022-07-19 12:11:47', '6c3a07d7-0ce2-4531-8bd7-05e2e528db45'),
(595, 592, 23, 8, 3, NULL, '2022-07-19 12:11:47', '2022-07-19 12:11:47', 'de634cb0-d136-421d-babc-14bba211233e'),
(596, 592, 23, 8, 4, NULL, '2022-07-19 12:11:47', '2022-07-19 12:11:47', '77f90856-ac44-491b-b144-1c35729df9c3'),
(597, 592, 27, 9, 1, NULL, '2022-07-19 12:11:47', '2022-07-19 12:11:47', '3778b559-aab1-4de8-a93e-e2bf95f2ccfe'),
(598, 592, 27, 9, 2, NULL, '2022-07-19 12:11:47', '2022-07-19 12:11:47', 'c8cb1152-b0e0-48c8-a308-d138fd2578fe'),
(599, 592, 62, 15, 1, NULL, '2022-07-19 12:11:48', '2022-07-19 12:11:48', 'e7b0af45-5ace-42f3-bbb8-2b0f0558364a'),
(600, 592, 62, 15, 2, NULL, '2022-07-19 12:11:48', '2022-07-19 12:11:48', 'ec2b96c7-3fed-43bb-82f2-c403d1439718'),
(601, 592, 62, 15, 3, NULL, '2022-07-19 12:11:48', '2022-07-19 12:11:48', '6aed0eeb-e5b7-40fd-9be1-c57619719f23'),
(629, 628, 23, 8, 1, NULL, '2022-07-24 19:52:11', '2022-07-24 19:52:11', 'c6602955-1f6f-4e7b-b2e4-0644012d5fcc'),
(630, 628, 27, 9, 1, NULL, '2022-07-24 19:52:11', '2022-07-24 19:52:11', '16539fa3-223c-4854-8804-2eb1bc21a406'),
(631, 628, 27, 9, 2, NULL, '2022-07-24 19:52:11', '2022-07-24 19:52:11', 'f9d27095-3f56-48ac-b4a2-91dfab23f5e3'),
(632, 628, 62, 15, 1, NULL, '2022-07-24 19:52:11', '2022-07-24 19:52:11', 'd145b31d-b5a7-4b12-90c7-bea2e9852a55'),
(633, 628, 62, 15, 2, NULL, '2022-07-24 19:52:11', '2022-07-24 19:52:11', 'a52c43e7-d35b-4ad8-add1-ba0dcc4b9333'),
(634, 628, 62, 15, 3, NULL, '2022-07-24 19:52:11', '2022-07-24 19:52:11', 'aad67cd9-6dc3-42d4-ad7c-2af5f8597201'),
(648, 1, 23, 8, 2, NULL, '2022-07-24 19:53:08', '2022-07-24 19:53:08', 'b222f409-cee2-4720-8538-c4a051867df0'),
(650, 649, 23, 8, 1, NULL, '2022-07-24 19:53:08', '2022-07-24 19:53:08', '20e340e1-1f84-4637-a515-ba85bff6495c'),
(651, 649, 23, 8, 2, NULL, '2022-07-24 19:53:09', '2022-07-24 19:53:09', '41e9af5c-ebb9-445a-956d-358637f8db94'),
(652, 649, 27, 9, 1, NULL, '2022-07-24 19:53:09', '2022-07-24 19:53:09', 'a94f5dfd-0d01-46ff-b735-cc4b2b47f6f0'),
(653, 649, 27, 9, 2, NULL, '2022-07-24 19:53:09', '2022-07-24 19:53:09', 'd43c58af-8bd3-4eb4-95a9-213919123b55'),
(654, 649, 62, 15, 1, NULL, '2022-07-24 19:53:09', '2022-07-24 19:53:09', 'd8ca359e-7aca-40d6-84b3-397d0609e757'),
(655, 649, 62, 15, 2, NULL, '2022-07-24 19:53:09', '2022-07-24 19:53:09', 'fadf679e-4b85-49b8-b7d1-89a3690f0c0e'),
(656, 649, 62, 15, 3, NULL, '2022-07-24 19:53:09', '2022-07-24 19:53:09', '60a17d58-9a08-4fd6-a9a3-0b1e31423955');

INSERT INTO `matrixblocktypes` (`id`, `fieldId`, `fieldLayoutId`, `name`, `handle`, `sortOrder`, `dateCreated`, `dateUpdated`, `uid`) VALUES
(7, 17, 17, 'Link', 'link', 1, '2022-07-11 14:14:12', '2022-07-11 14:14:12', '6d9587dd-3c88-43bd-a6d1-a406042f785c'),
(8, 23, 20, 'Info Card', 'infoCard', 1, '2022-07-12 09:50:10', '2022-07-12 10:17:14', 'e983668e-da41-4c60-8f3f-1062d10a2093'),
(9, 27, 21, 'Price', 'price', 1, '2022-07-12 12:05:01', '2022-07-12 12:05:01', '2a4797dc-df0a-4834-ab6d-76f4c86182e6'),
(12, 50, 26, 'Link Footer', 'linkFooter', 1, '2022-07-14 17:38:09', '2022-07-14 17:38:09', 'd9f25314-9fad-4839-b8bb-8159c7bda381'),
(14, 58, 28, 'Info Card Mobile', 'infoCardMobile', 1, '2022-07-15 16:20:51', '2022-07-15 16:20:51', '3bace5b2-b349-43e4-8abb-441e7be0b37a'),
(15, 62, 34, 'SliderText', 'slidertext', 1, '2022-07-19 07:35:30', '2022-07-19 07:35:30', 'a5cbfbab-d6bd-4853-b176-faf454b6bf2a');

INSERT INTO `matrixcontent_infocards` (`id`, `elementId`, `siteId`, `dateCreated`, `dateUpdated`, `uid`, `field_infoCard_infoHeadline`, `field_infoCard_infoDescription`) VALUES
(1, 30, 1, '2022-07-12 09:56:10', '2022-07-12 09:56:10', 'fbb8b224-d19a-4795-9669-5c919a7f0fa5', NULL, NULL),
(2, 32, 1, '2022-07-12 09:56:59', '2022-07-12 09:56:59', '42e98032-96d8-4824-86b7-4ee717595724', NULL, NULL),
(3, 33, 1, '2022-07-12 09:57:17', '2022-07-12 09:57:17', 'f1b2dd3b-811a-4e62-be0c-61e73178658b', 'Klassische Massage', NULL),
(4, 34, 1, '2022-07-12 09:57:26', '2022-07-12 09:57:26', 'c019a0f9-5c1d-4869-9387-3dd0679a07a3', 'Klassische Massage', 'sit amet, consetetur sadipscing elitr, sed diam nonumy eirmod tempor invidun labore et dolore magna aliquyam erat  elitr, sed diam nonumy eirmod tempor invidunt ut labore et doloret ut labore et dolore magna aliquyam erat  elitr, sed diam nonumy eirmod tempor invidunt ut labore et dolore magna aliquyam erat'),
(5, 35, 1, '2022-07-12 09:57:29', '2022-07-12 09:57:29', '648d697b-a801-4873-8736-6180b96a9d42', 'Klassische Massage', 'sit amet, consetetur sadipscing elitr, sed diam nonumy eirmod tempor invidun labore et dolore magna aliquyam erat  elitr, sed diam nonumy eirmod tempor invidunt ut labore et doloret ut labore et dolore magna aliquyam erat  elitr, sed diam nonumy eirmod tempor invidunt ut labore et dolore magna al'),
(6, 36, 1, '2022-07-12 09:57:34', '2022-07-12 09:57:34', '16022d14-972c-47cb-b15c-e86b0b2e815f', 'Klassische Massage', 'sit amet, consetetur sadipscing elitr, sed diam nonumy eirmod tempor invidun labore et dolore magna aliquyam erat  elitr, sed diam nonumy eirmod tempor invidunt ut labore et doloret ut labore et dolore magna aliquyam erat  elitr, sed diam nonumy eirm'),
(7, 37, 1, '2022-07-12 09:57:38', '2022-07-12 09:57:38', '589fc276-1b37-4f46-b61c-b5f401da834f', 'Klassische Massage', 'sit amet, consetetur sadipscing elitr, sed diam nonumy eirmod tempor invidun labore et dolore magna aliquyam erat  elitr, sed diam nonumy eirmod tempor invidunt ut labore et doloret ut labore et dolore magna al'),
(8, 38, 1, '2022-07-12 09:57:39', '2022-07-12 09:57:39', '1e933159-1c08-4013-be96-15060482efe1', 'Klassische Massage', 'sit amet, consetetur sadipscing elitr, sed diam nonumy eirmod tempor invidun labore et dolore magna aliquyam erat  elitr, sed diam nonumy eirmod tempor invidunt ut labore et doloret ut labore et dolore magn'),
(9, 39, 1, '2022-07-12 09:57:42', '2022-07-12 09:57:42', '45d3a91f-7b88-4539-a433-3ae1697f1061', 'Klassische Massage', 'sit amet, consetetur sadipscing elitr, sed diam nonumy eirmod tempor invidun labore et dolore magna aliquyam erat  elitr, sed diam nonumy eirmod tempor invidunt ut labore et doloret ut labore et dolore magnioaJheDFSKJYHSJKDFHSAKCJ'),
(11, 41, 1, '2022-07-12 09:57:53', '2022-07-24 19:53:08', 'f1edaaef-0775-48fe-addc-145750389819', 'Klassische Massage', 'sit amet, consetetur sadipscing elitr, sed diam nonumy eirmod tempor invidun labore et dolore magna aliq'),
(14, 46, 1, '2022-07-12 09:58:09', '2022-07-12 09:58:09', 'e653c6ba-2e00-4044-ab5e-6c1250650f8c', NULL, NULL),
(15, 47, 1, '2022-07-12 09:58:16', '2022-07-12 09:58:16', 'ed21581c-461d-4bf4-9d25-963f7e9b8f07', NULL, NULL),
(16, 48, 1, '2022-07-12 09:58:23', '2022-07-12 09:58:23', '396dae3c-1641-44ee-bf30-ffebdc66b725', 'Klassische Massage', NULL),
(18, 50, 1, '2022-07-12 09:58:34', '2022-07-19 07:38:02', '6f7b2e33-b1c0-4613-97ad-8469c9ebc521', 'Example 2', 'Example 2'),
(117, 423, 1, '2022-07-18 09:42:19', '2022-07-18 09:42:19', '6b8da51c-0158-417c-ba4e-85948a08518c', NULL, NULL),
(118, 424, 1, '2022-07-18 09:42:24', '2022-07-18 09:42:24', '087c461f-b4f3-43db-8389-70cd78522a2d', NULL, NULL),
(119, 425, 1, '2022-07-18 09:42:36', '2022-07-18 09:42:36', 'e27df0eb-4f0c-43fb-a52d-786b8e482733', 'Example', NULL),
(120, 426, 1, '2022-07-18 09:42:37', '2022-07-18 09:42:37', '5814f21d-50e4-4d84-ba8d-0616094f4d19', 'Example 3', NULL),
(121, 427, 1, '2022-07-18 09:42:42', '2022-07-18 09:42:42', '138009f0-5adb-4983-b70a-ab23ec40cf73', 'Example 3', 'Example'),
(122, 428, 1, '2022-07-18 09:42:43', '2022-07-18 09:42:43', 'b263d849-d00e-4f29-bc72-84d24b7d6ecf', 'Example 3', 'Example 3'),
(123, 429, 1, '2022-07-18 09:42:46', '2022-07-18 09:42:46', 'ab1d5c00-25af-4a76-84a0-80c139cdc758', 'Example 3', 'Example 3'),
(124, 430, 1, '2022-07-18 09:42:46', '2022-07-18 09:42:46', '6212417d-47ce-4ff7-825b-4f5cfb0394f2', NULL, NULL),
(125, 431, 1, '2022-07-18 09:42:52', '2022-07-18 09:42:52', '78ba7ad4-01a1-4fe2-a8ca-28a95aed46c3', 'Example 3', 'Example 3'),
(126, 432, 1, '2022-07-18 09:42:52', '2022-07-18 09:42:52', 'bc1c3075-28df-4a0e-a1a4-d845b7d7148d', NULL, NULL),
(127, 433, 1, '2022-07-18 09:42:56', '2022-07-18 09:42:56', '69289d51-4d05-4739-b529-fc558da25d55', 'Example 3', 'Example 3'),
(128, 434, 1, '2022-07-18 09:42:56', '2022-07-18 09:42:56', '3bd257d1-bb09-407e-98c1-5a70ec882f02', 'Example 4', NULL),
(129, 435, 1, '2022-07-18 09:43:00', '2022-07-18 09:43:00', '6d18d09f-8dcd-4d8d-b1c4-ed57b5789f99', 'Example 3', 'Example 3'),
(130, 436, 1, '2022-07-18 09:43:01', '2022-07-18 09:43:01', '5511ad34-f903-4f88-b817-934a408268d9', 'Example 4', 'EWxample4'),
(131, 437, 1, '2022-07-18 09:43:04', '2022-07-18 09:43:04', 'a65dc0f1-c8d8-48f9-9a88-8be7e4fe2c47', 'Example 3', 'Example 3'),
(132, 438, 1, '2022-07-18 09:43:04', '2022-07-18 09:43:04', 'ee93f2a7-7223-43dd-9cab-c63f281a65bb', 'Example 4', 'Eample4'),
(135, 441, 1, '2022-07-18 09:43:09', '2022-07-19 07:38:02', '099ecc3c-981e-4b73-8e61-218543788e01', 'Example 3', 'Example 3'),
(136, 442, 1, '2022-07-18 09:43:09', '2022-07-19 07:38:02', '2058b573-63fa-4234-8ca7-4d0ac44434b4', 'Example 4', 'Example4'),
(169, 549, 1, '2022-07-19 07:38:04', '2022-07-19 07:38:04', 'c418f59a-befc-4814-b3ea-8054a2a00ef4', 'Klassische Massage', 'sit amet, consetetur sadipscing elitr, sed diam nonumy eirmod tempor invidun labore et dolore magna aliq'),
(170, 550, 1, '2022-07-19 07:38:04', '2022-07-19 07:38:04', '6699b47a-b41f-4198-bd47-cc687956775a', 'Example 2', 'Example 2'),
(171, 551, 1, '2022-07-19 07:38:04', '2022-07-19 07:38:04', 'ce13797c-f811-464f-9544-e98013cf9d8d', 'Example 3', 'Example 3'),
(172, 552, 1, '2022-07-19 07:38:04', '2022-07-19 07:38:04', '50f6dd24-4851-4a21-8f0c-eb7279bffefe', 'Example 4', 'Example4'),
(173, 573, 1, '2022-07-19 12:10:07', '2022-07-19 12:10:07', '9ac59000-7bec-4993-9b98-dae16a025736', 'Klassische Massage', 'sit amet, consetetur sadipscing elitr, sed diam nonumy eirmod tempor invidun labore et dolore magna aliq'),
(174, 574, 1, '2022-07-19 12:10:08', '2022-07-19 12:10:08', '78a42b75-9d50-47de-a01a-0c5e1bc350ed', 'Example 2', 'Example 2'),
(175, 575, 1, '2022-07-19 12:10:08', '2022-07-19 12:10:08', '7723bacd-2e87-4c9e-910d-a95a5f277253', 'Example 3', 'Example 3'),
(176, 576, 1, '2022-07-19 12:10:08', '2022-07-19 12:10:08', '56d8bc8a-d3c7-4b1a-b0ce-d97fc980ece8', 'Example 4', 'Example4'),
(181, 593, 1, '2022-07-19 12:11:47', '2022-07-19 12:11:47', '4f774bde-04fb-4022-a18c-f933e3e834ec', 'Klassische Massage', 'sit amet, consetetur sadipscing elitr, sed diam nonumy eirmod tempor invidun labore et dolore magna aliq'),
(182, 594, 1, '2022-07-19 12:11:47', '2022-07-19 12:11:47', '04193591-466a-440a-a887-31f000f47467', 'Example 2', 'Example 2'),
(183, 595, 1, '2022-07-19 12:11:47', '2022-07-19 12:11:47', '64083278-918d-42ae-8f00-1b869bb137a5', 'Example 3', 'Example 3'),
(184, 596, 1, '2022-07-19 12:11:47', '2022-07-19 12:11:47', 'f823b4cc-74c6-4cbe-9b61-81302b115065', 'Example 4', 'Example4'),
(186, 619, 1, '2022-07-24 19:51:16', '2022-07-24 19:51:16', 'e9fe488e-0f61-4f71-8805-855b71638152', 'Example 2', 'Example 2'),
(187, 620, 1, '2022-07-24 19:51:16', '2022-07-24 19:51:16', '6bd63672-8a75-4d0e-a935-82467c56eb29', 'Example 3', 'Example 3'),
(188, 621, 1, '2022-07-24 19:51:16', '2022-07-24 19:51:16', '8fbc99eb-309f-4b0e-beaf-ecd62f9d2be8', 'Example 4', 'Example4'),
(189, 627, 1, '2022-07-24 19:51:24', '2022-07-24 19:51:24', '1522c0ff-9b30-4ad1-b988-c4ec62a75abd', NULL, NULL),
(190, 629, 1, '2022-07-24 19:52:11', '2022-07-24 19:52:11', 'f4334fe9-afc6-42b4-9de0-a8df74d14152', 'Klassische Massage', 'sit amet, consetetur sadipscing elitr, sed diam nonumy eirmod tempor invidun labore et dolore magna aliq'),
(192, 642, 1, '2022-07-24 19:52:37', '2022-07-24 19:52:37', 'f930e963-6f28-4a11-9d9e-73daa6481877', NULL, NULL),
(193, 643, 1, '2022-07-24 19:52:45', '2022-07-24 19:52:45', 'fb0ca556-9e27-4d27-917e-3a119cec5b0b', NULL, NULL),
(194, 644, 1, '2022-07-24 19:52:59', '2022-07-24 19:52:59', 'c17aef26-5181-4f21-bfac-45ceadac6549', 'he', NULL),
(195, 645, 1, '2022-07-24 19:53:00', '2022-07-24 19:53:00', '62aa6a2b-14c2-4457-8c82-049228bb6dab', 'te', NULL),
(196, 646, 1, '2022-07-24 19:53:01', '2022-07-24 19:53:01', 'aee2b511-53d7-4461-9a28-b1d0efc7f112', 'test', NULL),
(198, 648, 1, '2022-07-24 19:53:08', '2022-07-24 19:53:08', '3d2bd254-f9d4-4140-af7d-cd56654fa375', 'test', 'hsjhjksh'),
(199, 650, 1, '2022-07-24 19:53:08', '2022-07-24 19:53:08', 'd23da900-a8ca-4a12-9676-34c31a2bad8f', 'Klassische Massage', 'sit amet, consetetur sadipscing elitr, sed diam nonumy eirmod tempor invidun labore et dolore magna aliq'),
(200, 651, 1, '2022-07-24 19:53:09', '2022-07-24 19:53:09', '46578f53-dffd-48e9-b6db-86d4bdab1663', 'test', 'hsjhjksh');

INSERT INTO `matrixcontent_infocardsmobile` (`id`, `elementId`, `siteId`, `dateCreated`, `dateUpdated`, `uid`, `field_infoCardMobile_infoCardMobileH2`, `field_infoCardMobile_infoCardMobileDescription`) VALUES
(1, 340, 1, '2022-07-15 16:22:12', '2022-07-15 16:22:12', '7b557e71-dbd9-46ba-8b5e-09f5f67d7efd', 'Test Active', NULL),
(2, 341, 1, '2022-07-15 16:22:18', '2022-07-15 16:22:18', 'eddeed79-a531-4498-bc81-103a393846bf', 'Test Active', NULL),
(3, 342, 1, '2022-07-15 16:22:32', '2022-07-15 16:22:32', '92f49038-1578-4e79-b6e8-1e3dae45b697', 'Test Active', '<p>Hallo Test</p>'),
(5, 344, 1, '2022-07-15 16:22:41', '2022-07-15 16:22:41', '25becc58-14d8-4876-8cba-7eadf28e449f', 'Test Active', '<p>Hallo Test Card 1</p>');

INSERT INTO `matrixcontent_navlink` (`id`, `elementId`, `siteId`, `dateCreated`, `dateUpdated`, `uid`, `field_link_linkText`) VALUES
(1, 16, 1, '2022-07-11 14:35:00', '2022-07-24 20:03:17', '9b431ba2-1812-4d92-87e3-c98161f26d9e', 'ber mich'),
(2, 326, 1, '2022-07-14 17:15:36', '2022-07-24 20:03:17', 'b9ac8781-2396-4a62-850a-4a0ab552d0ae', 'Meine Leistungen'),
(3, 328, 1, '2022-07-14 17:32:30', '2022-07-19 08:52:46', '1979b5f8-3de1-4372-9f21-d69155d58ab6', 'ber mich'),
(4, 392, 1, '2022-07-18 08:02:32', '2022-07-24 20:03:17', '8b08b41c-95fd-4c77-b417-e63a0d50a7cf', 'Gutscheine'),
(5, 400, 1, '2022-07-18 08:07:54', '2022-07-24 20:03:17', '87be1139-04c1-419e-8ddc-ff6a65ecee22', 'Kontaktiere mich'),
(6, 487, 1, '2022-07-18 22:07:55', '2022-07-24 20:03:17', 'efcb72f6-084d-4bab-9cd9-4c6df453e9dc', 'Home'),
(7, 488, 1, '2022-07-18 22:08:43', '2022-07-19 08:52:46', '45797055-7d71-41e3-bb4a-0fbd1d213774', 'Meine Leistungen'),
(8, 489, 1, '2022-07-18 22:08:43', '2022-07-19 08:52:47', '21f5d9e7-421f-4800-878f-fa5ce4eaac07', 'Gutscheine'),
(9, 490, 1, '2022-07-18 22:08:43', '2022-07-19 08:52:47', '00207711-4e18-4f7c-ae05-f2ce2d2092c5', 'Kontakt');

INSERT INTO `matrixcontent_navlinkfooter` (`id`, `elementId`, `siteId`, `dateCreated`, `dateUpdated`, `uid`, `field_linkFooter_linkTextFooter_nrdnyegy`) VALUES
(1, 329, 1, '2022-07-14 17:39:59', '2022-07-19 08:52:47', '16d66f48-6b95-44ff-b351-3206a2521df7', 'Impressum'),
(2, 571, 1, '2022-07-19 08:52:47', '2022-07-19 08:52:47', 'f9b2591e-c83a-4a98-a1c0-638a554bed38', 'Datenschutz');

INSERT INTO `matrixcontent_prices` (`id`, `elementId`, `siteId`, `dateCreated`, `dateUpdated`, `uid`, `field_price_euronen_zmzwgtqq`, `field_price_stunden_zcroapgg`) VALUES
(1, 72, 1, '2022-07-12 12:09:28', '2022-07-12 12:09:28', '02963b48-45ec-4cc0-ba83-5996160392ad', NULL, NULL),
(2, 73, 1, '2022-07-12 12:09:32', '2022-07-12 12:09:32', '678a5953-8970-4607-9ead-42e4f6739a7a', '60', NULL),
(3, 74, 1, '2022-07-12 12:09:36', '2022-07-12 12:09:36', 'fe860c7d-2232-4462-a8c0-69968dd1c4ee', '60', '430'),
(4, 75, 1, '2022-07-12 12:09:37', '2022-07-12 12:09:37', '92f99a52-2752-46a0-955f-01dbd139e48b', '60', '4'),
(5, 76, 1, '2022-07-12 12:09:39', '2022-07-12 12:09:39', 'ca35c2de-319e-4a3e-9fbd-fdd53e29eb3c', '60', '420'),
(6, 77, 1, '2022-07-12 12:09:43', '2022-07-12 12:09:43', '947ea5e0-ab76-40fa-bb50-d98729463723', '69', '420'),
(7, 78, 1, '2022-07-12 12:09:49', '2022-07-12 12:09:49', '8275b871-c897-41a4-b425-ddd8e9ac8984', '69', '420'),
(8, 79, 1, '2022-07-12 12:09:49', '2022-07-12 12:09:49', 'd69bca4b-98f2-413e-8813-130bdf9e8406', NULL, NULL),
(9, 80, 1, '2022-07-12 12:09:54', '2022-07-12 12:09:54', '8c6c77a5-dfd0-4e38-8607-41892b709480', '69', '420'),
(10, 81, 1, '2022-07-12 12:09:54', '2022-07-12 12:09:54', '1ddeae3e-089a-4794-b9fe-f284244652d3', '5', NULL),
(11, 82, 1, '2022-07-12 12:09:54', '2022-07-12 12:09:54', '1899451b-2496-448c-9363-bd94da55226d', '69', '420'),
(12, 83, 1, '2022-07-12 12:09:55', '2022-07-12 12:09:55', '4b201b70-0dd0-47e8-8eea-1bcb086c4172', '71', NULL),
(15, 86, 1, '2022-07-12 12:10:36', '2022-07-19 07:38:02', '72dbc378-8f93-4cd6-b8e5-698e893d435c', '40', '60'),
(16, 87, 1, '2022-07-12 12:10:36', '2022-07-19 07:38:03', '28d3cf8a-c288-4895-ad97-2ba5e711bb4a', '70', '90'),
(117, 553, 1, '2022-07-19 07:38:04', '2022-07-19 07:38:04', 'fbac29a3-ed6b-48f0-98d2-6b5dec5028c6', '40', '60'),
(118, 554, 1, '2022-07-19 07:38:05', '2022-07-19 07:38:05', '2de9b24d-4589-4cdd-aa28-3c6dc10ff300', '70', '90'),
(119, 577, 1, '2022-07-19 12:10:08', '2022-07-19 12:10:08', 'a2983fa3-d62a-4d00-89bd-57867aece5c7', '40', '60'),
(120, 578, 1, '2022-07-19 12:10:08', '2022-07-19 12:10:08', '22858c93-a7a5-4560-bfcf-f29845739f25', '70', '90'),
(123, 597, 1, '2022-07-19 12:11:47', '2022-07-19 12:11:47', 'f8d077e2-bf85-4cf4-a426-f4d7f53519bd', '40', '60'),
(124, 598, 1, '2022-07-19 12:11:47', '2022-07-19 12:11:47', '32e8fa06-95b6-47ac-8aab-ee94859c9544', '70', '90'),
(127, 630, 1, '2022-07-24 19:52:11', '2022-07-24 19:52:11', '02d10c74-f78c-4fde-9821-b3204ed129aa', '40', '60'),
(128, 631, 1, '2022-07-24 19:52:11', '2022-07-24 19:52:11', '1276a501-0391-4487-abce-390d4d286107', '70', '90'),
(131, 652, 1, '2022-07-24 19:53:09', '2022-07-24 19:53:09', 'fe868c1f-cc4d-485a-8d71-46a74bb6088b', '40', '60'),
(132, 653, 1, '2022-07-24 19:53:09', '2022-07-24 19:53:09', '2a35e095-c818-4124-89f7-9e6edbc0782b', '70', '90');

INSERT INTO `matrixcontent_slidertexts` (`id`, `elementId`, `siteId`, `dateCreated`, `dateUpdated`, `uid`, `field_slidertext_sliderContent_zhfttumn`) VALUES
(1, 514, 1, '2022-07-19 07:37:01', '2022-07-19 07:37:01', '904531f2-5176-4951-a9fe-d43e859130b6', NULL),
(2, 515, 1, '2022-07-19 07:37:05', '2022-07-19 07:37:05', '4fd05a55-b54c-4962-a71a-d679bbe54d3c', '<p></p>'),
(3, 516, 1, '2022-07-19 07:37:10', '2022-07-19 07:37:10', '2cc1983d-8a28-423f-a751-822fe28b2009', NULL),
(4, 517, 1, '2022-07-19 07:37:15', '2022-07-19 07:37:15', '1a680b42-2d77-4959-9637-0f9d39d7a3d5', '<h2>Tes</h2>'),
(5, 518, 1, '2022-07-19 07:37:16', '2022-07-19 07:37:16', 'd923fdbe-8614-4c29-9f44-5e6557e5acdf', '<h2>Test</h2>'),
(6, 519, 1, '2022-07-19 07:37:17', '2022-07-19 07:37:17', '24c48e24-63d1-4d0d-95f4-d69a275ae52d', '<h2>Test1</h2>'),
(7, 520, 1, '2022-07-19 07:37:19', '2022-07-19 07:37:19', 'b1f3f7f0-7e74-4d16-bcb3-381a6617836d', '<h2>Test1</h2>'),
(8, 521, 1, '2022-07-19 07:37:21', '2022-07-19 07:37:21', '1acff900-1225-45fc-855b-e9d56ab61999', '<h2>Test1</h2><h2>Hey</h2>'),
(9, 522, 1, '2022-07-19 07:37:22', '2022-07-19 07:37:22', '33a0f8bd-03f1-45cc-81a5-5dafd8677ace', '<h2>Test1</h2>'),
(10, 523, 1, '2022-07-19 07:37:24', '2022-07-19 07:37:24', 'eb4be791-e047-4741-a883-0ce259976bee', '<h2>Test1</h2><h2>Ich</h2>'),
(11, 524, 1, '2022-07-19 07:37:28', '2022-07-19 07:37:28', '66f8e23a-a28f-4781-9f0c-ee6d3c0f945b', '<h2>Test1</h2><h2>Ich bin begeistert</h2>'),
(12, 525, 1, '2022-07-19 07:37:32', '2022-07-19 07:37:32', '3f5d35ed-f68e-4a21-8fb3-e3f34cb75f84', '<h2>Test1</h2>\n<p>Ich bin begeistert</p>'),
(13, 526, 1, '2022-07-19 07:37:34', '2022-07-19 07:37:34', '491ff7a2-a2fa-4357-b9b5-8c4d698e2f3c', '<h2>Test1</h2>\n<p>Ich bin begeistert</p>'),
(14, 527, 1, '2022-07-19 07:37:34', '2022-07-19 07:37:34', '6879d352-7896-414f-8b97-cae7d9c43ec4', NULL),
(15, 528, 1, '2022-07-19 07:37:38', '2022-07-19 07:37:38', '8a0db7b7-1318-4d9c-bb08-a04d049b00cb', '<h2>Test1</h2>\n<p>Ich bin begeistert</p>'),
(16, 529, 1, '2022-07-19 07:37:38', '2022-07-19 07:37:38', 'e80a79f8-6d05-45fc-9b6b-5ce8b5053574', '<p>Test</p>'),
(17, 530, 1, '2022-07-19 07:37:40', '2022-07-19 07:37:40', 'c38d235a-50ee-41ab-b24f-3a840a7f6bb4', '<h2>Test1</h2>\n<p>Ich bin begeistert</p>'),
(18, 531, 1, '2022-07-19 07:37:40', '2022-07-19 07:37:40', 'c469918f-3077-46d9-9ca4-ff6327549450', '<p>Test2</p>'),
(19, 532, 1, '2022-07-19 07:37:48', '2022-07-19 07:37:48', 'e878cf96-4ec8-4473-a612-5742de4cdc78', '<h2>Test1</h2>\n<p>Ich bin begeistert</p>'),
(20, 533, 1, '2022-07-19 07:37:48', '2022-07-19 07:37:48', '94ae5499-04ef-4c18-ba62-fa0715f8406f', '<h2>Test1</h2>\n<p>Ich bin begeistert</p>\n'),
(21, 534, 1, '2022-07-19 07:37:50', '2022-07-19 07:37:50', '91aef8f2-482b-43d0-a8e6-ba71ceef222e', '<h2>Test1</h2>\n<p>Ich bin begeistert</p>'),
(22, 535, 1, '2022-07-19 07:37:50', '2022-07-19 07:37:50', 'e3ef50aa-5542-43c6-a3c9-41f6bcf3231f', '<h2>Test2</h2>\n<p>Ich bin begeistert</p>\n'),
(23, 536, 1, '2022-07-19 07:37:51', '2022-07-19 07:37:51', 'a8bfc8b2-74de-4af4-99e0-fba71c1fafa3', '<h2>Test1</h2>\n<p>Ich bin begeistert</p>'),
(24, 537, 1, '2022-07-19 07:37:51', '2022-07-19 07:37:51', '25cbb187-7f9f-4f2f-a2ca-55f517fc6b8d', '<h2>Test2</h2>\n<p>Ich bin begeistert</p>\n'),
(25, 538, 1, '2022-07-19 07:37:51', '2022-07-19 07:37:51', '1ff6bbd1-ba35-4ed9-a8bc-ff5ba4425b4e', NULL),
(26, 539, 1, '2022-07-19 07:37:54', '2022-07-19 07:37:54', '7b3580b4-4d4b-4f4e-a035-0c0d68822c9e', '<h2>Test1</h2>\n<p>Ich bin begeistert</p>'),
(27, 540, 1, '2022-07-19 07:37:54', '2022-07-19 07:37:54', 'e64b12fd-5f1d-4c6b-ac1f-489ca6e7b237', '<h2>Test2</h2>\n<p>Ich bin begeistert</p>\n'),
(28, 541, 1, '2022-07-19 07:37:54', '2022-07-19 07:37:54', '4e403d78-05c5-4a25-b445-167f4212bd22', '<h2>Test1</h2>\n<p>Ich bin begeistert</p>'),
(32, 545, 1, '2022-07-19 07:38:03', '2022-07-19 07:38:03', 'beb0f776-0863-4d74-b058-dcee203a1d7b', '<h2>Test1</h2>\n<p>Ich bin begeistert</p>'),
(33, 546, 1, '2022-07-19 07:38:03', '2022-07-19 07:38:03', '772a054b-f47e-4e08-82ea-e69be38434fc', '<h2>Test2</h2>\n<p>Ich bin begeistert</p>\n'),
(34, 547, 1, '2022-07-19 07:38:03', '2022-07-19 07:38:03', '7b64da6e-fa4f-46df-be9e-eea4710f718d', '<h2>Test3</h2>\n<p>Ich bin begeistert</p>'),
(35, 555, 1, '2022-07-19 07:38:05', '2022-07-19 07:38:05', '17a2ace0-a01e-4158-aecb-db4b7e8b0e21', '<h2>Test1</h2>\n<p>Ich bin begeistert</p>'),
(36, 556, 1, '2022-07-19 07:38:05', '2022-07-19 07:38:05', '83d11ffc-d557-41a4-aa8c-67768b73a884', '<h2>Test2</h2>\n<p>Ich bin begeistert</p>\n'),
(37, 557, 1, '2022-07-19 07:38:05', '2022-07-19 07:38:05', '9f751d18-732b-45fd-a159-4a73da23a42b', '<h2>Test3</h2>\n<p>Ich bin begeistert</p>'),
(38, 579, 1, '2022-07-19 12:10:08', '2022-07-19 12:10:08', 'aa3c98fd-c926-4b36-bc4c-8fe7f0df85e3', '<h2>Test1</h2>\n<p>Ich bin begeistert</p>'),
(39, 580, 1, '2022-07-19 12:10:08', '2022-07-19 12:10:08', '8974d169-766f-4a7e-9012-9205d78df322', '<h2>Test2</h2>\n<p>Ich bin begeistert</p>\n'),
(40, 581, 1, '2022-07-19 12:10:08', '2022-07-19 12:10:08', '3d4e415a-930c-4ab3-b9f2-f275eed73838', '<h2>Test3</h2>\n<p>Ich bin begeistert</p>'),
(44, 599, 1, '2022-07-19 12:11:48', '2022-07-19 12:11:48', 'adcbf5eb-e0a9-4410-aa76-962509d7eda5', '<h2>Test1</h2>\n<p>Ich bin begeistert</p>'),
(45, 600, 1, '2022-07-19 12:11:48', '2022-07-19 12:11:48', 'd0272530-90c9-48c0-af08-610956ca23be', '<h2>Test2</h2>\n<p>Ich bin begeistert</p>\n'),
(46, 601, 1, '2022-07-19 12:11:48', '2022-07-19 12:11:48', 'bb869975-8c51-4022-9cfb-50ed8a8c0f1f', '<h2>Test3</h2>\n<p>Ich bin begeistert</p>'),
(50, 632, 1, '2022-07-24 19:52:11', '2022-07-24 19:52:11', '23cf3d19-ef87-48e1-a8da-6db4af29bf27', '<h2>Test1</h2>\n<p>Ich bin begeistert</p>'),
(51, 633, 1, '2022-07-24 19:52:11', '2022-07-24 19:52:11', '1079b7d3-154b-422d-96e6-e93eb66b4f30', '<h2>Test2</h2>\n<p>Ich bin begeistert</p>\n'),
(52, 634, 1, '2022-07-24 19:52:11', '2022-07-24 19:52:11', '8cf55f20-1a79-486e-8de9-385dc794f312', '<h2>Test3</h2>\n<p>Ich bin begeistert</p>'),
(56, 654, 1, '2022-07-24 19:53:09', '2022-07-24 19:53:09', '5fde4c87-2f4b-4870-9a67-2a8b979047c1', '<h2>Test1</h2>\n<p>Ich bin begeistert</p>'),
(57, 655, 1, '2022-07-24 19:53:09', '2022-07-24 19:53:09', '25c1e483-d48c-4574-a72e-50f1cc758c25', '<h2>Test2</h2>\n<p>Ich bin begeistert</p>\n'),
(58, 656, 1, '2022-07-24 19:53:09', '2022-07-24 19:53:09', 'b165d4b3-2113-4d03-a74e-c37eae81cb4a', '<h2>Test3</h2>\n<p>Ich bin begeistert</p>');

INSERT INTO `migrations` (`id`, `track`, `name`, `applyTime`, `dateCreated`, `dateUpdated`, `uid`) VALUES
(49, 'plugin:redactor', 'm180430_204710_remove_old_plugins', '2022-06-25 12:57:34', '2022-06-25 12:57:34', '2022-06-25 12:57:34', 'ae257f93-c0eb-4e8c-9aff-7e1f1c00f30c'),
(50, 'plugin:redactor', 'Install', '2022-06-25 12:57:34', '2022-06-25 12:57:34', '2022-06-25 12:57:34', 'bec083f1-7da6-4a7a-802f-982b09a91a2d'),
(51, 'plugin:redactor', 'm190225_003922_split_cleanup_html_settings', '2022-06-25 12:57:34', '2022-06-25 12:57:34', '2022-06-25 12:57:34', 'e4f010bd-c205-4227-87b7-7a763bc73a61'),
(52, 'plugin:seomatic', 'Install', '2022-06-25 12:57:34', '2022-06-25 12:57:34', '2022-06-25 12:57:34', '3ae5a6f5-c57f-4b91-badb-fb84158a4f27'),
(53, 'plugin:seomatic', 'm180314_002755_field_type', '2022-06-25 12:57:35', '2022-06-25 12:57:35', '2022-06-25 12:57:35', '5217afa6-35b8-4d71-b56c-1fcff0b08eff'),
(54, 'plugin:seomatic', 'm180314_002756_base_install', '2022-06-25 12:57:35', '2022-06-25 12:57:35', '2022-06-25 12:57:35', '059fc54c-3563-4581-b451-433fa55c1554'),
(55, 'plugin:seomatic', 'm180502_202319_remove_field_metabundles', '2022-06-25 12:57:35', '2022-06-25 12:57:35', '2022-06-25 12:57:35', 'e707af4d-394c-42a8-80d8-40198ad6f5bf'),
(56, 'plugin:seomatic', 'm180711_024947_commerce_products', '2022-06-25 12:57:35', '2022-06-25 12:57:35', '2022-06-25 12:57:35', '87494d93-a6f2-43d4-8ed1-fbcfbec8e0c2'),
(57, 'plugin:seomatic', 'm190401_220828_longer_handles', '2022-06-25 12:57:35', '2022-06-25 12:57:35', '2022-06-25 12:57:35', 'd2bd54b6-8572-4a13-9603-089cc2d9ff7b'),
(58, 'plugin:seomatic', 'm190518_030221_calendar_events', '2022-06-25 12:57:35', '2022-06-25 12:57:35', '2022-06-25 12:57:35', '8a2dee12-ce12-4160-955d-4a36926617d6'),
(59, 'plugin:seomatic', 'm200419_203444_add_type_id', '2022-06-25 12:57:35', '2022-06-25 12:57:35', '2022-06-25 12:57:35', 'f12cac41-53a0-43a9-82ad-926ef41e5daf'),
(60, 'plugin:seomatic', 'm210603_213100_add_gql_schema_components', '2022-06-25 12:57:35', '2022-06-25 12:57:35', '2022-06-25 12:57:35', 'cbf434a6-d786-4b96-a8f7-fc39ecf26818'),
(61, 'plugin:seomatic', 'm210817_230853_announcement_v3_4', '2022-06-25 12:57:35', '2022-06-25 12:57:35', '2022-06-25 12:57:35', 'eefbfb62-ca58-4e0b-b7d1-0b23eb9c0c00'),
(62, 'plugin:super-table', 'Install', '2022-06-25 12:57:35', '2022-06-25 12:57:35', '2022-06-25 12:57:35', 'd89cf810-6231-4fcb-b74d-7a857526fe8c'),
(63, 'plugin:super-table', 'm180210_000000_migrate_content_tables', '2022-06-25 12:57:35', '2022-06-25 12:57:35', '2022-06-25 12:57:35', '57078ffb-3d6d-43ee-bd04-9c40afb9928b'),
(64, 'plugin:super-table', 'm180211_000000_type_columns', '2022-06-25 12:57:35', '2022-06-25 12:57:35', '2022-06-25 12:57:35', '41e4775e-f67c-42ee-b891-96d18a0bc24c'),
(65, 'plugin:super-table', 'm180219_000000_sites', '2022-06-25 12:57:35', '2022-06-25 12:57:35', '2022-06-25 12:57:35', '67764a24-95dc-40b8-872b-e495d462d4e0'),
(66, 'plugin:super-table', 'm180220_000000_fix_context', '2022-06-25 12:57:35', '2022-06-25 12:57:35', '2022-06-25 12:57:35', 'fd4e7937-9148-4f9b-bf60-d0a03c5ada13'),
(67, 'plugin:super-table', 'm190117_000000_soft_deletes', '2022-06-25 12:57:35', '2022-06-25 12:57:35', '2022-06-25 12:57:35', '5778c8d2-6e5d-47cd-9ac4-956f40b1b4ce'),
(68, 'plugin:super-table', 'm190117_000001_context_to_uids', '2022-06-25 12:57:35', '2022-06-25 12:57:35', '2022-06-25 12:57:35', '621fad65-09f3-439f-a9ae-d8e79325394c'),
(69, 'plugin:super-table', 'm190120_000000_fix_supertablecontent_tables', '2022-06-25 12:57:35', '2022-06-25 12:57:35', '2022-06-25 12:57:35', 'b3840101-9aef-4ef7-8b5d-015a0f25964b'),
(70, 'plugin:super-table', 'm190131_000000_fix_supertable_missing_fields', '2022-06-25 12:57:35', '2022-06-25 12:57:35', '2022-06-25 12:57:35', '46a28b11-f347-417c-a6d9-9165cc713061'),
(71, 'plugin:super-table', 'm190227_100000_fix_project_config', '2022-06-25 12:57:35', '2022-06-25 12:57:35', '2022-06-25 12:57:35', 'd266f27b-0a4d-4db7-bc96-f025b5de7f89'),
(72, 'plugin:super-table', 'm190511_100000_fix_project_config', '2022-06-25 12:57:35', '2022-06-25 12:57:35', '2022-06-25 12:57:35', 'd26eac6a-0e7a-49a9-97c2-0913e8b932e3'),
(73, 'plugin:super-table', 'm190520_000000_fix_project_config', '2022-06-25 12:57:35', '2022-06-25 12:57:35', '2022-06-25 12:57:35', 'c9e7e520-9bad-4928-ad09-7164aced88a8'),
(74, 'plugin:super-table', 'm190714_000000_propagation_method', '2022-06-25 12:57:35', '2022-06-25 12:57:35', '2022-06-25 12:57:35', '10a9a8c0-f9a2-45bb-a7e3-74679a86bfad'),
(75, 'plugin:super-table', 'm191127_000000_fix_width', '2022-06-25 12:57:35', '2022-06-25 12:57:35', '2022-06-25 12:57:35', '971d7476-a9b1-4327-ba2f-cc03cb4d319c'),
(76, 'craft', 'Install', '2022-06-25 12:57:41', '2022-06-25 12:57:41', '2022-06-25 12:57:41', '6d18db9e-5b92-45de-a5ae-7cc5dfb2dd8d'),
(77, 'craft', 'm150403_183908_migrations_table_changes', '2022-06-25 12:57:41', '2022-06-25 12:57:41', '2022-06-25 12:57:41', 'f33a40e4-623c-4b55-a23e-8508403942ed'),
(78, 'craft', 'm150403_184247_plugins_table_changes', '2022-06-25 12:57:41', '2022-06-25 12:57:41', '2022-06-25 12:57:41', '22585991-6526-4bbc-98ba-8d02f2c2028e'),
(79, 'craft', 'm150403_184533_field_version', '2022-06-25 12:57:41', '2022-06-25 12:57:41', '2022-06-25 12:57:41', '7ba398f5-6446-4cf6-bef3-3f669f614b2a'),
(80, 'craft', 'm150403_184729_type_columns', '2022-06-25 12:57:41', '2022-06-25 12:57:41', '2022-06-25 12:57:41', 'baf230df-6245-409e-90d2-a7bc3fcd16d7'),
(81, 'craft', 'm150403_185142_volumes', '2022-06-25 12:57:41', '2022-06-25 12:57:41', '2022-06-25 12:57:41', 'f41965cf-28ef-4875-99d0-b454a4339c35'),
(82, 'craft', 'm150428_231346_userpreferences', '2022-06-25 12:57:41', '2022-06-25 12:57:41', '2022-06-25 12:57:41', '9f12df15-45e3-4752-8683-a708666f768e'),
(83, 'craft', 'm150519_150900_fieldversion_conversion', '2022-06-25 12:57:41', '2022-06-25 12:57:41', '2022-06-25 12:57:41', 'c26fa1e3-33f7-4247-b463-26b41b1bdf3b'),
(84, 'craft', 'm150617_213829_update_email_settings', '2022-06-25 12:57:41', '2022-06-25 12:57:41', '2022-06-25 12:57:41', 'f1c65a6a-1e22-4cef-8a73-431e5847878c'),
(85, 'craft', 'm150721_124739_templatecachequeries', '2022-06-25 12:57:41', '2022-06-25 12:57:41', '2022-06-25 12:57:41', 'b095daae-c633-4ca3-8285-ad8bb2f64efe'),
(86, 'craft', 'm150724_140822_adjust_quality_settings', '2022-06-25 12:57:41', '2022-06-25 12:57:41', '2022-06-25 12:57:41', '4ef2f5d7-57d9-43aa-918f-900efff78196'),
(87, 'craft', 'm150815_133521_last_login_attempt_ip', '2022-06-25 12:57:41', '2022-06-25 12:57:41', '2022-06-25 12:57:41', '41d97143-0c5b-43fc-b4d9-d086bc83440c'),
(88, 'craft', 'm151002_095935_volume_cache_settings', '2022-06-25 12:57:41', '2022-06-25 12:57:41', '2022-06-25 12:57:41', '6ea52b04-429d-44e2-a8ee-2f258c0b7111'),
(89, 'craft', 'm151005_142750_volume_s3_storage_settings', '2022-06-25 12:57:41', '2022-06-25 12:57:41', '2022-06-25 12:57:41', 'd04de214-652d-4dd2-a59c-06a38bee6d4c'),
(90, 'craft', 'm151016_133600_delete_asset_thumbnails', '2022-06-25 12:57:41', '2022-06-25 12:57:41', '2022-06-25 12:57:41', '7c525f03-3289-4b1b-ae15-37863c765658'),
(91, 'craft', 'm151209_000000_move_logo', '2022-06-25 12:57:41', '2022-06-25 12:57:41', '2022-06-25 12:57:41', '1af994e9-8071-43ff-a172-89cb5c898e20'),
(92, 'craft', 'm151211_000000_rename_fileId_to_assetId', '2022-06-25 12:57:41', '2022-06-25 12:57:41', '2022-06-25 12:57:41', 'da13d7d2-d42f-4d46-881b-0b5b37662609'),
(93, 'craft', 'm151215_000000_rename_asset_permissions', '2022-06-25 12:57:41', '2022-06-25 12:57:41', '2022-06-25 12:57:41', '2073c368-51df-4d45-a50b-449b783a436b'),
(94, 'craft', 'm160707_000001_rename_richtext_assetsource_setting', '2022-06-25 12:57:41', '2022-06-25 12:57:41', '2022-06-25 12:57:41', 'a6fe2210-3500-4d49-87ed-554e3f75a437'),
(95, 'craft', 'm160708_185142_volume_hasUrls_setting', '2022-06-25 12:57:41', '2022-06-25 12:57:41', '2022-06-25 12:57:41', '8429c983-babb-44c7-891c-852b1c278219'),
(96, 'craft', 'm160714_000000_increase_max_asset_filesize', '2022-06-25 12:57:41', '2022-06-25 12:57:41', '2022-06-25 12:57:41', '26aebb22-b1af-40ad-be37-6cc21df31c09'),
(97, 'craft', 'm160727_194637_column_cleanup', '2022-06-25 12:57:41', '2022-06-25 12:57:41', '2022-06-25 12:57:41', 'bbd09fd1-9eaa-4177-a75b-10a9d021b22f'),
(98, 'craft', 'm160804_110002_userphotos_to_assets', '2022-06-25 12:57:41', '2022-06-25 12:57:41', '2022-06-25 12:57:41', '42ebb090-0a96-46ea-bc74-874e60516739'),
(99, 'craft', 'm160807_144858_sites', '2022-06-25 12:57:41', '2022-06-25 12:57:41', '2022-06-25 12:57:41', '80e2d6bb-d76e-4274-bdf5-45faed41e3fe'),
(100, 'craft', 'm160829_000000_pending_user_content_cleanup', '2022-06-25 12:57:41', '2022-06-25 12:57:41', '2022-06-25 12:57:41', 'a7dfdc6c-d07e-4c1b-81f7-af215d401eeb'),
(101, 'craft', 'm160830_000000_asset_index_uri_increase', '2022-06-25 12:57:41', '2022-06-25 12:57:41', '2022-06-25 12:57:41', 'fd290e52-7ded-4992-9c0a-d5f381a114f5'),
(102, 'craft', 'm160912_230520_require_entry_type_id', '2022-06-25 12:57:41', '2022-06-25 12:57:41', '2022-06-25 12:57:41', '85d20007-c831-41f4-bbe9-e053a953658b'),
(103, 'craft', 'm160913_134730_require_matrix_block_type_id', '2022-06-25 12:57:41', '2022-06-25 12:57:41', '2022-06-25 12:57:41', 'd6bdb43d-22a3-4b8b-b14a-03aac796fbe3'),
(104, 'craft', 'm160920_174553_matrixblocks_owner_site_id_nullable', '2022-06-25 12:57:41', '2022-06-25 12:57:41', '2022-06-25 12:57:41', 'c3daa445-421b-4403-8d69-372a27911bfa'),
(105, 'craft', 'm160920_231045_usergroup_handle_title_unique', '2022-06-25 12:57:41', '2022-06-25 12:57:41', '2022-06-25 12:57:41', '29b4b683-fb72-4fa9-a33d-c01d6f38a76a'),
(106, 'craft', 'm160925_113941_route_uri_parts', '2022-06-25 12:57:41', '2022-06-25 12:57:41', '2022-06-25 12:57:41', '22d1baa8-8c19-4b98-a552-146ce930eb3b'),
(107, 'craft', 'm161006_205918_schemaVersion_not_null', '2022-06-25 12:57:41', '2022-06-25 12:57:41', '2022-06-25 12:57:41', '0a904d3f-7e83-4cea-8fdc-f9ba79407cdc'),
(108, 'craft', 'm161007_130653_update_email_settings', '2022-06-25 12:57:41', '2022-06-25 12:57:41', '2022-06-25 12:57:41', '7aa6c8b4-0068-4ce6-9174-c96d979cfd97'),
(109, 'craft', 'm161013_175052_newParentId', '2022-06-25 12:57:41', '2022-06-25 12:57:41', '2022-06-25 12:57:41', '9ad95290-de39-4319-812d-c574cf058a44'),
(110, 'craft', 'm161021_102916_fix_recent_entries_widgets', '2022-06-25 12:57:41', '2022-06-25 12:57:41', '2022-06-25 12:57:41', '810e9424-14cd-4168-bcdb-18e9d48f762b'),
(111, 'craft', 'm161021_182140_rename_get_help_widget', '2022-06-25 12:57:41', '2022-06-25 12:57:41', '2022-06-25 12:57:41', '496330a7-7455-4d71-bd14-5a843771b371'),
(112, 'craft', 'm161025_000000_fix_char_columns', '2022-06-25 12:57:41', '2022-06-25 12:57:41', '2022-06-25 12:57:41', '2cf69151-a0d7-44e1-a352-6517a53a5c87'),
(113, 'craft', 'm161029_124145_email_message_languages', '2022-06-25 12:57:41', '2022-06-25 12:57:41', '2022-06-25 12:57:41', '3ca98df7-1b84-47cf-86de-81e5f52bce05'),
(114, 'craft', 'm161108_000000_new_version_format', '2022-06-25 12:57:41', '2022-06-25 12:57:41', '2022-06-25 12:57:41', '391da0d8-18b7-40ac-aba9-df0fd9585e65'),
(115, 'craft', 'm161109_000000_index_shuffle', '2022-06-25 12:57:41', '2022-06-25 12:57:41', '2022-06-25 12:57:41', '9777f91b-d06f-4844-b7ab-f69beedd35eb'),
(116, 'craft', 'm161122_185500_no_craft_app', '2022-06-25 12:57:41', '2022-06-25 12:57:41', '2022-06-25 12:57:41', '9622e85d-ac8b-4c2a-b6f8-ff28236dbeee'),
(117, 'craft', 'm161125_150752_clear_urlmanager_cache', '2022-06-25 12:57:41', '2022-06-25 12:57:41', '2022-06-25 12:57:41', '21d96010-9147-469b-975a-f0d1bcf5f6e0'),
(118, 'craft', 'm161220_000000_volumes_hasurl_notnull', '2022-06-25 12:57:41', '2022-06-25 12:57:41', '2022-06-25 12:57:41', '70b27314-3eb8-45d0-b84f-e0b5ecca6093'),
(119, 'craft', 'm170114_161144_udates_permission', '2022-06-25 12:57:41', '2022-06-25 12:57:41', '2022-06-25 12:57:41', 'e7591914-7206-46ce-bbe9-4cba12449677'),
(120, 'craft', 'm170120_000000_schema_cleanup', '2022-06-25 12:57:41', '2022-06-25 12:57:41', '2022-06-25 12:57:41', 'cb2d9266-e8d5-41ce-9ccb-c9580a43bd65'),
(121, 'craft', 'm170126_000000_assets_focal_point', '2022-06-25 12:57:41', '2022-06-25 12:57:41', '2022-06-25 12:57:41', '254e7f50-5bfe-47da-acaf-c92b32222441'),
(122, 'craft', 'm170206_142126_system_name', '2022-06-25 12:57:41', '2022-06-25 12:57:41', '2022-06-25 12:57:41', 'f7ac7267-556b-4b58-8867-daef6b1efb32'),
(123, 'craft', 'm170217_044740_category_branch_limits', '2022-06-25 12:57:41', '2022-06-25 12:57:41', '2022-06-25 12:57:41', '01dc72d0-4a1f-4212-89fa-c75f6c69a0e2'),
(124, 'craft', 'm170217_120224_asset_indexing_columns', '2022-06-25 12:57:41', '2022-06-25 12:57:41', '2022-06-25 12:57:41', 'dcf2dc02-1fd2-41af-81ac-9828dd53b480'),
(125, 'craft', 'm170223_224012_plain_text_settings', '2022-06-25 12:57:41', '2022-06-25 12:57:41', '2022-06-25 12:57:41', '241c85e1-e856-4dd0-8718-e1c7ce282981'),
(126, 'craft', 'm170227_120814_focal_point_percentage', '2022-06-25 12:57:41', '2022-06-25 12:57:41', '2022-06-25 12:57:41', '251ab839-4f91-433e-bfba-00cf56cb94d4'),
(127, 'craft', 'm170228_171113_system_messages', '2022-06-25 12:57:41', '2022-06-25 12:57:41', '2022-06-25 12:57:41', '2fb5d261-e17c-4449-acbc-fed8cdff1d45'),
(128, 'craft', 'm170303_140500_asset_field_source_settings', '2022-06-25 12:57:41', '2022-06-25 12:57:41', '2022-06-25 12:57:41', 'ec29c1a7-83d5-4d87-86c6-772d00a2a7ee'),
(129, 'craft', 'm170306_150500_asset_temporary_uploads', '2022-06-25 12:57:41', '2022-06-25 12:57:41', '2022-06-25 12:57:41', '2dfd49d9-927a-4918-9ed2-5fbbc2422ad7'),
(130, 'craft', 'm170523_190652_element_field_layout_ids', '2022-06-25 12:57:41', '2022-06-25 12:57:41', '2022-06-25 12:57:41', '98c68204-de69-4070-a8cb-ee6f2a785b66'),
(131, 'craft', 'm170621_195237_format_plugin_handles', '2022-06-25 12:57:41', '2022-06-25 12:57:41', '2022-06-25 12:57:41', '7fbd3bd9-6c1c-4195-8250-50bef3c6ada2'),
(132, 'craft', 'm170630_161027_deprecation_line_nullable', '2022-06-25 12:57:41', '2022-06-25 12:57:41', '2022-06-25 12:57:41', '2d0d35ea-8f2b-4dcc-8e82-7d8211643d6b'),
(133, 'craft', 'm170630_161028_deprecation_changes', '2022-06-25 12:57:41', '2022-06-25 12:57:41', '2022-06-25 12:57:41', '62c023f1-054a-4fba-bd8b-61e4cd54f8b1'),
(134, 'craft', 'm170703_181539_plugins_table_tweaks', '2022-06-25 12:57:41', '2022-06-25 12:57:41', '2022-06-25 12:57:41', '9126741b-c724-4ea5-a934-5e0668272e5f'),
(135, 'craft', 'm170704_134916_sites_tables', '2022-06-25 12:57:41', '2022-06-25 12:57:41', '2022-06-25 12:57:41', '5657c6ac-54b1-4e93-b74c-b7e56a2779d4'),
(136, 'craft', 'm170706_183216_rename_sequences', '2022-06-25 12:57:41', '2022-06-25 12:57:41', '2022-06-25 12:57:41', '5ab1e4aa-2207-450d-95e0-34bc9b2dffe9'),
(137, 'craft', 'm170707_094758_delete_compiled_traits', '2022-06-25 12:57:41', '2022-06-25 12:57:41', '2022-06-25 12:57:41', '5cabd902-5e2b-4ca7-b756-fec01194aea6'),
(138, 'craft', 'm170731_190138_drop_asset_packagist', '2022-06-25 12:57:41', '2022-06-25 12:57:41', '2022-06-25 12:57:41', '36012000-8db2-4b5c-b0bf-c4e495ea75b1'),
(139, 'craft', 'm170810_201318_create_queue_table', '2022-06-25 12:57:41', '2022-06-25 12:57:41', '2022-06-25 12:57:41', '478b83ba-581e-4891-afe5-6fe548df6e39'),
(140, 'craft', 'm170903_192801_longblob_for_queue_jobs', '2022-06-25 12:57:41', '2022-06-25 12:57:41', '2022-06-25 12:57:41', '491e2671-19c9-458b-bc52-8a3b94c26d0f'),
(141, 'craft', 'm170914_204621_asset_cache_shuffle', '2022-06-25 12:57:41', '2022-06-25 12:57:41', '2022-06-25 12:57:41', 'cf2d83fa-69e5-4bec-99e9-684583b28caf'),
(142, 'craft', 'm171011_214115_site_groups', '2022-06-25 12:57:41', '2022-06-25 12:57:41', '2022-06-25 12:57:41', '20f12c77-82c2-4b2a-94bb-45fdc1292bbd'),
(143, 'craft', 'm171012_151440_primary_site', '2022-06-25 12:57:41', '2022-06-25 12:57:41', '2022-06-25 12:57:41', 'ce4058f5-0d9f-4e11-afec-fdea399a351d'),
(144, 'craft', 'm171013_142500_transform_interlace', '2022-06-25 12:57:41', '2022-06-25 12:57:41', '2022-06-25 12:57:41', '8b18af66-ba7f-475e-a3d8-38e8f70032ec'),
(145, 'craft', 'm171016_092553_drop_position_select', '2022-06-25 12:57:41', '2022-06-25 12:57:41', '2022-06-25 12:57:41', 'cb53c630-6d40-4524-8413-d1204d01163d'),
(146, 'craft', 'm171016_221244_less_strict_translation_method', '2022-06-25 12:57:41', '2022-06-25 12:57:41', '2022-06-25 12:57:41', '3d42750f-04d9-4b80-9456-5f1ed272fb6d'),
(147, 'craft', 'm171107_000000_assign_group_permissions', '2022-06-25 12:57:41', '2022-06-25 12:57:41', '2022-06-25 12:57:41', 'e4a4b27e-4387-447a-bb06-dc771357356c'),
(148, 'craft', 'm171117_000001_templatecache_index_tune', '2022-06-25 12:57:41', '2022-06-25 12:57:41', '2022-06-25 12:57:41', '9218cf6f-b665-46d3-8565-d04c897b527a'),
(149, 'craft', 'm171126_105927_disabled_plugins', '2022-06-25 12:57:41', '2022-06-25 12:57:41', '2022-06-25 12:57:41', '1a59749b-6386-4f3a-a432-cfa6b87773e9'),
(150, 'craft', 'm171130_214407_craftidtokens_table', '2022-06-25 12:57:41', '2022-06-25 12:57:41', '2022-06-25 12:57:41', 'af89ddce-5c2d-41b1-abda-df63d12af516'),
(151, 'craft', 'm171202_004225_update_email_settings', '2022-06-25 12:57:41', '2022-06-25 12:57:41', '2022-06-25 12:57:41', '4e4d026f-1428-4b04-a8bf-2aff9ccf94ec'),
(152, 'craft', 'm171204_000001_templatecache_index_tune_deux', '2022-06-25 12:57:41', '2022-06-25 12:57:41', '2022-06-25 12:57:41', 'fc9b01fc-d806-431d-9ef6-5fa4dfe2a440'),
(153, 'craft', 'm171205_130908_remove_craftidtokens_refreshtoken_column', '2022-06-25 12:57:41', '2022-06-25 12:57:41', '2022-06-25 12:57:41', 'cdeb1add-fb60-4fdd-9499-864aa70325ee'),
(154, 'craft', 'm171218_143135_longtext_query_column', '2022-06-25 12:57:41', '2022-06-25 12:57:41', '2022-06-25 12:57:41', '4cf9e6f4-bf91-47b6-832e-bbe4fd356d4e'),
(155, 'craft', 'm171231_055546_environment_variables_to_aliases', '2022-06-25 12:57:41', '2022-06-25 12:57:41', '2022-06-25 12:57:41', '7986b866-a0ef-4692-9169-edf6caa4da96'),
(156, 'craft', 'm180113_153740_drop_users_archived_column', '2022-06-25 12:57:41', '2022-06-25 12:57:41', '2022-06-25 12:57:41', '79e8b025-9f02-4238-82d2-78510ca3e830'),
(157, 'craft', 'm180122_213433_propagate_entries_setting', '2022-06-25 12:57:41', '2022-06-25 12:57:41', '2022-06-25 12:57:41', 'd15af357-2e71-4e5d-8c85-122cf0897780'),
(158, 'craft', 'm180124_230459_fix_propagate_entries_values', '2022-06-25 12:57:41', '2022-06-25 12:57:41', '2022-06-25 12:57:41', '838418cb-6f1d-4620-828b-d41ac6abd4a6'),
(159, 'craft', 'm180128_235202_set_tag_slugs', '2022-06-25 12:57:41', '2022-06-25 12:57:41', '2022-06-25 12:57:41', 'd271dd1a-7841-460c-92f2-900ebc07fac2'),
(160, 'craft', 'm180202_185551_fix_focal_points', '2022-06-25 12:57:41', '2022-06-25 12:57:41', '2022-06-25 12:57:41', '7f5ad48f-90de-4f17-880c-e2ccc886c20d'),
(161, 'craft', 'm180217_172123_tiny_ints', '2022-06-25 12:57:41', '2022-06-25 12:57:41', '2022-06-25 12:57:41', '361df241-7a67-40b9-b9aa-d078b0862111'),
(162, 'craft', 'm180321_233505_small_ints', '2022-06-25 12:57:41', '2022-06-25 12:57:41', '2022-06-25 12:57:41', '3ba79816-73f8-417f-b637-df65659bcdbe'),
(163, 'craft', 'm180404_182320_edition_changes', '2022-06-25 12:57:41', '2022-06-25 12:57:41', '2022-06-25 12:57:41', 'fc6b2718-9e76-496d-b752-a54dca0d6926'),
(164, 'craft', 'm180411_102218_fix_db_routes', '2022-06-25 12:57:41', '2022-06-25 12:57:41', '2022-06-25 12:57:41', 'ad7128b3-7384-44f9-8221-89e4b599100b'),
(165, 'craft', 'm180416_205628_resourcepaths_table', '2022-06-25 12:57:41', '2022-06-25 12:57:41', '2022-06-25 12:57:41', '4401e7bf-9898-4ddf-80ca-2f3c1f62c19e'),
(166, 'craft', 'm180418_205713_widget_cleanup', '2022-06-25 12:57:41', '2022-06-25 12:57:41', '2022-06-25 12:57:41', 'b2a56ce2-0b4b-430c-9b76-00cf6feef02e'),
(167, 'craft', 'm180425_203349_searchable_fields', '2022-06-25 12:57:41', '2022-06-25 12:57:41', '2022-06-25 12:57:41', 'd16d42a3-a40b-4986-a6bb-0ce40d8467c9'),
(168, 'craft', 'm180516_153000_uids_in_field_settings', '2022-06-25 12:57:41', '2022-06-25 12:57:41', '2022-06-25 12:57:41', '2d6e4188-79d8-402f-8dd4-57ef087fd1ba'),
(169, 'craft', 'm180517_173000_user_photo_volume_to_uid', '2022-06-25 12:57:41', '2022-06-25 12:57:41', '2022-06-25 12:57:41', 'ae376a61-27ee-44cd-8139-4ee0dbcaa076'),
(170, 'craft', 'm180518_173000_permissions_to_uid', '2022-06-25 12:57:41', '2022-06-25 12:57:41', '2022-06-25 12:57:41', '8253ead4-3834-41dd-8fc5-4af8d01575fb'),
(171, 'craft', 'm180520_173000_matrix_context_to_uids', '2022-06-25 12:57:41', '2022-06-25 12:57:41', '2022-06-25 12:57:41', '4ebd1782-d9b6-4990-a802-f5543ffd0cf0'),
(172, 'craft', 'm180521_172900_project_config_table', '2022-06-25 12:57:41', '2022-06-25 12:57:41', '2022-06-25 12:57:41', '08b025cf-f77e-462f-bd15-8903e4496afb'),
(173, 'craft', 'm180521_173000_initial_yml_and_snapshot', '2022-06-25 12:57:41', '2022-06-25 12:57:41', '2022-06-25 12:57:41', 'f35f0f92-d573-4118-9c82-a4b1c4ff2523'),
(174, 'craft', 'm180731_162030_soft_delete_sites', '2022-06-25 12:57:41', '2022-06-25 12:57:41', '2022-06-25 12:57:41', '167f3fb2-0adc-4ae4-a21e-351e570453d3'),
(175, 'craft', 'm180810_214427_soft_delete_field_layouts', '2022-06-25 12:57:41', '2022-06-25 12:57:41', '2022-06-25 12:57:41', '6541a375-8048-4e59-9261-da8b240048e1'),
(176, 'craft', 'm180810_214439_soft_delete_elements', '2022-06-25 12:57:41', '2022-06-25 12:57:41', '2022-06-25 12:57:41', 'c6a5b2ed-b71d-4736-961f-a035f098b990'),
(177, 'craft', 'm180824_193422_case_sensitivity_fixes', '2022-06-25 12:57:41', '2022-06-25 12:57:41', '2022-06-25 12:57:41', 'f3fe6246-f1f9-4f2c-a6ea-66087a9868dc'),
(178, 'craft', 'm180901_151639_fix_matrixcontent_tables', '2022-06-25 12:57:41', '2022-06-25 12:57:41', '2022-06-25 12:57:41', '4ae49512-c76e-4db5-b5e5-84d3208657a4'),
(179, 'craft', 'm180904_112109_permission_changes', '2022-06-25 12:57:41', '2022-06-25 12:57:41', '2022-06-25 12:57:41', '9ad2aa43-915d-4551-9159-9f819f36af7c'),
(180, 'craft', 'm180910_142030_soft_delete_sitegroups', '2022-06-25 12:57:41', '2022-06-25 12:57:41', '2022-06-25 12:57:41', '690af186-6766-467f-ba77-9336d41f93e8'),
(181, 'craft', 'm181011_160000_soft_delete_asset_support', '2022-06-25 12:57:41', '2022-06-25 12:57:41', '2022-06-25 12:57:41', '6b92fcf3-10a5-43ab-b249-caba6fcf97fc'),
(182, 'craft', 'm181016_183648_set_default_user_settings', '2022-06-25 12:57:41', '2022-06-25 12:57:41', '2022-06-25 12:57:41', '2c08004b-1263-4d9f-b24d-1b9fc0763eb1'),
(183, 'craft', 'm181017_225222_system_config_settings', '2022-06-25 12:57:41', '2022-06-25 12:57:41', '2022-06-25 12:57:41', '2a6b0593-fa94-4e4e-8f7d-f270914cc7e2'),
(184, 'craft', 'm181018_222343_drop_userpermissions_from_config', '2022-06-25 12:57:41', '2022-06-25 12:57:41', '2022-06-25 12:57:41', '954f5669-aced-48d1-888b-51045a904a3e'),
(185, 'craft', 'm181029_130000_add_transforms_routes_to_config', '2022-06-25 12:57:41', '2022-06-25 12:57:41', '2022-06-25 12:57:41', '31574cb5-0e9f-4d28-a127-d4f863ec195d'),
(186, 'craft', 'm181112_203955_sequences_table', '2022-06-25 12:57:41', '2022-06-25 12:57:41', '2022-06-25 12:57:41', 'ca56f89f-edf6-46ed-a003-29a921c1cc79'),
(187, 'craft', 'm181121_001712_cleanup_field_configs', '2022-06-25 12:57:41', '2022-06-25 12:57:41', '2022-06-25 12:57:41', '57db6785-4687-49c9-908a-6a3c850ed8e5'),
(188, 'craft', 'm181128_193942_fix_project_config', '2022-06-25 12:57:41', '2022-06-25 12:57:41', '2022-06-25 12:57:41', '47d88de5-76f0-45dd-8eb8-9e2242dcd00c'),
(189, 'craft', 'm181130_143040_fix_schema_version', '2022-06-25 12:57:41', '2022-06-25 12:57:41', '2022-06-25 12:57:41', '1995251a-9f8c-4c1a-affb-7b9ff8873129'),
(190, 'craft', 'm181211_143040_fix_entry_type_uids', '2022-06-25 12:57:41', '2022-06-25 12:57:41', '2022-06-25 12:57:41', 'eae568be-5fb9-41df-81a0-cbe871e77a85'),
(191, 'craft', 'm181217_153000_fix_structure_uids', '2022-06-25 12:57:41', '2022-06-25 12:57:41', '2022-06-25 12:57:41', '0f94ece8-a694-444b-b8da-5fd4e3025ce7'),
(192, 'craft', 'm190104_152725_store_licensed_plugin_editions', '2022-06-25 12:57:41', '2022-06-25 12:57:41', '2022-06-25 12:57:41', '66f7fe04-8878-4386-a869-76061826aa3e'),
(193, 'craft', 'm190108_110000_cleanup_project_config', '2022-06-25 12:57:41', '2022-06-25 12:57:41', '2022-06-25 12:57:41', 'c6331382-3521-4063-86c6-03f51e5ad600'),
(194, 'craft', 'm190108_113000_asset_field_setting_change', '2022-06-25 12:57:41', '2022-06-25 12:57:41', '2022-06-25 12:57:41', '6d5bbc80-c6fe-4167-881f-3c4b857c1e81'),
(195, 'craft', 'm190109_172845_fix_colspan', '2022-06-25 12:57:41', '2022-06-25 12:57:41', '2022-06-25 12:57:41', '39a4ab41-4936-43a0-80a3-781649df1de6'),
(196, 'craft', 'm190110_150000_prune_nonexisting_sites', '2022-06-25 12:57:41', '2022-06-25 12:57:41', '2022-06-25 12:57:41', '589fb0f1-6d3a-492f-b7bb-feed0f3a1b19'),
(197, 'craft', 'm190110_214819_soft_delete_volumes', '2022-06-25 12:57:41', '2022-06-25 12:57:41', '2022-06-25 12:57:41', '51b227d0-e529-49ba-8089-9755ffa63f0c'),
(198, 'craft', 'm190112_124737_fix_user_settings', '2022-06-25 12:57:41', '2022-06-25 12:57:41', '2022-06-25 12:57:41', 'a204d53f-16cd-4d4c-be30-0a5088a3b508'),
(199, 'craft', 'm190112_131225_fix_field_layouts', '2022-06-25 12:57:41', '2022-06-25 12:57:41', '2022-06-25 12:57:41', '57902358-8f53-4498-8b30-dd2c41666aae'),
(200, 'craft', 'm190112_201010_more_soft_deletes', '2022-06-25 12:57:41', '2022-06-25 12:57:41', '2022-06-25 12:57:41', '4be12c85-bf42-40f3-989a-b1318884b7a0'),
(201, 'craft', 'm190114_143000_more_asset_field_setting_changes', '2022-06-25 12:57:41', '2022-06-25 12:57:41', '2022-06-25 12:57:41', '68ea0ad7-ac69-447c-b9a8-237cc389b591'),
(202, 'craft', 'm190121_120000_rich_text_config_setting', '2022-06-25 12:57:41', '2022-06-25 12:57:41', '2022-06-25 12:57:41', 'ca18f27e-4a34-4857-94f1-b05e1b22de91'),
(203, 'craft', 'm190125_191628_fix_email_transport_password', '2022-06-25 12:57:41', '2022-06-25 12:57:41', '2022-06-25 12:57:41', '79b926ce-561b-4fc1-b77b-8dd844651b17'),
(204, 'craft', 'm190128_181422_cleanup_volume_folders', '2022-06-25 12:57:41', '2022-06-25 12:57:41', '2022-06-25 12:57:41', '0d0320d4-e4e7-44ca-bd95-cf92a2e99464'),
(205, 'craft', 'm190205_140000_fix_asset_soft_delete_index', '2022-06-25 12:57:41', '2022-06-25 12:57:41', '2022-06-25 12:57:41', '73c6f6e3-54c9-47e5-8e1d-3c72d91daac7'),
(206, 'craft', 'm190218_143000_element_index_settings_uid', '2022-06-25 12:57:41', '2022-06-25 12:57:41', '2022-06-25 12:57:41', 'b0cd4c0d-09a4-4249-99f0-4d09e65342cc'),
(207, 'craft', 'm190312_152740_element_revisions', '2022-06-25 12:57:41', '2022-06-25 12:57:41', '2022-06-25 12:57:41', 'e15fb2cb-71ad-441c-9ce6-d17ab7a933de'),
(208, 'craft', 'm190327_235137_propagation_method', '2022-06-25 12:57:41', '2022-06-25 12:57:41', '2022-06-25 12:57:41', '03580761-25cb-4cf0-abcb-40b48507fa32'),
(209, 'craft', 'm190401_223843_drop_old_indexes', '2022-06-25 12:57:41', '2022-06-25 12:57:41', '2022-06-25 12:57:41', '56d9dd5c-34a0-4791-b73d-e0b60337c502'),
(210, 'craft', 'm190416_014525_drop_unique_global_indexes', '2022-06-25 12:57:41', '2022-06-25 12:57:41', '2022-06-25 12:57:41', 'ce7017de-ef00-4b86-b82c-0c951638dc89'),
(211, 'craft', 'm190417_085010_add_image_editor_permissions', '2022-06-25 12:57:41', '2022-06-25 12:57:41', '2022-06-25 12:57:41', 'b8b2cc03-3a94-4c9c-9720-4f8493d32310'),
(212, 'craft', 'm190502_122019_store_default_user_group_uid', '2022-06-25 12:57:41', '2022-06-25 12:57:41', '2022-06-25 12:57:41', '830da15e-f6d0-40d3-bd4c-7007b5f94fb0'),
(213, 'craft', 'm190504_150349_preview_targets', '2022-06-25 12:57:41', '2022-06-25 12:57:41', '2022-06-25 12:57:41', '40c71d75-a6dd-4048-89c5-0b75778e6083'),
(214, 'craft', 'm190516_184711_job_progress_label', '2022-06-25 12:57:41', '2022-06-25 12:57:41', '2022-06-25 12:57:41', '2020eebf-2239-468c-abdc-e80238021ee2'),
(215, 'craft', 'm190523_190303_optional_revision_creators', '2022-06-25 12:57:41', '2022-06-25 12:57:41', '2022-06-25 12:57:41', '174ddcd2-dfb6-46be-810f-47e198d437a0'),
(216, 'craft', 'm190529_204501_fix_duplicate_uids', '2022-06-25 12:57:41', '2022-06-25 12:57:41', '2022-06-25 12:57:41', '4d4ac15c-feea-457d-8d9a-e47d973ea7e6'),
(217, 'craft', 'm190605_223807_unsaved_drafts', '2022-06-25 12:57:41', '2022-06-25 12:57:41', '2022-06-25 12:57:41', '69c5282c-e364-4670-a5df-37d567674f09'),
(218, 'craft', 'm190607_230042_entry_revision_error_tables', '2022-06-25 12:57:41', '2022-06-25 12:57:41', '2022-06-25 12:57:41', 'ba379dbb-62f8-430b-a349-27d631abb475'),
(219, 'craft', 'm190608_033429_drop_elements_uid_idx', '2022-06-25 12:57:41', '2022-06-25 12:57:41', '2022-06-25 12:57:41', '2486be56-810d-4b6c-a334-7fcdb1581533'),
(220, 'craft', 'm190617_164400_add_gqlschemas_table', '2022-06-25 12:57:41', '2022-06-25 12:57:41', '2022-06-25 12:57:41', 'bbf1bddf-d34f-450a-9ed4-902aecebb4af'),
(221, 'craft', 'm190624_234204_matrix_propagation_method', '2022-06-25 12:57:41', '2022-06-25 12:57:41', '2022-06-25 12:57:41', '8d1f2ac5-d152-4196-a425-e01d83611485'),
(222, 'craft', 'm190711_153020_drop_snapshots', '2022-06-25 12:57:41', '2022-06-25 12:57:41', '2022-06-25 12:57:41', 'bb38cd1b-fddb-4c86-ade4-7ce14ea27efc'),
(223, 'craft', 'm190712_195914_no_draft_revisions', '2022-06-25 12:57:41', '2022-06-25 12:57:41', '2022-06-25 12:57:41', '93aab227-12b5-49bf-a6aa-995d36cba919'),
(224, 'craft', 'm190723_140314_fix_preview_targets_column', '2022-06-25 12:57:41', '2022-06-25 12:57:41', '2022-06-25 12:57:41', '1aff346d-99d2-4e14-a8b8-ba0ec4d1be8b'),
(225, 'craft', 'm190820_003519_flush_compiled_templates', '2022-06-25 12:57:41', '2022-06-25 12:57:41', '2022-06-25 12:57:41', '34e9550b-2268-41ea-9841-c375bcc88951'),
(226, 'craft', 'm190823_020339_optional_draft_creators', '2022-06-25 12:57:41', '2022-06-25 12:57:41', '2022-06-25 12:57:41', '164c1de8-4d5f-4b0b-9395-09709fca3ac9'),
(227, 'craft', 'm190913_152146_update_preview_targets', '2022-06-25 12:57:41', '2022-06-25 12:57:41', '2022-06-25 12:57:41', '27b2fe91-25ef-49ae-b507-d15df037359a'),
(228, 'craft', 'm191107_122000_add_gql_project_config_support', '2022-06-25 12:57:41', '2022-06-25 12:57:41', '2022-06-25 12:57:41', 'd9a6a75a-54a1-4df9-abb1-669436bba807'),
(229, 'craft', 'm191204_085100_pack_savable_component_settings', '2022-06-25 12:57:41', '2022-06-25 12:57:41', '2022-06-25 12:57:41', '673b011d-a61d-483c-82ea-c22d499bf882'),
(230, 'craft', 'm191206_001148_change_tracking', '2022-06-25 12:57:41', '2022-06-25 12:57:41', '2022-06-25 12:57:41', 'dac7fe20-81e9-4aa4-9ce4-36b370fa764f'),
(231, 'craft', 'm191216_191635_asset_upload_tracking', '2022-06-25 12:57:41', '2022-06-25 12:57:41', '2022-06-25 12:57:41', '57019fca-1b73-48b3-942a-58e10e893e46'),
(232, 'craft', 'm191222_002848_peer_asset_permissions', '2022-06-25 12:57:41', '2022-06-25 12:57:41', '2022-06-25 12:57:41', '41ba97b7-4771-4bcd-982c-5ba80312dc61'),
(233, 'craft', 'm200127_172522_queue_channels', '2022-06-25 12:57:41', '2022-06-25 12:57:41', '2022-06-25 12:57:41', '457b5bc9-cf1c-4f72-9c47-ff38c1102ef6'),
(234, 'craft', 'm200211_175048_truncate_element_query_cache', '2022-06-25 12:57:41', '2022-06-25 12:57:41', '2022-06-25 12:57:41', '69debdc0-c886-49a1-ba5b-6a0351e0edaf'),
(235, 'craft', 'm200213_172522_new_elements_index', '2022-06-25 12:57:41', '2022-06-25 12:57:41', '2022-06-25 12:57:41', '707f02d6-2512-42b5-8a43-aa9d16afced8'),
(236, 'craft', 'm200228_195211_long_deprecation_messages', '2022-06-25 12:57:41', '2022-06-25 12:57:41', '2022-06-25 12:57:41', 'c1b074b3-00b4-4526-9791-4c5d880c3f97'),
(237, 'craft', 'm200306_054652_disabled_sites', '2022-06-25 12:57:41', '2022-06-25 12:57:41', '2022-06-25 12:57:41', '23db104a-ad78-4acf-b4c5-b0d4f28c2273'),
(238, 'craft', 'm200522_191453_clear_template_caches', '2022-06-25 12:57:41', '2022-06-25 12:57:41', '2022-06-25 12:57:41', '8ba3871f-2fec-4d77-9701-a579001312a2'),
(239, 'craft', 'm200606_231117_migration_tracks', '2022-06-25 12:57:41', '2022-06-25 12:57:41', '2022-06-25 12:57:41', '06c4f7c1-6b3a-49c7-8d31-1ff0ab310cf7'),
(240, 'craft', 'm200619_215137_title_translation_method', '2022-06-25 12:57:41', '2022-06-25 12:57:41', '2022-06-25 12:57:41', 'ad34a9a1-7294-4e9d-b00b-c38791159543'),
(241, 'craft', 'm200620_005028_user_group_descriptions', '2022-06-25 12:57:41', '2022-06-25 12:57:41', '2022-06-25 12:57:41', '48e6e91e-8c03-4622-9452-4dc9f1feb82e'),
(242, 'craft', 'm200620_230205_field_layout_changes', '2022-06-25 12:57:41', '2022-06-25 12:57:41', '2022-06-25 12:57:41', '81a6e0c0-8d3f-4ae3-9dec-9448a2f1704c'),
(243, 'craft', 'm200625_131100_move_entrytypes_to_top_project_config', '2022-06-25 12:57:41', '2022-06-25 12:57:41', '2022-06-25 12:57:41', 'a938f468-31f1-4abc-9d0f-859c9cc1211c'),
(244, 'craft', 'm200629_112700_remove_project_config_legacy_files', '2022-06-25 12:57:41', '2022-06-25 12:57:41', '2022-06-25 12:57:41', '51b74baa-e284-467d-8d2d-8d2a4bada322'),
(245, 'craft', 'm200630_183000_drop_configmap', '2022-06-25 12:57:41', '2022-06-25 12:57:41', '2022-06-25 12:57:41', '50a7de6d-fdf7-4955-b10f-c5f7e06ab0fd'),
(246, 'craft', 'm200715_113400_transform_index_error_flag', '2022-06-25 12:57:41', '2022-06-25 12:57:41', '2022-06-25 12:57:41', '18779012-55f8-41a3-9e31-8edbe9e234af'),
(247, 'craft', 'm200716_110900_replace_file_asset_permissions', '2022-06-25 12:57:41', '2022-06-25 12:57:41', '2022-06-25 12:57:41', '37579cb7-111f-4f5b-8abd-bbf65fe1c43a'),
(248, 'craft', 'm200716_153800_public_token_settings_in_project_config', '2022-06-25 12:57:41', '2022-06-25 12:57:41', '2022-06-25 12:57:41', '6decead1-8208-4fd6-8c0f-f4f4b751de85'),
(249, 'craft', 'm200720_175543_drop_unique_constraints', '2022-06-25 12:57:41', '2022-06-25 12:57:41', '2022-06-25 12:57:41', 'b8dba3f3-bacb-42e0-b486-84daa33bffce'),
(250, 'craft', 'm200825_051217_project_config_version', '2022-06-25 12:57:41', '2022-06-25 12:57:41', '2022-06-25 12:57:41', '6f9d7d13-7ea9-4849-aa70-899a9e038b2d'),
(251, 'craft', 'm201116_190500_asset_title_translation_method', '2022-06-25 12:57:41', '2022-06-25 12:57:41', '2022-06-25 12:57:41', 'af641e1a-5836-4a3b-be73-81c1f58ffb38'),
(252, 'craft', 'm201124_003555_plugin_trials', '2022-06-25 12:57:41', '2022-06-25 12:57:41', '2022-06-25 12:57:41', 'd37f1cb9-ec80-4c84-8f02-cee56018ef1c'),
(253, 'craft', 'm210209_135503_soft_delete_field_groups', '2022-06-25 12:57:41', '2022-06-25 12:57:41', '2022-06-25 12:57:41', 'fd618485-f518-4544-9462-dc9e49455035'),
(254, 'craft', 'm210212_223539_delete_invalid_drafts', '2022-06-25 12:57:41', '2022-06-25 12:57:41', '2022-06-25 12:57:41', '40ccc8ee-e816-4f92-97cf-c688ad9e801d'),
(255, 'craft', 'm210214_202731_track_saved_drafts', '2022-06-25 12:57:41', '2022-06-25 12:57:41', '2022-06-25 12:57:41', '1f084e68-9ece-4cbb-b21b-52359663ef87'),
(256, 'craft', 'm210223_150900_add_new_element_gql_schema_components', '2022-06-25 12:57:41', '2022-06-25 12:57:41', '2022-06-25 12:57:41', 'b967b214-1d28-49c8-856a-5033c6e4129a'),
(257, 'craft', 'm210302_212318_canonical_elements', '2022-06-25 12:57:41', '2022-06-25 12:57:41', '2022-06-25 12:57:41', '4071e94c-2bcf-4062-aea5-b4f730b67280'),
(258, 'craft', 'm210326_132000_invalidate_projectconfig_cache', '2022-06-25 12:57:41', '2022-06-25 12:57:41', '2022-06-25 12:57:41', '2465c189-1773-4652-9be2-e64a73b41919'),
(259, 'craft', 'm210329_214847_field_column_suffixes', '2022-06-25 12:57:41', '2022-06-25 12:57:41', '2022-06-25 12:57:41', '4200ca24-ef54-463c-9797-f66ab6d9f5c7'),
(260, 'craft', 'm210331_220322_null_author', '2022-06-25 12:57:41', '2022-06-25 12:57:41', '2022-06-25 12:57:41', '50573f17-c9df-4b17-bf96-be94913352bb'),
(261, 'craft', 'm210405_231315_provisional_drafts', '2022-06-25 12:57:41', '2022-06-25 12:57:41', '2022-06-25 12:57:41', 'e38f58dd-f4cf-45e6-b82f-c4f000614727'),
(262, 'craft', 'm210602_111300_project_config_names_in_config', '2022-06-25 12:57:41', '2022-06-25 12:57:41', '2022-06-25 12:57:41', '7947ffbf-c0aa-423a-afef-594e6e30bd25'),
(263, 'craft', 'm210611_233510_default_placement_settings', '2022-06-25 12:57:42', '2022-06-25 12:57:42', '2022-06-25 12:57:42', '440d5b2c-3f79-43b5-9f61-bd94626a2b8c'),
(264, 'craft', 'm210613_145522_sortable_global_sets', '2022-06-25 12:57:42', '2022-06-25 12:57:42', '2022-06-25 12:57:42', '1728cc68-b330-46dd-a6f2-0036dd426fdf'),
(265, 'craft', 'm210613_184103_announcements', '2022-06-25 12:57:42', '2022-06-25 12:57:42', '2022-06-25 12:57:42', '3d088b17-4fcd-4b41-aded-2d2e31f2e8b5'),
(266, 'craft', 'm210829_000000_element_index_tweak', '2022-06-25 12:57:42', '2022-06-25 12:57:42', '2022-06-25 12:57:42', 'b32def32-f579-4ed9-934c-41f460f7deb8'),
(267, 'plugin:cookie-consent-banner', 'm190902_000000_migrate_settings_to_uid', '2022-07-19 08:57:33', '2022-07-19 08:57:33', '2022-07-19 08:57:33', 'bf1f51d3-a80e-4706-921e-67c24761496d');

INSERT INTO `plugins` (`id`, `handle`, `version`, `schemaVersion`, `licenseKeyStatus`, `licensedEdition`, `installDate`, `dateCreated`, `dateUpdated`, `uid`) VALUES
(1, 'cp-css', '2.4.0', '2.0.0', 'unknown', NULL, '2022-06-25 12:57:32', '2022-06-25 12:57:32', '2022-07-26 08:49:00', '6e53a247-38ce-43f3-9d2e-793b551bafbc'),
(4, 'redactor', '2.9.0', '2.3.0', 'unknown', NULL, '2022-06-25 12:57:34', '2022-06-25 12:57:34', '2022-07-26 08:49:00', 'd2bd5344-3c2b-4d9e-a549-30769d700f54'),
(5, 'seomatic', '3.4.23', '3.0.11', 'invalid', NULL, '2022-06-25 12:57:34', '2022-06-25 12:57:34', '2022-07-26 08:49:00', '8d6a292f-691d-4c14-ad66-d74dd60c2d7f'),
(6, 'smith', '1.1.14', '1.0.0', 'unknown', NULL, '2022-06-25 12:57:35', '2022-06-25 12:57:35', '2022-07-26 08:49:00', 'c971a072-c4f0-42c0-a436-471b27cbd389'),
(7, 'super-table', '2.7.1', '2.2.1', 'unknown', NULL, '2022-06-25 12:57:35', '2022-06-25 12:57:35', '2022-07-26 08:49:01', '9e424247-ce72-44b8-8cdf-d79c8b255f81'),
(8, 'typedlinkfield', '1.0.25', '1.0.0', 'unknown', NULL, '2022-06-25 12:57:35', '2022-06-25 12:57:35', '2022-07-26 08:49:01', 'd142576b-398e-4722-9ff8-47cbff8107b3'),
(9, 'vite', '1.0.23', '1.0.0', 'unknown', NULL, '2022-06-25 12:57:35', '2022-06-25 12:57:35', '2022-07-26 08:49:01', '1f6adfb7-19b3-4111-8202-b9dbf047a32b'),
(10, 'contact-form', '2.5.1', '1.0.0', 'unknown', NULL, '2022-07-14 09:38:03', '2022-07-14 09:38:03', '2022-07-26 08:49:00', 'b10697bc-ea7f-4253-8366-9d9ea3487e9c'),
(11, 'cookie-consent-banner', '1.2.9', '1.0.1', 'unknown', NULL, '2022-07-19 08:57:33', '2022-07-19 08:57:33', '2022-07-26 08:49:00', '60b8fef6-8c8c-4cff-9f4d-5f2bacb498a2');

INSERT INTO `projectconfig` (`path`, `value`) VALUES
('dateModified', '1658760534'),
('email.fromEmail', '\"sami.reichoer@gmail.com\"'),
('email.fromName', '\"$SITE_NAME\"'),
('email.replyToEmail', 'null'),
('email.template', '\"\"'),
('email.transportSettings.command', '\"/usr/sbin/sendmail -bs\"'),
('email.transportType', '\"craft\\\\mail\\\\transportadapters\\\\Sendmail\"'),
('entryTypes.08f7de84-afcb-4315-8282-e7f3e12eb959.fieldLayouts.5e11f49e-9998-4e46-8d6f-ccf733002e7c.tabs.0.elements.0.autocapitalize', 'true'),
('entryTypes.08f7de84-afcb-4315-8282-e7f3e12eb959.fieldLayouts.5e11f49e-9998-4e46-8d6f-ccf733002e7c.tabs.0.elements.0.autocomplete', 'false'),
('entryTypes.08f7de84-afcb-4315-8282-e7f3e12eb959.fieldLayouts.5e11f49e-9998-4e46-8d6f-ccf733002e7c.tabs.0.elements.0.autocorrect', 'true'),
('entryTypes.08f7de84-afcb-4315-8282-e7f3e12eb959.fieldLayouts.5e11f49e-9998-4e46-8d6f-ccf733002e7c.tabs.0.elements.0.class', 'null'),
('entryTypes.08f7de84-afcb-4315-8282-e7f3e12eb959.fieldLayouts.5e11f49e-9998-4e46-8d6f-ccf733002e7c.tabs.0.elements.0.disabled', 'false'),
('entryTypes.08f7de84-afcb-4315-8282-e7f3e12eb959.fieldLayouts.5e11f49e-9998-4e46-8d6f-ccf733002e7c.tabs.0.elements.0.id', 'null'),
('entryTypes.08f7de84-afcb-4315-8282-e7f3e12eb959.fieldLayouts.5e11f49e-9998-4e46-8d6f-ccf733002e7c.tabs.0.elements.0.instructions', 'null'),
('entryTypes.08f7de84-afcb-4315-8282-e7f3e12eb959.fieldLayouts.5e11f49e-9998-4e46-8d6f-ccf733002e7c.tabs.0.elements.0.label', 'null'),
('entryTypes.08f7de84-afcb-4315-8282-e7f3e12eb959.fieldLayouts.5e11f49e-9998-4e46-8d6f-ccf733002e7c.tabs.0.elements.0.max', 'null'),
('entryTypes.08f7de84-afcb-4315-8282-e7f3e12eb959.fieldLayouts.5e11f49e-9998-4e46-8d6f-ccf733002e7c.tabs.0.elements.0.min', 'null'),
('entryTypes.08f7de84-afcb-4315-8282-e7f3e12eb959.fieldLayouts.5e11f49e-9998-4e46-8d6f-ccf733002e7c.tabs.0.elements.0.name', 'null'),
('entryTypes.08f7de84-afcb-4315-8282-e7f3e12eb959.fieldLayouts.5e11f49e-9998-4e46-8d6f-ccf733002e7c.tabs.0.elements.0.orientation', 'null'),
('entryTypes.08f7de84-afcb-4315-8282-e7f3e12eb959.fieldLayouts.5e11f49e-9998-4e46-8d6f-ccf733002e7c.tabs.0.elements.0.placeholder', 'null'),
('entryTypes.08f7de84-afcb-4315-8282-e7f3e12eb959.fieldLayouts.5e11f49e-9998-4e46-8d6f-ccf733002e7c.tabs.0.elements.0.readonly', 'false'),
('entryTypes.08f7de84-afcb-4315-8282-e7f3e12eb959.fieldLayouts.5e11f49e-9998-4e46-8d6f-ccf733002e7c.tabs.0.elements.0.requirable', 'false'),
('entryTypes.08f7de84-afcb-4315-8282-e7f3e12eb959.fieldLayouts.5e11f49e-9998-4e46-8d6f-ccf733002e7c.tabs.0.elements.0.size', 'null'),
('entryTypes.08f7de84-afcb-4315-8282-e7f3e12eb959.fieldLayouts.5e11f49e-9998-4e46-8d6f-ccf733002e7c.tabs.0.elements.0.step', 'null'),
('entryTypes.08f7de84-afcb-4315-8282-e7f3e12eb959.fieldLayouts.5e11f49e-9998-4e46-8d6f-ccf733002e7c.tabs.0.elements.0.tip', 'null'),
('entryTypes.08f7de84-afcb-4315-8282-e7f3e12eb959.fieldLayouts.5e11f49e-9998-4e46-8d6f-ccf733002e7c.tabs.0.elements.0.title', 'null'),
('entryTypes.08f7de84-afcb-4315-8282-e7f3e12eb959.fieldLayouts.5e11f49e-9998-4e46-8d6f-ccf733002e7c.tabs.0.elements.0.type', '\"craft\\\\fieldlayoutelements\\\\EntryTitleField\"'),
('entryTypes.08f7de84-afcb-4315-8282-e7f3e12eb959.fieldLayouts.5e11f49e-9998-4e46-8d6f-ccf733002e7c.tabs.0.elements.0.warning', 'null'),
('entryTypes.08f7de84-afcb-4315-8282-e7f3e12eb959.fieldLayouts.5e11f49e-9998-4e46-8d6f-ccf733002e7c.tabs.0.elements.0.width', '100'),
('entryTypes.08f7de84-afcb-4315-8282-e7f3e12eb959.fieldLayouts.5e11f49e-9998-4e46-8d6f-ccf733002e7c.tabs.0.elements.1.fieldUid', '\"8561ac4c-c848-4660-a546-010bd2e8d9a7\"'),
('entryTypes.08f7de84-afcb-4315-8282-e7f3e12eb959.fieldLayouts.5e11f49e-9998-4e46-8d6f-ccf733002e7c.tabs.0.elements.1.instructions', 'null'),
('entryTypes.08f7de84-afcb-4315-8282-e7f3e12eb959.fieldLayouts.5e11f49e-9998-4e46-8d6f-ccf733002e7c.tabs.0.elements.1.label', 'null'),
('entryTypes.08f7de84-afcb-4315-8282-e7f3e12eb959.fieldLayouts.5e11f49e-9998-4e46-8d6f-ccf733002e7c.tabs.0.elements.1.required', 'false'),
('entryTypes.08f7de84-afcb-4315-8282-e7f3e12eb959.fieldLayouts.5e11f49e-9998-4e46-8d6f-ccf733002e7c.tabs.0.elements.1.tip', 'null'),
('entryTypes.08f7de84-afcb-4315-8282-e7f3e12eb959.fieldLayouts.5e11f49e-9998-4e46-8d6f-ccf733002e7c.tabs.0.elements.1.type', '\"craft\\\\fieldlayoutelements\\\\CustomField\"'),
('entryTypes.08f7de84-afcb-4315-8282-e7f3e12eb959.fieldLayouts.5e11f49e-9998-4e46-8d6f-ccf733002e7c.tabs.0.elements.1.warning', 'null'),
('entryTypes.08f7de84-afcb-4315-8282-e7f3e12eb959.fieldLayouts.5e11f49e-9998-4e46-8d6f-ccf733002e7c.tabs.0.elements.1.width', '100'),
('entryTypes.08f7de84-afcb-4315-8282-e7f3e12eb959.fieldLayouts.5e11f49e-9998-4e46-8d6f-ccf733002e7c.tabs.0.elements.2.fieldUid', '\"f98ce2cd-2b94-426d-91e4-8718a72c9953\"'),
('entryTypes.08f7de84-afcb-4315-8282-e7f3e12eb959.fieldLayouts.5e11f49e-9998-4e46-8d6f-ccf733002e7c.tabs.0.elements.2.instructions', 'null'),
('entryTypes.08f7de84-afcb-4315-8282-e7f3e12eb959.fieldLayouts.5e11f49e-9998-4e46-8d6f-ccf733002e7c.tabs.0.elements.2.label', 'null'),
('entryTypes.08f7de84-afcb-4315-8282-e7f3e12eb959.fieldLayouts.5e11f49e-9998-4e46-8d6f-ccf733002e7c.tabs.0.elements.2.required', 'false'),
('entryTypes.08f7de84-afcb-4315-8282-e7f3e12eb959.fieldLayouts.5e11f49e-9998-4e46-8d6f-ccf733002e7c.tabs.0.elements.2.tip', 'null'),
('entryTypes.08f7de84-afcb-4315-8282-e7f3e12eb959.fieldLayouts.5e11f49e-9998-4e46-8d6f-ccf733002e7c.tabs.0.elements.2.type', '\"craft\\\\fieldlayoutelements\\\\CustomField\"'),
('entryTypes.08f7de84-afcb-4315-8282-e7f3e12eb959.fieldLayouts.5e11f49e-9998-4e46-8d6f-ccf733002e7c.tabs.0.elements.2.warning', 'null'),
('entryTypes.08f7de84-afcb-4315-8282-e7f3e12eb959.fieldLayouts.5e11f49e-9998-4e46-8d6f-ccf733002e7c.tabs.0.elements.2.width', '100'),
('entryTypes.08f7de84-afcb-4315-8282-e7f3e12eb959.fieldLayouts.5e11f49e-9998-4e46-8d6f-ccf733002e7c.tabs.0.elements.3.fieldUid', '\"8fb0e979-e646-40cc-afe3-721a8cf8d77e\"'),
('entryTypes.08f7de84-afcb-4315-8282-e7f3e12eb959.fieldLayouts.5e11f49e-9998-4e46-8d6f-ccf733002e7c.tabs.0.elements.3.instructions', 'null'),
('entryTypes.08f7de84-afcb-4315-8282-e7f3e12eb959.fieldLayouts.5e11f49e-9998-4e46-8d6f-ccf733002e7c.tabs.0.elements.3.label', 'null'),
('entryTypes.08f7de84-afcb-4315-8282-e7f3e12eb959.fieldLayouts.5e11f49e-9998-4e46-8d6f-ccf733002e7c.tabs.0.elements.3.required', 'false'),
('entryTypes.08f7de84-afcb-4315-8282-e7f3e12eb959.fieldLayouts.5e11f49e-9998-4e46-8d6f-ccf733002e7c.tabs.0.elements.3.tip', 'null'),
('entryTypes.08f7de84-afcb-4315-8282-e7f3e12eb959.fieldLayouts.5e11f49e-9998-4e46-8d6f-ccf733002e7c.tabs.0.elements.3.type', '\"craft\\\\fieldlayoutelements\\\\CustomField\"'),
('entryTypes.08f7de84-afcb-4315-8282-e7f3e12eb959.fieldLayouts.5e11f49e-9998-4e46-8d6f-ccf733002e7c.tabs.0.elements.3.warning', 'null'),
('entryTypes.08f7de84-afcb-4315-8282-e7f3e12eb959.fieldLayouts.5e11f49e-9998-4e46-8d6f-ccf733002e7c.tabs.0.elements.3.width', '100'),
('entryTypes.08f7de84-afcb-4315-8282-e7f3e12eb959.fieldLayouts.5e11f49e-9998-4e46-8d6f-ccf733002e7c.tabs.0.name', '\"Inhalt\"'),
('entryTypes.08f7de84-afcb-4315-8282-e7f3e12eb959.fieldLayouts.5e11f49e-9998-4e46-8d6f-ccf733002e7c.tabs.0.sortOrder', '1'),
('entryTypes.08f7de84-afcb-4315-8282-e7f3e12eb959.fieldLayouts.5e11f49e-9998-4e46-8d6f-ccf733002e7c.tabs.1.elements.0.fieldUid', '\"af236ed7-2045-4ee4-b6c9-fa700fec2aae\"'),
('entryTypes.08f7de84-afcb-4315-8282-e7f3e12eb959.fieldLayouts.5e11f49e-9998-4e46-8d6f-ccf733002e7c.tabs.1.elements.0.instructions', 'null'),
('entryTypes.08f7de84-afcb-4315-8282-e7f3e12eb959.fieldLayouts.5e11f49e-9998-4e46-8d6f-ccf733002e7c.tabs.1.elements.0.label', 'null'),
('entryTypes.08f7de84-afcb-4315-8282-e7f3e12eb959.fieldLayouts.5e11f49e-9998-4e46-8d6f-ccf733002e7c.tabs.1.elements.0.required', 'false'),
('entryTypes.08f7de84-afcb-4315-8282-e7f3e12eb959.fieldLayouts.5e11f49e-9998-4e46-8d6f-ccf733002e7c.tabs.1.elements.0.tip', 'null'),
('entryTypes.08f7de84-afcb-4315-8282-e7f3e12eb959.fieldLayouts.5e11f49e-9998-4e46-8d6f-ccf733002e7c.tabs.1.elements.0.type', '\"craft\\\\fieldlayoutelements\\\\CustomField\"'),
('entryTypes.08f7de84-afcb-4315-8282-e7f3e12eb959.fieldLayouts.5e11f49e-9998-4e46-8d6f-ccf733002e7c.tabs.1.elements.0.warning', 'null'),
('entryTypes.08f7de84-afcb-4315-8282-e7f3e12eb959.fieldLayouts.5e11f49e-9998-4e46-8d6f-ccf733002e7c.tabs.1.elements.0.width', '100'),
('entryTypes.08f7de84-afcb-4315-8282-e7f3e12eb959.fieldLayouts.5e11f49e-9998-4e46-8d6f-ccf733002e7c.tabs.1.elements.1.fieldUid', '\"42fda29a-485e-47ea-8f31-8d3f398a7b6d\"'),
('entryTypes.08f7de84-afcb-4315-8282-e7f3e12eb959.fieldLayouts.5e11f49e-9998-4e46-8d6f-ccf733002e7c.tabs.1.elements.1.instructions', 'null'),
('entryTypes.08f7de84-afcb-4315-8282-e7f3e12eb959.fieldLayouts.5e11f49e-9998-4e46-8d6f-ccf733002e7c.tabs.1.elements.1.label', 'null'),
('entryTypes.08f7de84-afcb-4315-8282-e7f3e12eb959.fieldLayouts.5e11f49e-9998-4e46-8d6f-ccf733002e7c.tabs.1.elements.1.required', 'false'),
('entryTypes.08f7de84-afcb-4315-8282-e7f3e12eb959.fieldLayouts.5e11f49e-9998-4e46-8d6f-ccf733002e7c.tabs.1.elements.1.tip', 'null'),
('entryTypes.08f7de84-afcb-4315-8282-e7f3e12eb959.fieldLayouts.5e11f49e-9998-4e46-8d6f-ccf733002e7c.tabs.1.elements.1.type', '\"craft\\\\fieldlayoutelements\\\\CustomField\"'),
('entryTypes.08f7de84-afcb-4315-8282-e7f3e12eb959.fieldLayouts.5e11f49e-9998-4e46-8d6f-ccf733002e7c.tabs.1.elements.1.warning', 'null'),
('entryTypes.08f7de84-afcb-4315-8282-e7f3e12eb959.fieldLayouts.5e11f49e-9998-4e46-8d6f-ccf733002e7c.tabs.1.elements.1.width', '100'),
('entryTypes.08f7de84-afcb-4315-8282-e7f3e12eb959.fieldLayouts.5e11f49e-9998-4e46-8d6f-ccf733002e7c.tabs.1.name', '\"SEO\"'),
('entryTypes.08f7de84-afcb-4315-8282-e7f3e12eb959.fieldLayouts.5e11f49e-9998-4e46-8d6f-ccf733002e7c.tabs.1.sortOrder', '2'),
('entryTypes.08f7de84-afcb-4315-8282-e7f3e12eb959.handle', '\"gutscheine\"'),
('entryTypes.08f7de84-afcb-4315-8282-e7f3e12eb959.hasTitleField', 'false'),
('entryTypes.08f7de84-afcb-4315-8282-e7f3e12eb959.name', '\"Gutscheine\"'),
('entryTypes.08f7de84-afcb-4315-8282-e7f3e12eb959.section', '\"af2f78ad-694f-4f2c-9c6f-a24a5297b71e\"'),
('entryTypes.08f7de84-afcb-4315-8282-e7f3e12eb959.sortOrder', '1'),
('entryTypes.08f7de84-afcb-4315-8282-e7f3e12eb959.titleFormat', '\"{section.name|raw}\"'),
('entryTypes.08f7de84-afcb-4315-8282-e7f3e12eb959.titleTranslationKeyFormat', 'null'),
('entryTypes.08f7de84-afcb-4315-8282-e7f3e12eb959.titleTranslationMethod', '\"site\"'),
('entryTypes.5725c7ca-a4df-44ff-94f0-7f649c96ded4.fieldLayouts.bb0c062e-9385-4aaa-b306-4c87a0d167ad.tabs.0.elements.0.autocapitalize', 'true'),
('entryTypes.5725c7ca-a4df-44ff-94f0-7f649c96ded4.fieldLayouts.bb0c062e-9385-4aaa-b306-4c87a0d167ad.tabs.0.elements.0.autocomplete', 'false'),
('entryTypes.5725c7ca-a4df-44ff-94f0-7f649c96ded4.fieldLayouts.bb0c062e-9385-4aaa-b306-4c87a0d167ad.tabs.0.elements.0.autocorrect', 'true'),
('entryTypes.5725c7ca-a4df-44ff-94f0-7f649c96ded4.fieldLayouts.bb0c062e-9385-4aaa-b306-4c87a0d167ad.tabs.0.elements.0.class', 'null'),
('entryTypes.5725c7ca-a4df-44ff-94f0-7f649c96ded4.fieldLayouts.bb0c062e-9385-4aaa-b306-4c87a0d167ad.tabs.0.elements.0.disabled', 'false'),
('entryTypes.5725c7ca-a4df-44ff-94f0-7f649c96ded4.fieldLayouts.bb0c062e-9385-4aaa-b306-4c87a0d167ad.tabs.0.elements.0.id', 'null'),
('entryTypes.5725c7ca-a4df-44ff-94f0-7f649c96ded4.fieldLayouts.bb0c062e-9385-4aaa-b306-4c87a0d167ad.tabs.0.elements.0.instructions', 'null'),
('entryTypes.5725c7ca-a4df-44ff-94f0-7f649c96ded4.fieldLayouts.bb0c062e-9385-4aaa-b306-4c87a0d167ad.tabs.0.elements.0.label', 'null'),
('entryTypes.5725c7ca-a4df-44ff-94f0-7f649c96ded4.fieldLayouts.bb0c062e-9385-4aaa-b306-4c87a0d167ad.tabs.0.elements.0.max', 'null'),
('entryTypes.5725c7ca-a4df-44ff-94f0-7f649c96ded4.fieldLayouts.bb0c062e-9385-4aaa-b306-4c87a0d167ad.tabs.0.elements.0.min', 'null'),
('entryTypes.5725c7ca-a4df-44ff-94f0-7f649c96ded4.fieldLayouts.bb0c062e-9385-4aaa-b306-4c87a0d167ad.tabs.0.elements.0.name', 'null'),
('entryTypes.5725c7ca-a4df-44ff-94f0-7f649c96ded4.fieldLayouts.bb0c062e-9385-4aaa-b306-4c87a0d167ad.tabs.0.elements.0.orientation', 'null'),
('entryTypes.5725c7ca-a4df-44ff-94f0-7f649c96ded4.fieldLayouts.bb0c062e-9385-4aaa-b306-4c87a0d167ad.tabs.0.elements.0.placeholder', 'null'),
('entryTypes.5725c7ca-a4df-44ff-94f0-7f649c96ded4.fieldLayouts.bb0c062e-9385-4aaa-b306-4c87a0d167ad.tabs.0.elements.0.readonly', 'false'),
('entryTypes.5725c7ca-a4df-44ff-94f0-7f649c96ded4.fieldLayouts.bb0c062e-9385-4aaa-b306-4c87a0d167ad.tabs.0.elements.0.requirable', 'false'),
('entryTypes.5725c7ca-a4df-44ff-94f0-7f649c96ded4.fieldLayouts.bb0c062e-9385-4aaa-b306-4c87a0d167ad.tabs.0.elements.0.size', 'null'),
('entryTypes.5725c7ca-a4df-44ff-94f0-7f649c96ded4.fieldLayouts.bb0c062e-9385-4aaa-b306-4c87a0d167ad.tabs.0.elements.0.step', 'null'),
('entryTypes.5725c7ca-a4df-44ff-94f0-7f649c96ded4.fieldLayouts.bb0c062e-9385-4aaa-b306-4c87a0d167ad.tabs.0.elements.0.tip', 'null'),
('entryTypes.5725c7ca-a4df-44ff-94f0-7f649c96ded4.fieldLayouts.bb0c062e-9385-4aaa-b306-4c87a0d167ad.tabs.0.elements.0.title', 'null'),
('entryTypes.5725c7ca-a4df-44ff-94f0-7f649c96ded4.fieldLayouts.bb0c062e-9385-4aaa-b306-4c87a0d167ad.tabs.0.elements.0.type', '\"craft\\\\fieldlayoutelements\\\\EntryTitleField\"'),
('entryTypes.5725c7ca-a4df-44ff-94f0-7f649c96ded4.fieldLayouts.bb0c062e-9385-4aaa-b306-4c87a0d167ad.tabs.0.elements.0.warning', 'null'),
('entryTypes.5725c7ca-a4df-44ff-94f0-7f649c96ded4.fieldLayouts.bb0c062e-9385-4aaa-b306-4c87a0d167ad.tabs.0.elements.0.width', '100'),
('entryTypes.5725c7ca-a4df-44ff-94f0-7f649c96ded4.fieldLayouts.bb0c062e-9385-4aaa-b306-4c87a0d167ad.tabs.0.elements.1.fieldUid', '\"8fb0e979-e646-40cc-afe3-721a8cf8d77e\"'),
('entryTypes.5725c7ca-a4df-44ff-94f0-7f649c96ded4.fieldLayouts.bb0c062e-9385-4aaa-b306-4c87a0d167ad.tabs.0.elements.1.instructions', 'null'),
('entryTypes.5725c7ca-a4df-44ff-94f0-7f649c96ded4.fieldLayouts.bb0c062e-9385-4aaa-b306-4c87a0d167ad.tabs.0.elements.1.label', 'null'),
('entryTypes.5725c7ca-a4df-44ff-94f0-7f649c96ded4.fieldLayouts.bb0c062e-9385-4aaa-b306-4c87a0d167ad.tabs.0.elements.1.required', 'false'),
('entryTypes.5725c7ca-a4df-44ff-94f0-7f649c96ded4.fieldLayouts.bb0c062e-9385-4aaa-b306-4c87a0d167ad.tabs.0.elements.1.tip', 'null'),
('entryTypes.5725c7ca-a4df-44ff-94f0-7f649c96ded4.fieldLayouts.bb0c062e-9385-4aaa-b306-4c87a0d167ad.tabs.0.elements.1.type', '\"craft\\\\fieldlayoutelements\\\\CustomField\"'),
('entryTypes.5725c7ca-a4df-44ff-94f0-7f649c96ded4.fieldLayouts.bb0c062e-9385-4aaa-b306-4c87a0d167ad.tabs.0.elements.1.warning', 'null'),
('entryTypes.5725c7ca-a4df-44ff-94f0-7f649c96ded4.fieldLayouts.bb0c062e-9385-4aaa-b306-4c87a0d167ad.tabs.0.elements.1.width', '100'),
('entryTypes.5725c7ca-a4df-44ff-94f0-7f649c96ded4.fieldLayouts.bb0c062e-9385-4aaa-b306-4c87a0d167ad.tabs.0.name', '\"Inhalt\"'),
('entryTypes.5725c7ca-a4df-44ff-94f0-7f649c96ded4.fieldLayouts.bb0c062e-9385-4aaa-b306-4c87a0d167ad.tabs.0.sortOrder', '1'),
('entryTypes.5725c7ca-a4df-44ff-94f0-7f649c96ded4.fieldLayouts.bb0c062e-9385-4aaa-b306-4c87a0d167ad.tabs.1.elements.0.fieldUid', '\"af236ed7-2045-4ee4-b6c9-fa700fec2aae\"'),
('entryTypes.5725c7ca-a4df-44ff-94f0-7f649c96ded4.fieldLayouts.bb0c062e-9385-4aaa-b306-4c87a0d167ad.tabs.1.elements.0.instructions', 'null'),
('entryTypes.5725c7ca-a4df-44ff-94f0-7f649c96ded4.fieldLayouts.bb0c062e-9385-4aaa-b306-4c87a0d167ad.tabs.1.elements.0.label', 'null'),
('entryTypes.5725c7ca-a4df-44ff-94f0-7f649c96ded4.fieldLayouts.bb0c062e-9385-4aaa-b306-4c87a0d167ad.tabs.1.elements.0.required', 'false'),
('entryTypes.5725c7ca-a4df-44ff-94f0-7f649c96ded4.fieldLayouts.bb0c062e-9385-4aaa-b306-4c87a0d167ad.tabs.1.elements.0.tip', 'null'),
('entryTypes.5725c7ca-a4df-44ff-94f0-7f649c96ded4.fieldLayouts.bb0c062e-9385-4aaa-b306-4c87a0d167ad.tabs.1.elements.0.type', '\"craft\\\\fieldlayoutelements\\\\CustomField\"'),
('entryTypes.5725c7ca-a4df-44ff-94f0-7f649c96ded4.fieldLayouts.bb0c062e-9385-4aaa-b306-4c87a0d167ad.tabs.1.elements.0.warning', 'null'),
('entryTypes.5725c7ca-a4df-44ff-94f0-7f649c96ded4.fieldLayouts.bb0c062e-9385-4aaa-b306-4c87a0d167ad.tabs.1.elements.0.width', '100'),
('entryTypes.5725c7ca-a4df-44ff-94f0-7f649c96ded4.fieldLayouts.bb0c062e-9385-4aaa-b306-4c87a0d167ad.tabs.1.elements.1.fieldUid', '\"42fda29a-485e-47ea-8f31-8d3f398a7b6d\"'),
('entryTypes.5725c7ca-a4df-44ff-94f0-7f649c96ded4.fieldLayouts.bb0c062e-9385-4aaa-b306-4c87a0d167ad.tabs.1.elements.1.instructions', 'null'),
('entryTypes.5725c7ca-a4df-44ff-94f0-7f649c96ded4.fieldLayouts.bb0c062e-9385-4aaa-b306-4c87a0d167ad.tabs.1.elements.1.label', 'null'),
('entryTypes.5725c7ca-a4df-44ff-94f0-7f649c96ded4.fieldLayouts.bb0c062e-9385-4aaa-b306-4c87a0d167ad.tabs.1.elements.1.required', 'false'),
('entryTypes.5725c7ca-a4df-44ff-94f0-7f649c96ded4.fieldLayouts.bb0c062e-9385-4aaa-b306-4c87a0d167ad.tabs.1.elements.1.tip', 'null'),
('entryTypes.5725c7ca-a4df-44ff-94f0-7f649c96ded4.fieldLayouts.bb0c062e-9385-4aaa-b306-4c87a0d167ad.tabs.1.elements.1.type', '\"craft\\\\fieldlayoutelements\\\\CustomField\"'),
('entryTypes.5725c7ca-a4df-44ff-94f0-7f649c96ded4.fieldLayouts.bb0c062e-9385-4aaa-b306-4c87a0d167ad.tabs.1.elements.1.warning', 'null'),
('entryTypes.5725c7ca-a4df-44ff-94f0-7f649c96ded4.fieldLayouts.bb0c062e-9385-4aaa-b306-4c87a0d167ad.tabs.1.elements.1.width', '100'),
('entryTypes.5725c7ca-a4df-44ff-94f0-7f649c96ded4.fieldLayouts.bb0c062e-9385-4aaa-b306-4c87a0d167ad.tabs.1.name', '\"SEO\"'),
('entryTypes.5725c7ca-a4df-44ff-94f0-7f649c96ded4.fieldLayouts.bb0c062e-9385-4aaa-b306-4c87a0d167ad.tabs.1.sortOrder', '2'),
('entryTypes.5725c7ca-a4df-44ff-94f0-7f649c96ded4.handle', '\"meineLeistungen\"'),
('entryTypes.5725c7ca-a4df-44ff-94f0-7f649c96ded4.hasTitleField', 'false'),
('entryTypes.5725c7ca-a4df-44ff-94f0-7f649c96ded4.name', '\"Meine Leistungen\"'),
('entryTypes.5725c7ca-a4df-44ff-94f0-7f649c96ded4.section', '\"23c98b12-8a47-49e0-bf93-38f9007548bd\"'),
('entryTypes.5725c7ca-a4df-44ff-94f0-7f649c96ded4.sortOrder', '1'),
('entryTypes.5725c7ca-a4df-44ff-94f0-7f649c96ded4.titleFormat', '\"{section.name|raw}\"'),
('entryTypes.5725c7ca-a4df-44ff-94f0-7f649c96ded4.titleTranslationKeyFormat', 'null'),
('entryTypes.5725c7ca-a4df-44ff-94f0-7f649c96ded4.titleTranslationMethod', '\"site\"'),
('entryTypes.88d123f3-1fe8-4858-b7f7-39ad8b15a5fc.fieldLayouts.775c625a-706d-45af-9db0-985d41dc62d9.tabs.0.elements.0.autocapitalize', 'true'),
('entryTypes.88d123f3-1fe8-4858-b7f7-39ad8b15a5fc.fieldLayouts.775c625a-706d-45af-9db0-985d41dc62d9.tabs.0.elements.0.autocomplete', 'false'),
('entryTypes.88d123f3-1fe8-4858-b7f7-39ad8b15a5fc.fieldLayouts.775c625a-706d-45af-9db0-985d41dc62d9.tabs.0.elements.0.autocorrect', 'true'),
('entryTypes.88d123f3-1fe8-4858-b7f7-39ad8b15a5fc.fieldLayouts.775c625a-706d-45af-9db0-985d41dc62d9.tabs.0.elements.0.class', 'null'),
('entryTypes.88d123f3-1fe8-4858-b7f7-39ad8b15a5fc.fieldLayouts.775c625a-706d-45af-9db0-985d41dc62d9.tabs.0.elements.0.disabled', 'false'),
('entryTypes.88d123f3-1fe8-4858-b7f7-39ad8b15a5fc.fieldLayouts.775c625a-706d-45af-9db0-985d41dc62d9.tabs.0.elements.0.id', 'null'),
('entryTypes.88d123f3-1fe8-4858-b7f7-39ad8b15a5fc.fieldLayouts.775c625a-706d-45af-9db0-985d41dc62d9.tabs.0.elements.0.instructions', 'null'),
('entryTypes.88d123f3-1fe8-4858-b7f7-39ad8b15a5fc.fieldLayouts.775c625a-706d-45af-9db0-985d41dc62d9.tabs.0.elements.0.label', 'null'),
('entryTypes.88d123f3-1fe8-4858-b7f7-39ad8b15a5fc.fieldLayouts.775c625a-706d-45af-9db0-985d41dc62d9.tabs.0.elements.0.max', 'null'),
('entryTypes.88d123f3-1fe8-4858-b7f7-39ad8b15a5fc.fieldLayouts.775c625a-706d-45af-9db0-985d41dc62d9.tabs.0.elements.0.min', 'null'),
('entryTypes.88d123f3-1fe8-4858-b7f7-39ad8b15a5fc.fieldLayouts.775c625a-706d-45af-9db0-985d41dc62d9.tabs.0.elements.0.name', 'null'),
('entryTypes.88d123f3-1fe8-4858-b7f7-39ad8b15a5fc.fieldLayouts.775c625a-706d-45af-9db0-985d41dc62d9.tabs.0.elements.0.orientation', 'null'),
('entryTypes.88d123f3-1fe8-4858-b7f7-39ad8b15a5fc.fieldLayouts.775c625a-706d-45af-9db0-985d41dc62d9.tabs.0.elements.0.placeholder', 'null'),
('entryTypes.88d123f3-1fe8-4858-b7f7-39ad8b15a5fc.fieldLayouts.775c625a-706d-45af-9db0-985d41dc62d9.tabs.0.elements.0.readonly', 'false'),
('entryTypes.88d123f3-1fe8-4858-b7f7-39ad8b15a5fc.fieldLayouts.775c625a-706d-45af-9db0-985d41dc62d9.tabs.0.elements.0.requirable', 'false'),
('entryTypes.88d123f3-1fe8-4858-b7f7-39ad8b15a5fc.fieldLayouts.775c625a-706d-45af-9db0-985d41dc62d9.tabs.0.elements.0.size', 'null'),
('entryTypes.88d123f3-1fe8-4858-b7f7-39ad8b15a5fc.fieldLayouts.775c625a-706d-45af-9db0-985d41dc62d9.tabs.0.elements.0.step', 'null'),
('entryTypes.88d123f3-1fe8-4858-b7f7-39ad8b15a5fc.fieldLayouts.775c625a-706d-45af-9db0-985d41dc62d9.tabs.0.elements.0.tip', 'null'),
('entryTypes.88d123f3-1fe8-4858-b7f7-39ad8b15a5fc.fieldLayouts.775c625a-706d-45af-9db0-985d41dc62d9.tabs.0.elements.0.title', 'null'),
('entryTypes.88d123f3-1fe8-4858-b7f7-39ad8b15a5fc.fieldLayouts.775c625a-706d-45af-9db0-985d41dc62d9.tabs.0.elements.0.type', '\"craft\\\\fieldlayoutelements\\\\EntryTitleField\"'),
('entryTypes.88d123f3-1fe8-4858-b7f7-39ad8b15a5fc.fieldLayouts.775c625a-706d-45af-9db0-985d41dc62d9.tabs.0.elements.0.warning', 'null'),
('entryTypes.88d123f3-1fe8-4858-b7f7-39ad8b15a5fc.fieldLayouts.775c625a-706d-45af-9db0-985d41dc62d9.tabs.0.elements.0.width', '100'),
('entryTypes.88d123f3-1fe8-4858-b7f7-39ad8b15a5fc.fieldLayouts.775c625a-706d-45af-9db0-985d41dc62d9.tabs.0.elements.1.fieldUid', '\"8fb0e979-e646-40cc-afe3-721a8cf8d77e\"'),
('entryTypes.88d123f3-1fe8-4858-b7f7-39ad8b15a5fc.fieldLayouts.775c625a-706d-45af-9db0-985d41dc62d9.tabs.0.elements.1.instructions', 'null'),
('entryTypes.88d123f3-1fe8-4858-b7f7-39ad8b15a5fc.fieldLayouts.775c625a-706d-45af-9db0-985d41dc62d9.tabs.0.elements.1.label', 'null'),
('entryTypes.88d123f3-1fe8-4858-b7f7-39ad8b15a5fc.fieldLayouts.775c625a-706d-45af-9db0-985d41dc62d9.tabs.0.elements.1.required', 'false'),
('entryTypes.88d123f3-1fe8-4858-b7f7-39ad8b15a5fc.fieldLayouts.775c625a-706d-45af-9db0-985d41dc62d9.tabs.0.elements.1.tip', 'null'),
('entryTypes.88d123f3-1fe8-4858-b7f7-39ad8b15a5fc.fieldLayouts.775c625a-706d-45af-9db0-985d41dc62d9.tabs.0.elements.1.type', '\"craft\\\\fieldlayoutelements\\\\CustomField\"'),
('entryTypes.88d123f3-1fe8-4858-b7f7-39ad8b15a5fc.fieldLayouts.775c625a-706d-45af-9db0-985d41dc62d9.tabs.0.elements.1.warning', 'null'),
('entryTypes.88d123f3-1fe8-4858-b7f7-39ad8b15a5fc.fieldLayouts.775c625a-706d-45af-9db0-985d41dc62d9.tabs.0.elements.1.width', '100'),
('entryTypes.88d123f3-1fe8-4858-b7f7-39ad8b15a5fc.fieldLayouts.775c625a-706d-45af-9db0-985d41dc62d9.tabs.0.name', '\"Inhalt\"'),
('entryTypes.88d123f3-1fe8-4858-b7f7-39ad8b15a5fc.fieldLayouts.775c625a-706d-45af-9db0-985d41dc62d9.tabs.0.sortOrder', '1'),
('entryTypes.88d123f3-1fe8-4858-b7f7-39ad8b15a5fc.handle', '\"impressum\"'),
('entryTypes.88d123f3-1fe8-4858-b7f7-39ad8b15a5fc.hasTitleField', 'false'),
('entryTypes.88d123f3-1fe8-4858-b7f7-39ad8b15a5fc.name', '\"Impressum\"'),
('entryTypes.88d123f3-1fe8-4858-b7f7-39ad8b15a5fc.section', '\"f237f023-4145-4676-8d9f-09615487f06e\"'),
('entryTypes.88d123f3-1fe8-4858-b7f7-39ad8b15a5fc.sortOrder', '1'),
('entryTypes.88d123f3-1fe8-4858-b7f7-39ad8b15a5fc.titleFormat', '\"{section.name|raw}\"'),
('entryTypes.88d123f3-1fe8-4858-b7f7-39ad8b15a5fc.titleTranslationKeyFormat', 'null'),
('entryTypes.88d123f3-1fe8-4858-b7f7-39ad8b15a5fc.titleTranslationMethod', '\"site\"'),
('entryTypes.91b13390-ca65-49a0-9d7f-9bd2795e15d8.fieldLayouts.c7b1450e-c7f9-4ac2-a5d6-f6ff8f366393.tabs.0.elements.0.autocapitalize', 'true'),
('entryTypes.91b13390-ca65-49a0-9d7f-9bd2795e15d8.fieldLayouts.c7b1450e-c7f9-4ac2-a5d6-f6ff8f366393.tabs.0.elements.0.autocomplete', 'false'),
('entryTypes.91b13390-ca65-49a0-9d7f-9bd2795e15d8.fieldLayouts.c7b1450e-c7f9-4ac2-a5d6-f6ff8f366393.tabs.0.elements.0.autocorrect', 'true'),
('entryTypes.91b13390-ca65-49a0-9d7f-9bd2795e15d8.fieldLayouts.c7b1450e-c7f9-4ac2-a5d6-f6ff8f366393.tabs.0.elements.0.class', 'null'),
('entryTypes.91b13390-ca65-49a0-9d7f-9bd2795e15d8.fieldLayouts.c7b1450e-c7f9-4ac2-a5d6-f6ff8f366393.tabs.0.elements.0.disabled', 'false'),
('entryTypes.91b13390-ca65-49a0-9d7f-9bd2795e15d8.fieldLayouts.c7b1450e-c7f9-4ac2-a5d6-f6ff8f366393.tabs.0.elements.0.id', 'null'),
('entryTypes.91b13390-ca65-49a0-9d7f-9bd2795e15d8.fieldLayouts.c7b1450e-c7f9-4ac2-a5d6-f6ff8f366393.tabs.0.elements.0.instructions', 'null'),
('entryTypes.91b13390-ca65-49a0-9d7f-9bd2795e15d8.fieldLayouts.c7b1450e-c7f9-4ac2-a5d6-f6ff8f366393.tabs.0.elements.0.label', 'null'),
('entryTypes.91b13390-ca65-49a0-9d7f-9bd2795e15d8.fieldLayouts.c7b1450e-c7f9-4ac2-a5d6-f6ff8f366393.tabs.0.elements.0.max', 'null'),
('entryTypes.91b13390-ca65-49a0-9d7f-9bd2795e15d8.fieldLayouts.c7b1450e-c7f9-4ac2-a5d6-f6ff8f366393.tabs.0.elements.0.min', 'null'),
('entryTypes.91b13390-ca65-49a0-9d7f-9bd2795e15d8.fieldLayouts.c7b1450e-c7f9-4ac2-a5d6-f6ff8f366393.tabs.0.elements.0.name', 'null'),
('entryTypes.91b13390-ca65-49a0-9d7f-9bd2795e15d8.fieldLayouts.c7b1450e-c7f9-4ac2-a5d6-f6ff8f366393.tabs.0.elements.0.orientation', 'null'),
('entryTypes.91b13390-ca65-49a0-9d7f-9bd2795e15d8.fieldLayouts.c7b1450e-c7f9-4ac2-a5d6-f6ff8f366393.tabs.0.elements.0.placeholder', 'null'),
('entryTypes.91b13390-ca65-49a0-9d7f-9bd2795e15d8.fieldLayouts.c7b1450e-c7f9-4ac2-a5d6-f6ff8f366393.tabs.0.elements.0.readonly', 'false'),
('entryTypes.91b13390-ca65-49a0-9d7f-9bd2795e15d8.fieldLayouts.c7b1450e-c7f9-4ac2-a5d6-f6ff8f366393.tabs.0.elements.0.requirable', 'false'),
('entryTypes.91b13390-ca65-49a0-9d7f-9bd2795e15d8.fieldLayouts.c7b1450e-c7f9-4ac2-a5d6-f6ff8f366393.tabs.0.elements.0.size', 'null'),
('entryTypes.91b13390-ca65-49a0-9d7f-9bd2795e15d8.fieldLayouts.c7b1450e-c7f9-4ac2-a5d6-f6ff8f366393.tabs.0.elements.0.step', 'null'),
('entryTypes.91b13390-ca65-49a0-9d7f-9bd2795e15d8.fieldLayouts.c7b1450e-c7f9-4ac2-a5d6-f6ff8f366393.tabs.0.elements.0.tip', 'null'),
('entryTypes.91b13390-ca65-49a0-9d7f-9bd2795e15d8.fieldLayouts.c7b1450e-c7f9-4ac2-a5d6-f6ff8f366393.tabs.0.elements.0.title', 'null'),
('entryTypes.91b13390-ca65-49a0-9d7f-9bd2795e15d8.fieldLayouts.c7b1450e-c7f9-4ac2-a5d6-f6ff8f366393.tabs.0.elements.0.type', '\"craft\\\\fieldlayoutelements\\\\EntryTitleField\"'),
('entryTypes.91b13390-ca65-49a0-9d7f-9bd2795e15d8.fieldLayouts.c7b1450e-c7f9-4ac2-a5d6-f6ff8f366393.tabs.0.elements.0.warning', 'null'),
('entryTypes.91b13390-ca65-49a0-9d7f-9bd2795e15d8.fieldLayouts.c7b1450e-c7f9-4ac2-a5d6-f6ff8f366393.tabs.0.elements.0.width', '100'),
('entryTypes.91b13390-ca65-49a0-9d7f-9bd2795e15d8.fieldLayouts.c7b1450e-c7f9-4ac2-a5d6-f6ff8f366393.tabs.0.elements.1.fieldUid', '\"8fb0e979-e646-40cc-afe3-721a8cf8d77e\"'),
('entryTypes.91b13390-ca65-49a0-9d7f-9bd2795e15d8.fieldLayouts.c7b1450e-c7f9-4ac2-a5d6-f6ff8f366393.tabs.0.elements.1.instructions', 'null'),
('entryTypes.91b13390-ca65-49a0-9d7f-9bd2795e15d8.fieldLayouts.c7b1450e-c7f9-4ac2-a5d6-f6ff8f366393.tabs.0.elements.1.label', 'null'),
('entryTypes.91b13390-ca65-49a0-9d7f-9bd2795e15d8.fieldLayouts.c7b1450e-c7f9-4ac2-a5d6-f6ff8f366393.tabs.0.elements.1.required', 'false'),
('entryTypes.91b13390-ca65-49a0-9d7f-9bd2795e15d8.fieldLayouts.c7b1450e-c7f9-4ac2-a5d6-f6ff8f366393.tabs.0.elements.1.tip', 'null'),
('entryTypes.91b13390-ca65-49a0-9d7f-9bd2795e15d8.fieldLayouts.c7b1450e-c7f9-4ac2-a5d6-f6ff8f366393.tabs.0.elements.1.type', '\"craft\\\\fieldlayoutelements\\\\CustomField\"'),
('entryTypes.91b13390-ca65-49a0-9d7f-9bd2795e15d8.fieldLayouts.c7b1450e-c7f9-4ac2-a5d6-f6ff8f366393.tabs.0.elements.1.warning', 'null'),
('entryTypes.91b13390-ca65-49a0-9d7f-9bd2795e15d8.fieldLayouts.c7b1450e-c7f9-4ac2-a5d6-f6ff8f366393.tabs.0.elements.1.width', '100'),
('entryTypes.91b13390-ca65-49a0-9d7f-9bd2795e15d8.fieldLayouts.c7b1450e-c7f9-4ac2-a5d6-f6ff8f366393.tabs.0.name', '\"Inhalt\"'),
('entryTypes.91b13390-ca65-49a0-9d7f-9bd2795e15d8.fieldLayouts.c7b1450e-c7f9-4ac2-a5d6-f6ff8f366393.tabs.0.sortOrder', '1'),
('entryTypes.91b13390-ca65-49a0-9d7f-9bd2795e15d8.handle', '\"datenschutz\"'),
('entryTypes.91b13390-ca65-49a0-9d7f-9bd2795e15d8.hasTitleField', 'false'),
('entryTypes.91b13390-ca65-49a0-9d7f-9bd2795e15d8.name', '\"Datenschutz\"'),
('entryTypes.91b13390-ca65-49a0-9d7f-9bd2795e15d8.section', '\"268380d1-da19-45ad-af3e-96da19e5ba85\"'),
('entryTypes.91b13390-ca65-49a0-9d7f-9bd2795e15d8.sortOrder', '1'),
('entryTypes.91b13390-ca65-49a0-9d7f-9bd2795e15d8.titleFormat', '\"{section.name|raw}\"'),
('entryTypes.91b13390-ca65-49a0-9d7f-9bd2795e15d8.titleTranslationKeyFormat', 'null'),
('entryTypes.91b13390-ca65-49a0-9d7f-9bd2795e15d8.titleTranslationMethod', '\"site\"'),
('entryTypes.a667ccc8-419c-4833-aa0f-d8e3fb653ad2.fieldLayouts.e9a4a3af-4496-4cbd-8cc6-bea0faa230ef.tabs.0.elements.0.autocapitalize', 'true'),
('entryTypes.a667ccc8-419c-4833-aa0f-d8e3fb653ad2.fieldLayouts.e9a4a3af-4496-4cbd-8cc6-bea0faa230ef.tabs.0.elements.0.autocomplete', 'false'),
('entryTypes.a667ccc8-419c-4833-aa0f-d8e3fb653ad2.fieldLayouts.e9a4a3af-4496-4cbd-8cc6-bea0faa230ef.tabs.0.elements.0.autocorrect', 'true'),
('entryTypes.a667ccc8-419c-4833-aa0f-d8e3fb653ad2.fieldLayouts.e9a4a3af-4496-4cbd-8cc6-bea0faa230ef.tabs.0.elements.0.class', 'null'),
('entryTypes.a667ccc8-419c-4833-aa0f-d8e3fb653ad2.fieldLayouts.e9a4a3af-4496-4cbd-8cc6-bea0faa230ef.tabs.0.elements.0.disabled', 'false'),
('entryTypes.a667ccc8-419c-4833-aa0f-d8e3fb653ad2.fieldLayouts.e9a4a3af-4496-4cbd-8cc6-bea0faa230ef.tabs.0.elements.0.id', 'null'),
('entryTypes.a667ccc8-419c-4833-aa0f-d8e3fb653ad2.fieldLayouts.e9a4a3af-4496-4cbd-8cc6-bea0faa230ef.tabs.0.elements.0.instructions', 'null'),
('entryTypes.a667ccc8-419c-4833-aa0f-d8e3fb653ad2.fieldLayouts.e9a4a3af-4496-4cbd-8cc6-bea0faa230ef.tabs.0.elements.0.label', 'null'),
('entryTypes.a667ccc8-419c-4833-aa0f-d8e3fb653ad2.fieldLayouts.e9a4a3af-4496-4cbd-8cc6-bea0faa230ef.tabs.0.elements.0.max', 'null'),
('entryTypes.a667ccc8-419c-4833-aa0f-d8e3fb653ad2.fieldLayouts.e9a4a3af-4496-4cbd-8cc6-bea0faa230ef.tabs.0.elements.0.min', 'null'),
('entryTypes.a667ccc8-419c-4833-aa0f-d8e3fb653ad2.fieldLayouts.e9a4a3af-4496-4cbd-8cc6-bea0faa230ef.tabs.0.elements.0.name', 'null'),
('entryTypes.a667ccc8-419c-4833-aa0f-d8e3fb653ad2.fieldLayouts.e9a4a3af-4496-4cbd-8cc6-bea0faa230ef.tabs.0.elements.0.orientation', 'null'),
('entryTypes.a667ccc8-419c-4833-aa0f-d8e3fb653ad2.fieldLayouts.e9a4a3af-4496-4cbd-8cc6-bea0faa230ef.tabs.0.elements.0.placeholder', 'null'),
('entryTypes.a667ccc8-419c-4833-aa0f-d8e3fb653ad2.fieldLayouts.e9a4a3af-4496-4cbd-8cc6-bea0faa230ef.tabs.0.elements.0.readonly', 'false'),
('entryTypes.a667ccc8-419c-4833-aa0f-d8e3fb653ad2.fieldLayouts.e9a4a3af-4496-4cbd-8cc6-bea0faa230ef.tabs.0.elements.0.requirable', 'false'),
('entryTypes.a667ccc8-419c-4833-aa0f-d8e3fb653ad2.fieldLayouts.e9a4a3af-4496-4cbd-8cc6-bea0faa230ef.tabs.0.elements.0.size', 'null'),
('entryTypes.a667ccc8-419c-4833-aa0f-d8e3fb653ad2.fieldLayouts.e9a4a3af-4496-4cbd-8cc6-bea0faa230ef.tabs.0.elements.0.step', 'null'),
('entryTypes.a667ccc8-419c-4833-aa0f-d8e3fb653ad2.fieldLayouts.e9a4a3af-4496-4cbd-8cc6-bea0faa230ef.tabs.0.elements.0.tip', 'null'),
('entryTypes.a667ccc8-419c-4833-aa0f-d8e3fb653ad2.fieldLayouts.e9a4a3af-4496-4cbd-8cc6-bea0faa230ef.tabs.0.elements.0.title', 'null'),
('entryTypes.a667ccc8-419c-4833-aa0f-d8e3fb653ad2.fieldLayouts.e9a4a3af-4496-4cbd-8cc6-bea0faa230ef.tabs.0.elements.0.type', '\"craft\\\\fieldlayoutelements\\\\EntryTitleField\"'),
('entryTypes.a667ccc8-419c-4833-aa0f-d8e3fb653ad2.fieldLayouts.e9a4a3af-4496-4cbd-8cc6-bea0faa230ef.tabs.0.elements.0.warning', 'null'),
('entryTypes.a667ccc8-419c-4833-aa0f-d8e3fb653ad2.fieldLayouts.e9a4a3af-4496-4cbd-8cc6-bea0faa230ef.tabs.0.elements.0.width', '100'),
('entryTypes.a667ccc8-419c-4833-aa0f-d8e3fb653ad2.fieldLayouts.e9a4a3af-4496-4cbd-8cc6-bea0faa230ef.tabs.0.elements.1.fieldUid', '\"8561ac4c-c848-4660-a546-010bd2e8d9a7\"'),
('entryTypes.a667ccc8-419c-4833-aa0f-d8e3fb653ad2.fieldLayouts.e9a4a3af-4496-4cbd-8cc6-bea0faa230ef.tabs.0.elements.1.instructions', 'null'),
('entryTypes.a667ccc8-419c-4833-aa0f-d8e3fb653ad2.fieldLayouts.e9a4a3af-4496-4cbd-8cc6-bea0faa230ef.tabs.0.elements.1.label', 'null'),
('entryTypes.a667ccc8-419c-4833-aa0f-d8e3fb653ad2.fieldLayouts.e9a4a3af-4496-4cbd-8cc6-bea0faa230ef.tabs.0.elements.1.required', 'false'),
('entryTypes.a667ccc8-419c-4833-aa0f-d8e3fb653ad2.fieldLayouts.e9a4a3af-4496-4cbd-8cc6-bea0faa230ef.tabs.0.elements.1.tip', 'null'),
('entryTypes.a667ccc8-419c-4833-aa0f-d8e3fb653ad2.fieldLayouts.e9a4a3af-4496-4cbd-8cc6-bea0faa230ef.tabs.0.elements.1.type', '\"craft\\\\fieldlayoutelements\\\\CustomField\"'),
('entryTypes.a667ccc8-419c-4833-aa0f-d8e3fb653ad2.fieldLayouts.e9a4a3af-4496-4cbd-8cc6-bea0faa230ef.tabs.0.elements.1.warning', 'null'),
('entryTypes.a667ccc8-419c-4833-aa0f-d8e3fb653ad2.fieldLayouts.e9a4a3af-4496-4cbd-8cc6-bea0faa230ef.tabs.0.elements.1.width', '100'),
('entryTypes.a667ccc8-419c-4833-aa0f-d8e3fb653ad2.fieldLayouts.e9a4a3af-4496-4cbd-8cc6-bea0faa230ef.tabs.0.elements.2.fieldUid', '\"f98ce2cd-2b94-426d-91e4-8718a72c9953\"'),
('entryTypes.a667ccc8-419c-4833-aa0f-d8e3fb653ad2.fieldLayouts.e9a4a3af-4496-4cbd-8cc6-bea0faa230ef.tabs.0.elements.2.instructions', 'null'),
('entryTypes.a667ccc8-419c-4833-aa0f-d8e3fb653ad2.fieldLayouts.e9a4a3af-4496-4cbd-8cc6-bea0faa230ef.tabs.0.elements.2.label', 'null'),
('entryTypes.a667ccc8-419c-4833-aa0f-d8e3fb653ad2.fieldLayouts.e9a4a3af-4496-4cbd-8cc6-bea0faa230ef.tabs.0.elements.2.required', 'false'),
('entryTypes.a667ccc8-419c-4833-aa0f-d8e3fb653ad2.fieldLayouts.e9a4a3af-4496-4cbd-8cc6-bea0faa230ef.tabs.0.elements.2.tip', 'null'),
('entryTypes.a667ccc8-419c-4833-aa0f-d8e3fb653ad2.fieldLayouts.e9a4a3af-4496-4cbd-8cc6-bea0faa230ef.tabs.0.elements.2.type', '\"craft\\\\fieldlayoutelements\\\\CustomField\"'),
('entryTypes.a667ccc8-419c-4833-aa0f-d8e3fb653ad2.fieldLayouts.e9a4a3af-4496-4cbd-8cc6-bea0faa230ef.tabs.0.elements.2.warning', 'null'),
('entryTypes.a667ccc8-419c-4833-aa0f-d8e3fb653ad2.fieldLayouts.e9a4a3af-4496-4cbd-8cc6-bea0faa230ef.tabs.0.elements.2.width', '100'),
('entryTypes.a667ccc8-419c-4833-aa0f-d8e3fb653ad2.fieldLayouts.e9a4a3af-4496-4cbd-8cc6-bea0faa230ef.tabs.0.elements.3.fieldUid', '\"8fb0e979-e646-40cc-afe3-721a8cf8d77e\"'),
('entryTypes.a667ccc8-419c-4833-aa0f-d8e3fb653ad2.fieldLayouts.e9a4a3af-4496-4cbd-8cc6-bea0faa230ef.tabs.0.elements.3.instructions', 'null'),
('entryTypes.a667ccc8-419c-4833-aa0f-d8e3fb653ad2.fieldLayouts.e9a4a3af-4496-4cbd-8cc6-bea0faa230ef.tabs.0.elements.3.label', 'null'),
('entryTypes.a667ccc8-419c-4833-aa0f-d8e3fb653ad2.fieldLayouts.e9a4a3af-4496-4cbd-8cc6-bea0faa230ef.tabs.0.elements.3.required', 'false'),
('entryTypes.a667ccc8-419c-4833-aa0f-d8e3fb653ad2.fieldLayouts.e9a4a3af-4496-4cbd-8cc6-bea0faa230ef.tabs.0.elements.3.tip', 'null'),
('entryTypes.a667ccc8-419c-4833-aa0f-d8e3fb653ad2.fieldLayouts.e9a4a3af-4496-4cbd-8cc6-bea0faa230ef.tabs.0.elements.3.type', '\"craft\\\\fieldlayoutelements\\\\CustomField\"'),
('entryTypes.a667ccc8-419c-4833-aa0f-d8e3fb653ad2.fieldLayouts.e9a4a3af-4496-4cbd-8cc6-bea0faa230ef.tabs.0.elements.3.warning', 'null'),
('entryTypes.a667ccc8-419c-4833-aa0f-d8e3fb653ad2.fieldLayouts.e9a4a3af-4496-4cbd-8cc6-bea0faa230ef.tabs.0.elements.3.width', '100'),
('entryTypes.a667ccc8-419c-4833-aa0f-d8e3fb653ad2.fieldLayouts.e9a4a3af-4496-4cbd-8cc6-bea0faa230ef.tabs.0.name', '\"Inhalt\"'),
('entryTypes.a667ccc8-419c-4833-aa0f-d8e3fb653ad2.fieldLayouts.e9a4a3af-4496-4cbd-8cc6-bea0faa230ef.tabs.0.sortOrder', '1'),
('entryTypes.a667ccc8-419c-4833-aa0f-d8e3fb653ad2.fieldLayouts.e9a4a3af-4496-4cbd-8cc6-bea0faa230ef.tabs.1.elements.0.fieldUid', '\"af236ed7-2045-4ee4-b6c9-fa700fec2aae\"'),
('entryTypes.a667ccc8-419c-4833-aa0f-d8e3fb653ad2.fieldLayouts.e9a4a3af-4496-4cbd-8cc6-bea0faa230ef.tabs.1.elements.0.instructions', 'null'),
('entryTypes.a667ccc8-419c-4833-aa0f-d8e3fb653ad2.fieldLayouts.e9a4a3af-4496-4cbd-8cc6-bea0faa230ef.tabs.1.elements.0.label', 'null'),
('entryTypes.a667ccc8-419c-4833-aa0f-d8e3fb653ad2.fieldLayouts.e9a4a3af-4496-4cbd-8cc6-bea0faa230ef.tabs.1.elements.0.required', 'false'),
('entryTypes.a667ccc8-419c-4833-aa0f-d8e3fb653ad2.fieldLayouts.e9a4a3af-4496-4cbd-8cc6-bea0faa230ef.tabs.1.elements.0.tip', 'null'),
('entryTypes.a667ccc8-419c-4833-aa0f-d8e3fb653ad2.fieldLayouts.e9a4a3af-4496-4cbd-8cc6-bea0faa230ef.tabs.1.elements.0.type', '\"craft\\\\fieldlayoutelements\\\\CustomField\"'),
('entryTypes.a667ccc8-419c-4833-aa0f-d8e3fb653ad2.fieldLayouts.e9a4a3af-4496-4cbd-8cc6-bea0faa230ef.tabs.1.elements.0.warning', 'null'),
('entryTypes.a667ccc8-419c-4833-aa0f-d8e3fb653ad2.fieldLayouts.e9a4a3af-4496-4cbd-8cc6-bea0faa230ef.tabs.1.elements.0.width', '100'),
('entryTypes.a667ccc8-419c-4833-aa0f-d8e3fb653ad2.fieldLayouts.e9a4a3af-4496-4cbd-8cc6-bea0faa230ef.tabs.1.elements.1.fieldUid', '\"42fda29a-485e-47ea-8f31-8d3f398a7b6d\"'),
('entryTypes.a667ccc8-419c-4833-aa0f-d8e3fb653ad2.fieldLayouts.e9a4a3af-4496-4cbd-8cc6-bea0faa230ef.tabs.1.elements.1.instructions', 'null'),
('entryTypes.a667ccc8-419c-4833-aa0f-d8e3fb653ad2.fieldLayouts.e9a4a3af-4496-4cbd-8cc6-bea0faa230ef.tabs.1.elements.1.label', 'null'),
('entryTypes.a667ccc8-419c-4833-aa0f-d8e3fb653ad2.fieldLayouts.e9a4a3af-4496-4cbd-8cc6-bea0faa230ef.tabs.1.elements.1.required', 'false'),
('entryTypes.a667ccc8-419c-4833-aa0f-d8e3fb653ad2.fieldLayouts.e9a4a3af-4496-4cbd-8cc6-bea0faa230ef.tabs.1.elements.1.tip', 'null'),
('entryTypes.a667ccc8-419c-4833-aa0f-d8e3fb653ad2.fieldLayouts.e9a4a3af-4496-4cbd-8cc6-bea0faa230ef.tabs.1.elements.1.type', '\"craft\\\\fieldlayoutelements\\\\CustomField\"'),
('entryTypes.a667ccc8-419c-4833-aa0f-d8e3fb653ad2.fieldLayouts.e9a4a3af-4496-4cbd-8cc6-bea0faa230ef.tabs.1.elements.1.warning', 'null'),
('entryTypes.a667ccc8-419c-4833-aa0f-d8e3fb653ad2.fieldLayouts.e9a4a3af-4496-4cbd-8cc6-bea0faa230ef.tabs.1.elements.1.width', '100'),
('entryTypes.a667ccc8-419c-4833-aa0f-d8e3fb653ad2.fieldLayouts.e9a4a3af-4496-4cbd-8cc6-bea0faa230ef.tabs.1.name', '\"SEO\"'),
('entryTypes.a667ccc8-419c-4833-aa0f-d8e3fb653ad2.fieldLayouts.e9a4a3af-4496-4cbd-8cc6-bea0faa230ef.tabs.1.sortOrder', '2'),
('entryTypes.a667ccc8-419c-4833-aa0f-d8e3fb653ad2.handle', '\"AboutmePage\"'),
('entryTypes.a667ccc8-419c-4833-aa0f-d8e3fb653ad2.hasTitleField', 'false'),
('entryTypes.a667ccc8-419c-4833-aa0f-d8e3fb653ad2.name', '\"Aboutme Page\"'),
('entryTypes.a667ccc8-419c-4833-aa0f-d8e3fb653ad2.section', '\"bd67bf27-4250-46ec-86a0-f94172ca1cd8\"'),
('entryTypes.a667ccc8-419c-4833-aa0f-d8e3fb653ad2.sortOrder', '1'),
('entryTypes.a667ccc8-419c-4833-aa0f-d8e3fb653ad2.titleFormat', '\"ber mich\"'),
('entryTypes.a667ccc8-419c-4833-aa0f-d8e3fb653ad2.titleTranslationKeyFormat', 'null'),
('entryTypes.a667ccc8-419c-4833-aa0f-d8e3fb653ad2.titleTranslationMethod', '\"site\"'),
('entryTypes.c93f785e-a2de-4be1-b982-2b15a9ecfb52.fieldLayouts.73bdaee5-80f1-4c84-96f9-a3978531ed64.tabs.0.elements.0.autocapitalize', 'true'),
('entryTypes.c93f785e-a2de-4be1-b982-2b15a9ecfb52.fieldLayouts.73bdaee5-80f1-4c84-96f9-a3978531ed64.tabs.0.elements.0.autocomplete', 'false'),
('entryTypes.c93f785e-a2de-4be1-b982-2b15a9ecfb52.fieldLayouts.73bdaee5-80f1-4c84-96f9-a3978531ed64.tabs.0.elements.0.autocorrect', 'true'),
('entryTypes.c93f785e-a2de-4be1-b982-2b15a9ecfb52.fieldLayouts.73bdaee5-80f1-4c84-96f9-a3978531ed64.tabs.0.elements.0.class', 'null'),
('entryTypes.c93f785e-a2de-4be1-b982-2b15a9ecfb52.fieldLayouts.73bdaee5-80f1-4c84-96f9-a3978531ed64.tabs.0.elements.0.disabled', 'false'),
('entryTypes.c93f785e-a2de-4be1-b982-2b15a9ecfb52.fieldLayouts.73bdaee5-80f1-4c84-96f9-a3978531ed64.tabs.0.elements.0.id', 'null'),
('entryTypes.c93f785e-a2de-4be1-b982-2b15a9ecfb52.fieldLayouts.73bdaee5-80f1-4c84-96f9-a3978531ed64.tabs.0.elements.0.instructions', 'null'),
('entryTypes.c93f785e-a2de-4be1-b982-2b15a9ecfb52.fieldLayouts.73bdaee5-80f1-4c84-96f9-a3978531ed64.tabs.0.elements.0.label', 'null'),
('entryTypes.c93f785e-a2de-4be1-b982-2b15a9ecfb52.fieldLayouts.73bdaee5-80f1-4c84-96f9-a3978531ed64.tabs.0.elements.0.max', 'null'),
('entryTypes.c93f785e-a2de-4be1-b982-2b15a9ecfb52.fieldLayouts.73bdaee5-80f1-4c84-96f9-a3978531ed64.tabs.0.elements.0.min', 'null'),
('entryTypes.c93f785e-a2de-4be1-b982-2b15a9ecfb52.fieldLayouts.73bdaee5-80f1-4c84-96f9-a3978531ed64.tabs.0.elements.0.name', 'null'),
('entryTypes.c93f785e-a2de-4be1-b982-2b15a9ecfb52.fieldLayouts.73bdaee5-80f1-4c84-96f9-a3978531ed64.tabs.0.elements.0.orientation', 'null'),
('entryTypes.c93f785e-a2de-4be1-b982-2b15a9ecfb52.fieldLayouts.73bdaee5-80f1-4c84-96f9-a3978531ed64.tabs.0.elements.0.placeholder', 'null'),
('entryTypes.c93f785e-a2de-4be1-b982-2b15a9ecfb52.fieldLayouts.73bdaee5-80f1-4c84-96f9-a3978531ed64.tabs.0.elements.0.readonly', 'false'),
('entryTypes.c93f785e-a2de-4be1-b982-2b15a9ecfb52.fieldLayouts.73bdaee5-80f1-4c84-96f9-a3978531ed64.tabs.0.elements.0.requirable', 'false'),
('entryTypes.c93f785e-a2de-4be1-b982-2b15a9ecfb52.fieldLayouts.73bdaee5-80f1-4c84-96f9-a3978531ed64.tabs.0.elements.0.size', 'null'),
('entryTypes.c93f785e-a2de-4be1-b982-2b15a9ecfb52.fieldLayouts.73bdaee5-80f1-4c84-96f9-a3978531ed64.tabs.0.elements.0.step', 'null'),
('entryTypes.c93f785e-a2de-4be1-b982-2b15a9ecfb52.fieldLayouts.73bdaee5-80f1-4c84-96f9-a3978531ed64.tabs.0.elements.0.tip', 'null'),
('entryTypes.c93f785e-a2de-4be1-b982-2b15a9ecfb52.fieldLayouts.73bdaee5-80f1-4c84-96f9-a3978531ed64.tabs.0.elements.0.title', 'null'),
('entryTypes.c93f785e-a2de-4be1-b982-2b15a9ecfb52.fieldLayouts.73bdaee5-80f1-4c84-96f9-a3978531ed64.tabs.0.elements.0.type', '\"craft\\\\fieldlayoutelements\\\\EntryTitleField\"'),
('entryTypes.c93f785e-a2de-4be1-b982-2b15a9ecfb52.fieldLayouts.73bdaee5-80f1-4c84-96f9-a3978531ed64.tabs.0.elements.0.warning', 'null'),
('entryTypes.c93f785e-a2de-4be1-b982-2b15a9ecfb52.fieldLayouts.73bdaee5-80f1-4c84-96f9-a3978531ed64.tabs.0.elements.0.width', '100'),
('entryTypes.c93f785e-a2de-4be1-b982-2b15a9ecfb52.fieldLayouts.73bdaee5-80f1-4c84-96f9-a3978531ed64.tabs.0.elements.1.heading', '\"Hero\"'),
('entryTypes.c93f785e-a2de-4be1-b982-2b15a9ecfb52.fieldLayouts.73bdaee5-80f1-4c84-96f9-a3978531ed64.tabs.0.elements.1.type', '\"craft\\\\fieldlayoutelements\\\\Heading\"'),
('entryTypes.c93f785e-a2de-4be1-b982-2b15a9ecfb52.fieldLayouts.73bdaee5-80f1-4c84-96f9-a3978531ed64.tabs.0.elements.2.fieldUid', '\"8561ac4c-c848-4660-a546-010bd2e8d9a7\"'),
('entryTypes.c93f785e-a2de-4be1-b982-2b15a9ecfb52.fieldLayouts.73bdaee5-80f1-4c84-96f9-a3978531ed64.tabs.0.elements.2.instructions', 'null'),
('entryTypes.c93f785e-a2de-4be1-b982-2b15a9ecfb52.fieldLayouts.73bdaee5-80f1-4c84-96f9-a3978531ed64.tabs.0.elements.2.label', 'null'),
('entryTypes.c93f785e-a2de-4be1-b982-2b15a9ecfb52.fieldLayouts.73bdaee5-80f1-4c84-96f9-a3978531ed64.tabs.0.elements.2.required', 'false'),
('entryTypes.c93f785e-a2de-4be1-b982-2b15a9ecfb52.fieldLayouts.73bdaee5-80f1-4c84-96f9-a3978531ed64.tabs.0.elements.2.tip', 'null'),
('entryTypes.c93f785e-a2de-4be1-b982-2b15a9ecfb52.fieldLayouts.73bdaee5-80f1-4c84-96f9-a3978531ed64.tabs.0.elements.2.type', '\"craft\\\\fieldlayoutelements\\\\CustomField\"'),
('entryTypes.c93f785e-a2de-4be1-b982-2b15a9ecfb52.fieldLayouts.73bdaee5-80f1-4c84-96f9-a3978531ed64.tabs.0.elements.2.warning', 'null'),
('entryTypes.c93f785e-a2de-4be1-b982-2b15a9ecfb52.fieldLayouts.73bdaee5-80f1-4c84-96f9-a3978531ed64.tabs.0.elements.2.width', '100'),
('entryTypes.c93f785e-a2de-4be1-b982-2b15a9ecfb52.fieldLayouts.73bdaee5-80f1-4c84-96f9-a3978531ed64.tabs.0.elements.3.fieldUid', '\"f98ce2cd-2b94-426d-91e4-8718a72c9953\"'),
('entryTypes.c93f785e-a2de-4be1-b982-2b15a9ecfb52.fieldLayouts.73bdaee5-80f1-4c84-96f9-a3978531ed64.tabs.0.elements.3.instructions', 'null'),
('entryTypes.c93f785e-a2de-4be1-b982-2b15a9ecfb52.fieldLayouts.73bdaee5-80f1-4c84-96f9-a3978531ed64.tabs.0.elements.3.label', 'null'),
('entryTypes.c93f785e-a2de-4be1-b982-2b15a9ecfb52.fieldLayouts.73bdaee5-80f1-4c84-96f9-a3978531ed64.tabs.0.elements.3.required', 'false'),
('entryTypes.c93f785e-a2de-4be1-b982-2b15a9ecfb52.fieldLayouts.73bdaee5-80f1-4c84-96f9-a3978531ed64.tabs.0.elements.3.tip', 'null'),
('entryTypes.c93f785e-a2de-4be1-b982-2b15a9ecfb52.fieldLayouts.73bdaee5-80f1-4c84-96f9-a3978531ed64.tabs.0.elements.3.type', '\"craft\\\\fieldlayoutelements\\\\CustomField\"'),
('entryTypes.c93f785e-a2de-4be1-b982-2b15a9ecfb52.fieldLayouts.73bdaee5-80f1-4c84-96f9-a3978531ed64.tabs.0.elements.3.warning', 'null'),
('entryTypes.c93f785e-a2de-4be1-b982-2b15a9ecfb52.fieldLayouts.73bdaee5-80f1-4c84-96f9-a3978531ed64.tabs.0.elements.3.width', '100'),
('entryTypes.c93f785e-a2de-4be1-b982-2b15a9ecfb52.fieldLayouts.73bdaee5-80f1-4c84-96f9-a3978531ed64.tabs.0.name', '\"Hero Section\"'),
('entryTypes.c93f785e-a2de-4be1-b982-2b15a9ecfb52.fieldLayouts.73bdaee5-80f1-4c84-96f9-a3978531ed64.tabs.0.sortOrder', '1'),
('entryTypes.c93f785e-a2de-4be1-b982-2b15a9ecfb52.fieldLayouts.73bdaee5-80f1-4c84-96f9-a3978531ed64.tabs.1.elements.0.fieldUid', '\"25416666-89ae-45f3-bdae-0b78a5309146\"'),
('entryTypes.c93f785e-a2de-4be1-b982-2b15a9ecfb52.fieldLayouts.73bdaee5-80f1-4c84-96f9-a3978531ed64.tabs.1.elements.0.instructions', 'null'),
('entryTypes.c93f785e-a2de-4be1-b982-2b15a9ecfb52.fieldLayouts.73bdaee5-80f1-4c84-96f9-a3978531ed64.tabs.1.elements.0.label', 'null'),
('entryTypes.c93f785e-a2de-4be1-b982-2b15a9ecfb52.fieldLayouts.73bdaee5-80f1-4c84-96f9-a3978531ed64.tabs.1.elements.0.required', 'false'),
('entryTypes.c93f785e-a2de-4be1-b982-2b15a9ecfb52.fieldLayouts.73bdaee5-80f1-4c84-96f9-a3978531ed64.tabs.1.elements.0.tip', 'null'),
('entryTypes.c93f785e-a2de-4be1-b982-2b15a9ecfb52.fieldLayouts.73bdaee5-80f1-4c84-96f9-a3978531ed64.tabs.1.elements.0.type', '\"craft\\\\fieldlayoutelements\\\\CustomField\"'),
('entryTypes.c93f785e-a2de-4be1-b982-2b15a9ecfb52.fieldLayouts.73bdaee5-80f1-4c84-96f9-a3978531ed64.tabs.1.elements.0.warning', 'null'),
('entryTypes.c93f785e-a2de-4be1-b982-2b15a9ecfb52.fieldLayouts.73bdaee5-80f1-4c84-96f9-a3978531ed64.tabs.1.elements.0.width', '100'),
('entryTypes.c93f785e-a2de-4be1-b982-2b15a9ecfb52.fieldLayouts.73bdaee5-80f1-4c84-96f9-a3978531ed64.tabs.1.elements.1.fieldUid', '\"d645fef7-04c9-4031-ab1b-44743af9f212\"'),
('entryTypes.c93f785e-a2de-4be1-b982-2b15a9ecfb52.fieldLayouts.73bdaee5-80f1-4c84-96f9-a3978531ed64.tabs.1.elements.1.instructions', 'null'),
('entryTypes.c93f785e-a2de-4be1-b982-2b15a9ecfb52.fieldLayouts.73bdaee5-80f1-4c84-96f9-a3978531ed64.tabs.1.elements.1.label', 'null'),
('entryTypes.c93f785e-a2de-4be1-b982-2b15a9ecfb52.fieldLayouts.73bdaee5-80f1-4c84-96f9-a3978531ed64.tabs.1.elements.1.required', 'false'),
('entryTypes.c93f785e-a2de-4be1-b982-2b15a9ecfb52.fieldLayouts.73bdaee5-80f1-4c84-96f9-a3978531ed64.tabs.1.elements.1.tip', 'null'),
('entryTypes.c93f785e-a2de-4be1-b982-2b15a9ecfb52.fieldLayouts.73bdaee5-80f1-4c84-96f9-a3978531ed64.tabs.1.elements.1.type', '\"craft\\\\fieldlayoutelements\\\\CustomField\"'),
('entryTypes.c93f785e-a2de-4be1-b982-2b15a9ecfb52.fieldLayouts.73bdaee5-80f1-4c84-96f9-a3978531ed64.tabs.1.elements.1.warning', 'null'),
('entryTypes.c93f785e-a2de-4be1-b982-2b15a9ecfb52.fieldLayouts.73bdaee5-80f1-4c84-96f9-a3978531ed64.tabs.1.elements.1.width', '100'),
('entryTypes.c93f785e-a2de-4be1-b982-2b15a9ecfb52.fieldLayouts.73bdaee5-80f1-4c84-96f9-a3978531ed64.tabs.1.name', '\"Info Section\"'),
('entryTypes.c93f785e-a2de-4be1-b982-2b15a9ecfb52.fieldLayouts.73bdaee5-80f1-4c84-96f9-a3978531ed64.tabs.1.sortOrder', '2'),
('entryTypes.c93f785e-a2de-4be1-b982-2b15a9ecfb52.fieldLayouts.73bdaee5-80f1-4c84-96f9-a3978531ed64.tabs.2.elements.0.fieldUid', '\"17c50b66-f3d0-4d17-a8f1-db8e8761e219\"'),
('entryTypes.c93f785e-a2de-4be1-b982-2b15a9ecfb52.fieldLayouts.73bdaee5-80f1-4c84-96f9-a3978531ed64.tabs.2.elements.0.instructions', 'null'),
('entryTypes.c93f785e-a2de-4be1-b982-2b15a9ecfb52.fieldLayouts.73bdaee5-80f1-4c84-96f9-a3978531ed64.tabs.2.elements.0.label', 'null'),
('entryTypes.c93f785e-a2de-4be1-b982-2b15a9ecfb52.fieldLayouts.73bdaee5-80f1-4c84-96f9-a3978531ed64.tabs.2.elements.0.required', 'false'),
('entryTypes.c93f785e-a2de-4be1-b982-2b15a9ecfb52.fieldLayouts.73bdaee5-80f1-4c84-96f9-a3978531ed64.tabs.2.elements.0.tip', 'null'),
('entryTypes.c93f785e-a2de-4be1-b982-2b15a9ecfb52.fieldLayouts.73bdaee5-80f1-4c84-96f9-a3978531ed64.tabs.2.elements.0.type', '\"craft\\\\fieldlayoutelements\\\\CustomField\"'),
('entryTypes.c93f785e-a2de-4be1-b982-2b15a9ecfb52.fieldLayouts.73bdaee5-80f1-4c84-96f9-a3978531ed64.tabs.2.elements.0.warning', 'null'),
('entryTypes.c93f785e-a2de-4be1-b982-2b15a9ecfb52.fieldLayouts.73bdaee5-80f1-4c84-96f9-a3978531ed64.tabs.2.elements.0.width', '100'),
('entryTypes.c93f785e-a2de-4be1-b982-2b15a9ecfb52.fieldLayouts.73bdaee5-80f1-4c84-96f9-a3978531ed64.tabs.2.elements.1.fieldUid', '\"67ea3ad6-5894-4622-8a04-84e1cf8ea798\"'),
('entryTypes.c93f785e-a2de-4be1-b982-2b15a9ecfb52.fieldLayouts.73bdaee5-80f1-4c84-96f9-a3978531ed64.tabs.2.elements.1.instructions', 'null'),
('entryTypes.c93f785e-a2de-4be1-b982-2b15a9ecfb52.fieldLayouts.73bdaee5-80f1-4c84-96f9-a3978531ed64.tabs.2.elements.1.label', 'null'),
('entryTypes.c93f785e-a2de-4be1-b982-2b15a9ecfb52.fieldLayouts.73bdaee5-80f1-4c84-96f9-a3978531ed64.tabs.2.elements.1.required', 'false'),
('entryTypes.c93f785e-a2de-4be1-b982-2b15a9ecfb52.fieldLayouts.73bdaee5-80f1-4c84-96f9-a3978531ed64.tabs.2.elements.1.tip', 'null'),
('entryTypes.c93f785e-a2de-4be1-b982-2b15a9ecfb52.fieldLayouts.73bdaee5-80f1-4c84-96f9-a3978531ed64.tabs.2.elements.1.type', '\"craft\\\\fieldlayoutelements\\\\CustomField\"'),
('entryTypes.c93f785e-a2de-4be1-b982-2b15a9ecfb52.fieldLayouts.73bdaee5-80f1-4c84-96f9-a3978531ed64.tabs.2.elements.1.warning', 'null'),
('entryTypes.c93f785e-a2de-4be1-b982-2b15a9ecfb52.fieldLayouts.73bdaee5-80f1-4c84-96f9-a3978531ed64.tabs.2.elements.1.width', '100'),
('entryTypes.c93f785e-a2de-4be1-b982-2b15a9ecfb52.fieldLayouts.73bdaee5-80f1-4c84-96f9-a3978531ed64.tabs.2.elements.2.fieldUid', '\"6064b14c-104b-493b-893f-55f095596408\"'),
('entryTypes.c93f785e-a2de-4be1-b982-2b15a9ecfb52.fieldLayouts.73bdaee5-80f1-4c84-96f9-a3978531ed64.tabs.2.elements.2.instructions', 'null'),
('entryTypes.c93f785e-a2de-4be1-b982-2b15a9ecfb52.fieldLayouts.73bdaee5-80f1-4c84-96f9-a3978531ed64.tabs.2.elements.2.label', 'null'),
('entryTypes.c93f785e-a2de-4be1-b982-2b15a9ecfb52.fieldLayouts.73bdaee5-80f1-4c84-96f9-a3978531ed64.tabs.2.elements.2.required', 'false'),
('entryTypes.c93f785e-a2de-4be1-b982-2b15a9ecfb52.fieldLayouts.73bdaee5-80f1-4c84-96f9-a3978531ed64.tabs.2.elements.2.tip', 'null'),
('entryTypes.c93f785e-a2de-4be1-b982-2b15a9ecfb52.fieldLayouts.73bdaee5-80f1-4c84-96f9-a3978531ed64.tabs.2.elements.2.type', '\"craft\\\\fieldlayoutelements\\\\CustomField\"'),
('entryTypes.c93f785e-a2de-4be1-b982-2b15a9ecfb52.fieldLayouts.73bdaee5-80f1-4c84-96f9-a3978531ed64.tabs.2.elements.2.warning', 'null'),
('entryTypes.c93f785e-a2de-4be1-b982-2b15a9ecfb52.fieldLayouts.73bdaee5-80f1-4c84-96f9-a3978531ed64.tabs.2.elements.2.width', '100'),
('entryTypes.c93f785e-a2de-4be1-b982-2b15a9ecfb52.fieldLayouts.73bdaee5-80f1-4c84-96f9-a3978531ed64.tabs.2.elements.3.fieldUid', '\"8fb0e979-e646-40cc-afe3-721a8cf8d77e\"'),
('entryTypes.c93f785e-a2de-4be1-b982-2b15a9ecfb52.fieldLayouts.73bdaee5-80f1-4c84-96f9-a3978531ed64.tabs.2.elements.3.instructions', 'null'),
('entryTypes.c93f785e-a2de-4be1-b982-2b15a9ecfb52.fieldLayouts.73bdaee5-80f1-4c84-96f9-a3978531ed64.tabs.2.elements.3.label', 'null'),
('entryTypes.c93f785e-a2de-4be1-b982-2b15a9ecfb52.fieldLayouts.73bdaee5-80f1-4c84-96f9-a3978531ed64.tabs.2.elements.3.required', 'false'),
('entryTypes.c93f785e-a2de-4be1-b982-2b15a9ecfb52.fieldLayouts.73bdaee5-80f1-4c84-96f9-a3978531ed64.tabs.2.elements.3.tip', 'null'),
('entryTypes.c93f785e-a2de-4be1-b982-2b15a9ecfb52.fieldLayouts.73bdaee5-80f1-4c84-96f9-a3978531ed64.tabs.2.elements.3.type', '\"craft\\\\fieldlayoutelements\\\\CustomField\"'),
('entryTypes.c93f785e-a2de-4be1-b982-2b15a9ecfb52.fieldLayouts.73bdaee5-80f1-4c84-96f9-a3978531ed64.tabs.2.elements.3.warning', 'null'),
('entryTypes.c93f785e-a2de-4be1-b982-2b15a9ecfb52.fieldLayouts.73bdaee5-80f1-4c84-96f9-a3978531ed64.tabs.2.elements.3.width', '100'),
('entryTypes.c93f785e-a2de-4be1-b982-2b15a9ecfb52.fieldLayouts.73bdaee5-80f1-4c84-96f9-a3978531ed64.tabs.2.name', '\"Price Section\"'),
('entryTypes.c93f785e-a2de-4be1-b982-2b15a9ecfb52.fieldLayouts.73bdaee5-80f1-4c84-96f9-a3978531ed64.tabs.2.sortOrder', '3'),
('entryTypes.c93f785e-a2de-4be1-b982-2b15a9ecfb52.fieldLayouts.73bdaee5-80f1-4c84-96f9-a3978531ed64.tabs.3.elements.0.fieldUid', '\"a1d469ad-3f70-49ce-aa72-447b35b47384\"'),
('entryTypes.c93f785e-a2de-4be1-b982-2b15a9ecfb52.fieldLayouts.73bdaee5-80f1-4c84-96f9-a3978531ed64.tabs.3.elements.0.instructions', 'null'),
('entryTypes.c93f785e-a2de-4be1-b982-2b15a9ecfb52.fieldLayouts.73bdaee5-80f1-4c84-96f9-a3978531ed64.tabs.3.elements.0.label', 'null'),
('entryTypes.c93f785e-a2de-4be1-b982-2b15a9ecfb52.fieldLayouts.73bdaee5-80f1-4c84-96f9-a3978531ed64.tabs.3.elements.0.required', 'false'),
('entryTypes.c93f785e-a2de-4be1-b982-2b15a9ecfb52.fieldLayouts.73bdaee5-80f1-4c84-96f9-a3978531ed64.tabs.3.elements.0.tip', 'null'),
('entryTypes.c93f785e-a2de-4be1-b982-2b15a9ecfb52.fieldLayouts.73bdaee5-80f1-4c84-96f9-a3978531ed64.tabs.3.elements.0.type', '\"craft\\\\fieldlayoutelements\\\\CustomField\"'),
('entryTypes.c93f785e-a2de-4be1-b982-2b15a9ecfb52.fieldLayouts.73bdaee5-80f1-4c84-96f9-a3978531ed64.tabs.3.elements.0.warning', 'null'),
('entryTypes.c93f785e-a2de-4be1-b982-2b15a9ecfb52.fieldLayouts.73bdaee5-80f1-4c84-96f9-a3978531ed64.tabs.3.elements.0.width', '100'),
('entryTypes.c93f785e-a2de-4be1-b982-2b15a9ecfb52.fieldLayouts.73bdaee5-80f1-4c84-96f9-a3978531ed64.tabs.3.elements.1.fieldUid', '\"572db231-fb3a-4729-82dd-898c7a612e53\"'),
('entryTypes.c93f785e-a2de-4be1-b982-2b15a9ecfb52.fieldLayouts.73bdaee5-80f1-4c84-96f9-a3978531ed64.tabs.3.elements.1.instructions', '\"\"'),
('entryTypes.c93f785e-a2de-4be1-b982-2b15a9ecfb52.fieldLayouts.73bdaee5-80f1-4c84-96f9-a3978531ed64.tabs.3.elements.1.label', '\"Text About Section\"'),
('entryTypes.c93f785e-a2de-4be1-b982-2b15a9ecfb52.fieldLayouts.73bdaee5-80f1-4c84-96f9-a3978531ed64.tabs.3.elements.1.required', '\"\"'),
('entryTypes.c93f785e-a2de-4be1-b982-2b15a9ecfb52.fieldLayouts.73bdaee5-80f1-4c84-96f9-a3978531ed64.tabs.3.elements.1.tip', 'null'),
('entryTypes.c93f785e-a2de-4be1-b982-2b15a9ecfb52.fieldLayouts.73bdaee5-80f1-4c84-96f9-a3978531ed64.tabs.3.elements.1.type', '\"craft\\\\fieldlayoutelements\\\\CustomField\"'),
('entryTypes.c93f785e-a2de-4be1-b982-2b15a9ecfb52.fieldLayouts.73bdaee5-80f1-4c84-96f9-a3978531ed64.tabs.3.elements.1.warning', 'null'),
('entryTypes.c93f785e-a2de-4be1-b982-2b15a9ecfb52.fieldLayouts.73bdaee5-80f1-4c84-96f9-a3978531ed64.tabs.3.elements.1.width', '100'),
('entryTypes.c93f785e-a2de-4be1-b982-2b15a9ecfb52.fieldLayouts.73bdaee5-80f1-4c84-96f9-a3978531ed64.tabs.3.name', '\"About Section\"'),
('entryTypes.c93f785e-a2de-4be1-b982-2b15a9ecfb52.fieldLayouts.73bdaee5-80f1-4c84-96f9-a3978531ed64.tabs.3.sortOrder', '4'),
('entryTypes.c93f785e-a2de-4be1-b982-2b15a9ecfb52.fieldLayouts.73bdaee5-80f1-4c84-96f9-a3978531ed64.tabs.4.elements.0.fieldUid', '\"3c305284-1691-42f8-b66f-fe348952a2ab\"'),
('entryTypes.c93f785e-a2de-4be1-b982-2b15a9ecfb52.fieldLayouts.73bdaee5-80f1-4c84-96f9-a3978531ed64.tabs.4.elements.0.instructions', 'null'),
('entryTypes.c93f785e-a2de-4be1-b982-2b15a9ecfb52.fieldLayouts.73bdaee5-80f1-4c84-96f9-a3978531ed64.tabs.4.elements.0.label', 'null'),
('entryTypes.c93f785e-a2de-4be1-b982-2b15a9ecfb52.fieldLayouts.73bdaee5-80f1-4c84-96f9-a3978531ed64.tabs.4.elements.0.required', 'false'),
('entryTypes.c93f785e-a2de-4be1-b982-2b15a9ecfb52.fieldLayouts.73bdaee5-80f1-4c84-96f9-a3978531ed64.tabs.4.elements.0.tip', 'null'),
('entryTypes.c93f785e-a2de-4be1-b982-2b15a9ecfb52.fieldLayouts.73bdaee5-80f1-4c84-96f9-a3978531ed64.tabs.4.elements.0.type', '\"craft\\\\fieldlayoutelements\\\\CustomField\"'),
('entryTypes.c93f785e-a2de-4be1-b982-2b15a9ecfb52.fieldLayouts.73bdaee5-80f1-4c84-96f9-a3978531ed64.tabs.4.elements.0.warning', 'null'),
('entryTypes.c93f785e-a2de-4be1-b982-2b15a9ecfb52.fieldLayouts.73bdaee5-80f1-4c84-96f9-a3978531ed64.tabs.4.elements.0.width', '100'),
('entryTypes.c93f785e-a2de-4be1-b982-2b15a9ecfb52.fieldLayouts.73bdaee5-80f1-4c84-96f9-a3978531ed64.tabs.4.name', '\"Testimonials\"'),
('entryTypes.c93f785e-a2de-4be1-b982-2b15a9ecfb52.fieldLayouts.73bdaee5-80f1-4c84-96f9-a3978531ed64.tabs.4.sortOrder', '5'),
('entryTypes.c93f785e-a2de-4be1-b982-2b15a9ecfb52.fieldLayouts.73bdaee5-80f1-4c84-96f9-a3978531ed64.tabs.5.elements.0.fieldUid', '\"1bf39833-e1d7-47ad-8cec-0e5f634ecfeb\"'),
('entryTypes.c93f785e-a2de-4be1-b982-2b15a9ecfb52.fieldLayouts.73bdaee5-80f1-4c84-96f9-a3978531ed64.tabs.5.elements.0.instructions', 'null'),
('entryTypes.c93f785e-a2de-4be1-b982-2b15a9ecfb52.fieldLayouts.73bdaee5-80f1-4c84-96f9-a3978531ed64.tabs.5.elements.0.label', 'null'),
('entryTypes.c93f785e-a2de-4be1-b982-2b15a9ecfb52.fieldLayouts.73bdaee5-80f1-4c84-96f9-a3978531ed64.tabs.5.elements.0.required', 'false'),
('entryTypes.c93f785e-a2de-4be1-b982-2b15a9ecfb52.fieldLayouts.73bdaee5-80f1-4c84-96f9-a3978531ed64.tabs.5.elements.0.tip', 'null'),
('entryTypes.c93f785e-a2de-4be1-b982-2b15a9ecfb52.fieldLayouts.73bdaee5-80f1-4c84-96f9-a3978531ed64.tabs.5.elements.0.type', '\"craft\\\\fieldlayoutelements\\\\CustomField\"'),
('entryTypes.c93f785e-a2de-4be1-b982-2b15a9ecfb52.fieldLayouts.73bdaee5-80f1-4c84-96f9-a3978531ed64.tabs.5.elements.0.warning', 'null'),
('entryTypes.c93f785e-a2de-4be1-b982-2b15a9ecfb52.fieldLayouts.73bdaee5-80f1-4c84-96f9-a3978531ed64.tabs.5.elements.0.width', '100'),
('entryTypes.c93f785e-a2de-4be1-b982-2b15a9ecfb52.fieldLayouts.73bdaee5-80f1-4c84-96f9-a3978531ed64.tabs.5.elements.1.fieldUid', '\"7e3b3ae6-f422-47dc-96c7-602eef92f190\"'),
('entryTypes.c93f785e-a2de-4be1-b982-2b15a9ecfb52.fieldLayouts.73bdaee5-80f1-4c84-96f9-a3978531ed64.tabs.5.elements.1.instructions', 'null'),
('entryTypes.c93f785e-a2de-4be1-b982-2b15a9ecfb52.fieldLayouts.73bdaee5-80f1-4c84-96f9-a3978531ed64.tabs.5.elements.1.label', 'null'),
('entryTypes.c93f785e-a2de-4be1-b982-2b15a9ecfb52.fieldLayouts.73bdaee5-80f1-4c84-96f9-a3978531ed64.tabs.5.elements.1.required', 'false'),
('entryTypes.c93f785e-a2de-4be1-b982-2b15a9ecfb52.fieldLayouts.73bdaee5-80f1-4c84-96f9-a3978531ed64.tabs.5.elements.1.tip', 'null'),
('entryTypes.c93f785e-a2de-4be1-b982-2b15a9ecfb52.fieldLayouts.73bdaee5-80f1-4c84-96f9-a3978531ed64.tabs.5.elements.1.type', '\"craft\\\\fieldlayoutelements\\\\CustomField\"'),
('entryTypes.c93f785e-a2de-4be1-b982-2b15a9ecfb52.fieldLayouts.73bdaee5-80f1-4c84-96f9-a3978531ed64.tabs.5.elements.1.warning', 'null'),
('entryTypes.c93f785e-a2de-4be1-b982-2b15a9ecfb52.fieldLayouts.73bdaee5-80f1-4c84-96f9-a3978531ed64.tabs.5.elements.1.width', '100'),
('entryTypes.c93f785e-a2de-4be1-b982-2b15a9ecfb52.fieldLayouts.73bdaee5-80f1-4c84-96f9-a3978531ed64.tabs.5.name', '\"Gutschein Section\"'),
('entryTypes.c93f785e-a2de-4be1-b982-2b15a9ecfb52.fieldLayouts.73bdaee5-80f1-4c84-96f9-a3978531ed64.tabs.5.sortOrder', '6'),
('entryTypes.c93f785e-a2de-4be1-b982-2b15a9ecfb52.fieldLayouts.73bdaee5-80f1-4c84-96f9-a3978531ed64.tabs.6.elements.0.fieldUid', '\"af236ed7-2045-4ee4-b6c9-fa700fec2aae\"'),
('entryTypes.c93f785e-a2de-4be1-b982-2b15a9ecfb52.fieldLayouts.73bdaee5-80f1-4c84-96f9-a3978531ed64.tabs.6.elements.0.instructions', 'null'),
('entryTypes.c93f785e-a2de-4be1-b982-2b15a9ecfb52.fieldLayouts.73bdaee5-80f1-4c84-96f9-a3978531ed64.tabs.6.elements.0.label', 'null'),
('entryTypes.c93f785e-a2de-4be1-b982-2b15a9ecfb52.fieldLayouts.73bdaee5-80f1-4c84-96f9-a3978531ed64.tabs.6.elements.0.required', 'false'),
('entryTypes.c93f785e-a2de-4be1-b982-2b15a9ecfb52.fieldLayouts.73bdaee5-80f1-4c84-96f9-a3978531ed64.tabs.6.elements.0.tip', 'null'),
('entryTypes.c93f785e-a2de-4be1-b982-2b15a9ecfb52.fieldLayouts.73bdaee5-80f1-4c84-96f9-a3978531ed64.tabs.6.elements.0.type', '\"craft\\\\fieldlayoutelements\\\\CustomField\"'),
('entryTypes.c93f785e-a2de-4be1-b982-2b15a9ecfb52.fieldLayouts.73bdaee5-80f1-4c84-96f9-a3978531ed64.tabs.6.elements.0.warning', 'null'),
('entryTypes.c93f785e-a2de-4be1-b982-2b15a9ecfb52.fieldLayouts.73bdaee5-80f1-4c84-96f9-a3978531ed64.tabs.6.elements.0.width', '100'),
('entryTypes.c93f785e-a2de-4be1-b982-2b15a9ecfb52.fieldLayouts.73bdaee5-80f1-4c84-96f9-a3978531ed64.tabs.6.elements.1.fieldUid', '\"42fda29a-485e-47ea-8f31-8d3f398a7b6d\"'),
('entryTypes.c93f785e-a2de-4be1-b982-2b15a9ecfb52.fieldLayouts.73bdaee5-80f1-4c84-96f9-a3978531ed64.tabs.6.elements.1.instructions', 'null'),
('entryTypes.c93f785e-a2de-4be1-b982-2b15a9ecfb52.fieldLayouts.73bdaee5-80f1-4c84-96f9-a3978531ed64.tabs.6.elements.1.label', 'null'),
('entryTypes.c93f785e-a2de-4be1-b982-2b15a9ecfb52.fieldLayouts.73bdaee5-80f1-4c84-96f9-a3978531ed64.tabs.6.elements.1.required', 'false'),
('entryTypes.c93f785e-a2de-4be1-b982-2b15a9ecfb52.fieldLayouts.73bdaee5-80f1-4c84-96f9-a3978531ed64.tabs.6.elements.1.tip', 'null'),
('entryTypes.c93f785e-a2de-4be1-b982-2b15a9ecfb52.fieldLayouts.73bdaee5-80f1-4c84-96f9-a3978531ed64.tabs.6.elements.1.type', '\"craft\\\\fieldlayoutelements\\\\CustomField\"'),
('entryTypes.c93f785e-a2de-4be1-b982-2b15a9ecfb52.fieldLayouts.73bdaee5-80f1-4c84-96f9-a3978531ed64.tabs.6.elements.1.warning', 'null'),
('entryTypes.c93f785e-a2de-4be1-b982-2b15a9ecfb52.fieldLayouts.73bdaee5-80f1-4c84-96f9-a3978531ed64.tabs.6.elements.1.width', '100'),
('entryTypes.c93f785e-a2de-4be1-b982-2b15a9ecfb52.fieldLayouts.73bdaee5-80f1-4c84-96f9-a3978531ed64.tabs.6.name', '\"SEO\"'),
('entryTypes.c93f785e-a2de-4be1-b982-2b15a9ecfb52.fieldLayouts.73bdaee5-80f1-4c84-96f9-a3978531ed64.tabs.6.sortOrder', '7'),
('entryTypes.c93f785e-a2de-4be1-b982-2b15a9ecfb52.handle', '\"home\"'),
('entryTypes.c93f785e-a2de-4be1-b982-2b15a9ecfb52.hasTitleField', 'false'),
('entryTypes.c93f785e-a2de-4be1-b982-2b15a9ecfb52.name', '\"Home\"'),
('entryTypes.c93f785e-a2de-4be1-b982-2b15a9ecfb52.section', '\"745244db-cd1b-4b14-ab0f-07d6ddcf070f\"'),
('entryTypes.c93f785e-a2de-4be1-b982-2b15a9ecfb52.sortOrder', '1'),
('entryTypes.c93f785e-a2de-4be1-b982-2b15a9ecfb52.titleFormat', '\"{section.name|raw}\"'),
('entryTypes.c93f785e-a2de-4be1-b982-2b15a9ecfb52.titleTranslationKeyFormat', 'null'),
('entryTypes.c93f785e-a2de-4be1-b982-2b15a9ecfb52.titleTranslationMethod', '\"site\"'),
('entryTypes.d955bedd-4720-4536-84d6-fa27e730d27a.fieldLayouts.18e9a50b-8932-4666-9c41-2b1bb5dd6320.tabs.0.elements.0.autocapitalize', 'true'),
('entryTypes.d955bedd-4720-4536-84d6-fa27e730d27a.fieldLayouts.18e9a50b-8932-4666-9c41-2b1bb5dd6320.tabs.0.elements.0.autocomplete', 'false'),
('entryTypes.d955bedd-4720-4536-84d6-fa27e730d27a.fieldLayouts.18e9a50b-8932-4666-9c41-2b1bb5dd6320.tabs.0.elements.0.autocorrect', 'true'),
('entryTypes.d955bedd-4720-4536-84d6-fa27e730d27a.fieldLayouts.18e9a50b-8932-4666-9c41-2b1bb5dd6320.tabs.0.elements.0.class', 'null'),
('entryTypes.d955bedd-4720-4536-84d6-fa27e730d27a.fieldLayouts.18e9a50b-8932-4666-9c41-2b1bb5dd6320.tabs.0.elements.0.disabled', 'false'),
('entryTypes.d955bedd-4720-4536-84d6-fa27e730d27a.fieldLayouts.18e9a50b-8932-4666-9c41-2b1bb5dd6320.tabs.0.elements.0.id', 'null'),
('entryTypes.d955bedd-4720-4536-84d6-fa27e730d27a.fieldLayouts.18e9a50b-8932-4666-9c41-2b1bb5dd6320.tabs.0.elements.0.instructions', 'null'),
('entryTypes.d955bedd-4720-4536-84d6-fa27e730d27a.fieldLayouts.18e9a50b-8932-4666-9c41-2b1bb5dd6320.tabs.0.elements.0.label', 'null'),
('entryTypes.d955bedd-4720-4536-84d6-fa27e730d27a.fieldLayouts.18e9a50b-8932-4666-9c41-2b1bb5dd6320.tabs.0.elements.0.max', 'null'),
('entryTypes.d955bedd-4720-4536-84d6-fa27e730d27a.fieldLayouts.18e9a50b-8932-4666-9c41-2b1bb5dd6320.tabs.0.elements.0.min', 'null'),
('entryTypes.d955bedd-4720-4536-84d6-fa27e730d27a.fieldLayouts.18e9a50b-8932-4666-9c41-2b1bb5dd6320.tabs.0.elements.0.name', 'null'),
('entryTypes.d955bedd-4720-4536-84d6-fa27e730d27a.fieldLayouts.18e9a50b-8932-4666-9c41-2b1bb5dd6320.tabs.0.elements.0.orientation', 'null'),
('entryTypes.d955bedd-4720-4536-84d6-fa27e730d27a.fieldLayouts.18e9a50b-8932-4666-9c41-2b1bb5dd6320.tabs.0.elements.0.placeholder', 'null'),
('entryTypes.d955bedd-4720-4536-84d6-fa27e730d27a.fieldLayouts.18e9a50b-8932-4666-9c41-2b1bb5dd6320.tabs.0.elements.0.readonly', 'false'),
('entryTypes.d955bedd-4720-4536-84d6-fa27e730d27a.fieldLayouts.18e9a50b-8932-4666-9c41-2b1bb5dd6320.tabs.0.elements.0.requirable', 'false'),
('entryTypes.d955bedd-4720-4536-84d6-fa27e730d27a.fieldLayouts.18e9a50b-8932-4666-9c41-2b1bb5dd6320.tabs.0.elements.0.size', 'null'),
('entryTypes.d955bedd-4720-4536-84d6-fa27e730d27a.fieldLayouts.18e9a50b-8932-4666-9c41-2b1bb5dd6320.tabs.0.elements.0.step', 'null'),
('entryTypes.d955bedd-4720-4536-84d6-fa27e730d27a.fieldLayouts.18e9a50b-8932-4666-9c41-2b1bb5dd6320.tabs.0.elements.0.tip', 'null'),
('entryTypes.d955bedd-4720-4536-84d6-fa27e730d27a.fieldLayouts.18e9a50b-8932-4666-9c41-2b1bb5dd6320.tabs.0.elements.0.title', 'null'),
('entryTypes.d955bedd-4720-4536-84d6-fa27e730d27a.fieldLayouts.18e9a50b-8932-4666-9c41-2b1bb5dd6320.tabs.0.elements.0.type', '\"craft\\\\fieldlayoutelements\\\\EntryTitleField\"'),
('entryTypes.d955bedd-4720-4536-84d6-fa27e730d27a.fieldLayouts.18e9a50b-8932-4666-9c41-2b1bb5dd6320.tabs.0.elements.0.warning', 'null'),
('entryTypes.d955bedd-4720-4536-84d6-fa27e730d27a.fieldLayouts.18e9a50b-8932-4666-9c41-2b1bb5dd6320.tabs.0.elements.0.width', '100'),
('entryTypes.d955bedd-4720-4536-84d6-fa27e730d27a.fieldLayouts.18e9a50b-8932-4666-9c41-2b1bb5dd6320.tabs.0.elements.1.heading', '\"Content\"'),
('entryTypes.d955bedd-4720-4536-84d6-fa27e730d27a.fieldLayouts.18e9a50b-8932-4666-9c41-2b1bb5dd6320.tabs.0.elements.1.type', '\"craft\\\\fieldlayoutelements\\\\Heading\"'),
('entryTypes.d955bedd-4720-4536-84d6-fa27e730d27a.fieldLayouts.18e9a50b-8932-4666-9c41-2b1bb5dd6320.tabs.0.elements.2.fieldUid', '\"4fd5d92e-484c-47a3-b63b-5443cb2736db\"'),
('entryTypes.d955bedd-4720-4536-84d6-fa27e730d27a.fieldLayouts.18e9a50b-8932-4666-9c41-2b1bb5dd6320.tabs.0.elements.2.instructions', 'null'),
('entryTypes.d955bedd-4720-4536-84d6-fa27e730d27a.fieldLayouts.18e9a50b-8932-4666-9c41-2b1bb5dd6320.tabs.0.elements.2.label', 'null'),
('entryTypes.d955bedd-4720-4536-84d6-fa27e730d27a.fieldLayouts.18e9a50b-8932-4666-9c41-2b1bb5dd6320.tabs.0.elements.2.required', 'false'),
('entryTypes.d955bedd-4720-4536-84d6-fa27e730d27a.fieldLayouts.18e9a50b-8932-4666-9c41-2b1bb5dd6320.tabs.0.elements.2.tip', 'null'),
('entryTypes.d955bedd-4720-4536-84d6-fa27e730d27a.fieldLayouts.18e9a50b-8932-4666-9c41-2b1bb5dd6320.tabs.0.elements.2.type', '\"craft\\\\fieldlayoutelements\\\\CustomField\"'),
('entryTypes.d955bedd-4720-4536-84d6-fa27e730d27a.fieldLayouts.18e9a50b-8932-4666-9c41-2b1bb5dd6320.tabs.0.elements.2.warning', 'null'),
('entryTypes.d955bedd-4720-4536-84d6-fa27e730d27a.fieldLayouts.18e9a50b-8932-4666-9c41-2b1bb5dd6320.tabs.0.elements.2.width', '100'),
('entryTypes.d955bedd-4720-4536-84d6-fa27e730d27a.fieldLayouts.18e9a50b-8932-4666-9c41-2b1bb5dd6320.tabs.0.name', '\"Content\"'),
('entryTypes.d955bedd-4720-4536-84d6-fa27e730d27a.fieldLayouts.18e9a50b-8932-4666-9c41-2b1bb5dd6320.tabs.0.sortOrder', '1'),
('entryTypes.d955bedd-4720-4536-84d6-fa27e730d27a.handle', '\"default\"'),
('entryTypes.d955bedd-4720-4536-84d6-fa27e730d27a.hasTitleField', 'true'),
('entryTypes.d955bedd-4720-4536-84d6-fa27e730d27a.name', '\"Default\"'),
('entryTypes.d955bedd-4720-4536-84d6-fa27e730d27a.section', '\"1854f3be-cac9-430d-bde8-9093b969668c\"'),
('entryTypes.d955bedd-4720-4536-84d6-fa27e730d27a.sortOrder', '1'),
('entryTypes.d955bedd-4720-4536-84d6-fa27e730d27a.titleFormat', 'null'),
('entryTypes.d955bedd-4720-4536-84d6-fa27e730d27a.titleTranslationKeyFormat', 'null');

INSERT INTO `projectconfig` (`path`, `value`) VALUES
('entryTypes.d955bedd-4720-4536-84d6-fa27e730d27a.titleTranslationMethod', '\"site\"'),
('entryTypes.d9acb357-0bae-493c-920c-a7a137bc18db.fieldLayouts.e4cc50dc-68e7-4030-8d4c-0f2131722b33.tabs.0.elements.0.autocapitalize', 'true'),
('entryTypes.d9acb357-0bae-493c-920c-a7a137bc18db.fieldLayouts.e4cc50dc-68e7-4030-8d4c-0f2131722b33.tabs.0.elements.0.autocomplete', 'false'),
('entryTypes.d9acb357-0bae-493c-920c-a7a137bc18db.fieldLayouts.e4cc50dc-68e7-4030-8d4c-0f2131722b33.tabs.0.elements.0.autocorrect', 'true'),
('entryTypes.d9acb357-0bae-493c-920c-a7a137bc18db.fieldLayouts.e4cc50dc-68e7-4030-8d4c-0f2131722b33.tabs.0.elements.0.class', 'null'),
('entryTypes.d9acb357-0bae-493c-920c-a7a137bc18db.fieldLayouts.e4cc50dc-68e7-4030-8d4c-0f2131722b33.tabs.0.elements.0.disabled', 'false'),
('entryTypes.d9acb357-0bae-493c-920c-a7a137bc18db.fieldLayouts.e4cc50dc-68e7-4030-8d4c-0f2131722b33.tabs.0.elements.0.id', 'null'),
('entryTypes.d9acb357-0bae-493c-920c-a7a137bc18db.fieldLayouts.e4cc50dc-68e7-4030-8d4c-0f2131722b33.tabs.0.elements.0.instructions', '\"\"'),
('entryTypes.d9acb357-0bae-493c-920c-a7a137bc18db.fieldLayouts.e4cc50dc-68e7-4030-8d4c-0f2131722b33.tabs.0.elements.0.label', '\"__blank__\"'),
('entryTypes.d9acb357-0bae-493c-920c-a7a137bc18db.fieldLayouts.e4cc50dc-68e7-4030-8d4c-0f2131722b33.tabs.0.elements.0.max', 'null'),
('entryTypes.d9acb357-0bae-493c-920c-a7a137bc18db.fieldLayouts.e4cc50dc-68e7-4030-8d4c-0f2131722b33.tabs.0.elements.0.min', 'null'),
('entryTypes.d9acb357-0bae-493c-920c-a7a137bc18db.fieldLayouts.e4cc50dc-68e7-4030-8d4c-0f2131722b33.tabs.0.elements.0.name', 'null'),
('entryTypes.d9acb357-0bae-493c-920c-a7a137bc18db.fieldLayouts.e4cc50dc-68e7-4030-8d4c-0f2131722b33.tabs.0.elements.0.orientation', 'null'),
('entryTypes.d9acb357-0bae-493c-920c-a7a137bc18db.fieldLayouts.e4cc50dc-68e7-4030-8d4c-0f2131722b33.tabs.0.elements.0.placeholder', 'null'),
('entryTypes.d9acb357-0bae-493c-920c-a7a137bc18db.fieldLayouts.e4cc50dc-68e7-4030-8d4c-0f2131722b33.tabs.0.elements.0.readonly', 'false'),
('entryTypes.d9acb357-0bae-493c-920c-a7a137bc18db.fieldLayouts.e4cc50dc-68e7-4030-8d4c-0f2131722b33.tabs.0.elements.0.requirable', 'false'),
('entryTypes.d9acb357-0bae-493c-920c-a7a137bc18db.fieldLayouts.e4cc50dc-68e7-4030-8d4c-0f2131722b33.tabs.0.elements.0.size', 'null'),
('entryTypes.d9acb357-0bae-493c-920c-a7a137bc18db.fieldLayouts.e4cc50dc-68e7-4030-8d4c-0f2131722b33.tabs.0.elements.0.step', 'null'),
('entryTypes.d9acb357-0bae-493c-920c-a7a137bc18db.fieldLayouts.e4cc50dc-68e7-4030-8d4c-0f2131722b33.tabs.0.elements.0.tip', 'null'),
('entryTypes.d9acb357-0bae-493c-920c-a7a137bc18db.fieldLayouts.e4cc50dc-68e7-4030-8d4c-0f2131722b33.tabs.0.elements.0.title', 'null'),
('entryTypes.d9acb357-0bae-493c-920c-a7a137bc18db.fieldLayouts.e4cc50dc-68e7-4030-8d4c-0f2131722b33.tabs.0.elements.0.type', '\"craft\\\\fieldlayoutelements\\\\EntryTitleField\"'),
('entryTypes.d9acb357-0bae-493c-920c-a7a137bc18db.fieldLayouts.e4cc50dc-68e7-4030-8d4c-0f2131722b33.tabs.0.elements.0.warning', 'null'),
('entryTypes.d9acb357-0bae-493c-920c-a7a137bc18db.fieldLayouts.e4cc50dc-68e7-4030-8d4c-0f2131722b33.tabs.0.elements.0.width', '100'),
('entryTypes.d9acb357-0bae-493c-920c-a7a137bc18db.fieldLayouts.e4cc50dc-68e7-4030-8d4c-0f2131722b33.tabs.0.elements.1.fieldUid', '\"af236ed7-2045-4ee4-b6c9-fa700fec2aae\"'),
('entryTypes.d9acb357-0bae-493c-920c-a7a137bc18db.fieldLayouts.e4cc50dc-68e7-4030-8d4c-0f2131722b33.tabs.0.elements.1.instructions', 'null'),
('entryTypes.d9acb357-0bae-493c-920c-a7a137bc18db.fieldLayouts.e4cc50dc-68e7-4030-8d4c-0f2131722b33.tabs.0.elements.1.label', 'null'),
('entryTypes.d9acb357-0bae-493c-920c-a7a137bc18db.fieldLayouts.e4cc50dc-68e7-4030-8d4c-0f2131722b33.tabs.0.elements.1.required', 'false'),
('entryTypes.d9acb357-0bae-493c-920c-a7a137bc18db.fieldLayouts.e4cc50dc-68e7-4030-8d4c-0f2131722b33.tabs.0.elements.1.tip', 'null'),
('entryTypes.d9acb357-0bae-493c-920c-a7a137bc18db.fieldLayouts.e4cc50dc-68e7-4030-8d4c-0f2131722b33.tabs.0.elements.1.type', '\"craft\\\\fieldlayoutelements\\\\CustomField\"'),
('entryTypes.d9acb357-0bae-493c-920c-a7a137bc18db.fieldLayouts.e4cc50dc-68e7-4030-8d4c-0f2131722b33.tabs.0.elements.1.warning', 'null'),
('entryTypes.d9acb357-0bae-493c-920c-a7a137bc18db.fieldLayouts.e4cc50dc-68e7-4030-8d4c-0f2131722b33.tabs.0.elements.1.width', '100'),
('entryTypes.d9acb357-0bae-493c-920c-a7a137bc18db.fieldLayouts.e4cc50dc-68e7-4030-8d4c-0f2131722b33.tabs.0.elements.2.fieldUid', '\"42fda29a-485e-47ea-8f31-8d3f398a7b6d\"'),
('entryTypes.d9acb357-0bae-493c-920c-a7a137bc18db.fieldLayouts.e4cc50dc-68e7-4030-8d4c-0f2131722b33.tabs.0.elements.2.instructions', 'null'),
('entryTypes.d9acb357-0bae-493c-920c-a7a137bc18db.fieldLayouts.e4cc50dc-68e7-4030-8d4c-0f2131722b33.tabs.0.elements.2.label', 'null'),
('entryTypes.d9acb357-0bae-493c-920c-a7a137bc18db.fieldLayouts.e4cc50dc-68e7-4030-8d4c-0f2131722b33.tabs.0.elements.2.required', 'false'),
('entryTypes.d9acb357-0bae-493c-920c-a7a137bc18db.fieldLayouts.e4cc50dc-68e7-4030-8d4c-0f2131722b33.tabs.0.elements.2.tip', 'null'),
('entryTypes.d9acb357-0bae-493c-920c-a7a137bc18db.fieldLayouts.e4cc50dc-68e7-4030-8d4c-0f2131722b33.tabs.0.elements.2.type', '\"craft\\\\fieldlayoutelements\\\\CustomField\"'),
('entryTypes.d9acb357-0bae-493c-920c-a7a137bc18db.fieldLayouts.e4cc50dc-68e7-4030-8d4c-0f2131722b33.tabs.0.elements.2.warning', 'null'),
('entryTypes.d9acb357-0bae-493c-920c-a7a137bc18db.fieldLayouts.e4cc50dc-68e7-4030-8d4c-0f2131722b33.tabs.0.elements.2.width', '100'),
('entryTypes.d9acb357-0bae-493c-920c-a7a137bc18db.fieldLayouts.e4cc50dc-68e7-4030-8d4c-0f2131722b33.tabs.0.name', '\"SEO\"'),
('entryTypes.d9acb357-0bae-493c-920c-a7a137bc18db.fieldLayouts.e4cc50dc-68e7-4030-8d4c-0f2131722b33.tabs.0.sortOrder', '1'),
('entryTypes.d9acb357-0bae-493c-920c-a7a137bc18db.handle', '\"kontakt\"'),
('entryTypes.d9acb357-0bae-493c-920c-a7a137bc18db.hasTitleField', 'false'),
('entryTypes.d9acb357-0bae-493c-920c-a7a137bc18db.name', '\"Kontakt\"'),
('entryTypes.d9acb357-0bae-493c-920c-a7a137bc18db.section', '\"e9673d58-ed0a-4be7-bb0f-0f4654358814\"'),
('entryTypes.d9acb357-0bae-493c-920c-a7a137bc18db.sortOrder', '1'),
('entryTypes.d9acb357-0bae-493c-920c-a7a137bc18db.titleFormat', '\"{section.name|raw}\"'),
('entryTypes.d9acb357-0bae-493c-920c-a7a137bc18db.titleTranslationKeyFormat', 'null'),
('entryTypes.d9acb357-0bae-493c-920c-a7a137bc18db.titleTranslationMethod', '\"site\"'),
('fieldGroups.09faf330-8a6d-43fb-8902-634963e2b596.name', '\"Cards\"'),
('fieldGroups.1e51ec97-9959-4860-8d78-a37833c6a526.name', '\"Common\"'),
('fieldGroups.329d3f94-a4e8-4c89-9242-99ad3287d1a5.name', '\"Navigation\"'),
('fieldGroups.3a741c4b-6ec9-42e1-8baf-16ee0d35e092.name', '\"Contact Form\"'),
('fieldGroups.709d1f4c-cde7-4279-b196-7dbd0d3c1d4a.name', '\"HeroSection\"'),
('fieldGroups.9eb431c5-7fe6-4c45-be5d-6c94ade7993e.name', '\"Assets\"'),
('fieldGroups.be62c9df-631a-4395-99fc-94e2eda37b7b.name', '\"ContentBuilder\"'),
('fieldGroups.c50f1c8e-3b3c-429a-8e0d-ff677581fce0.name', '\"SEO\"'),
('fieldGroups.cc7d01e7-6d4f-4329-8f74-68b700b031d0.name', '\"Gutschein Section\"'),
('fieldGroups.f935160c-f13f-4345-a1b2-964ccaf23ef6.name', '\"Slider Content\"'),
('fields.05cf1190-eee5-446e-86fb-2f2803720b03.columnSuffix', '\"sctkoeyp\"'),
('fields.05cf1190-eee5-446e-86fb-2f2803720b03.contentColumnType', '\"text\"'),
('fields.05cf1190-eee5-446e-86fb-2f2803720b03.fieldGroup', '\"3a741c4b-6ec9-42e1-8baf-16ee0d35e092\"'),
('fields.05cf1190-eee5-446e-86fb-2f2803720b03.handle', '\"contactH2\"'),
('fields.05cf1190-eee5-446e-86fb-2f2803720b03.instructions', '\"\"'),
('fields.05cf1190-eee5-446e-86fb-2f2803720b03.name', '\"Contact H2\"'),
('fields.05cf1190-eee5-446e-86fb-2f2803720b03.searchable', 'false'),
('fields.05cf1190-eee5-446e-86fb-2f2803720b03.settings.byteLimit', 'null'),
('fields.05cf1190-eee5-446e-86fb-2f2803720b03.settings.charLimit', 'null'),
('fields.05cf1190-eee5-446e-86fb-2f2803720b03.settings.code', '\"\"'),
('fields.05cf1190-eee5-446e-86fb-2f2803720b03.settings.columnType', 'null'),
('fields.05cf1190-eee5-446e-86fb-2f2803720b03.settings.initialRows', '\"4\"'),
('fields.05cf1190-eee5-446e-86fb-2f2803720b03.settings.multiline', '\"\"'),
('fields.05cf1190-eee5-446e-86fb-2f2803720b03.settings.placeholder', '\"Hier kommt die berschrift vom Kontakt Feld hin\"'),
('fields.05cf1190-eee5-446e-86fb-2f2803720b03.settings.uiMode', '\"normal\"'),
('fields.05cf1190-eee5-446e-86fb-2f2803720b03.translationKeyFormat', 'null'),
('fields.05cf1190-eee5-446e-86fb-2f2803720b03.translationMethod', '\"none\"'),
('fields.05cf1190-eee5-446e-86fb-2f2803720b03.type', '\"craft\\\\fields\\\\PlainText\"'),
('fields.10beb2fb-9f4c-4f5a-8196-2f65fa1fbb8b.columnSuffix', '\"rsinwvae\"'),
('fields.10beb2fb-9f4c-4f5a-8196-2f65fa1fbb8b.contentColumnType', '\"string(255)\"'),
('fields.10beb2fb-9f4c-4f5a-8196-2f65fa1fbb8b.fieldGroup', '\"3a741c4b-6ec9-42e1-8baf-16ee0d35e092\"'),
('fields.10beb2fb-9f4c-4f5a-8196-2f65fa1fbb8b.handle', '\"instagramLink\"'),
('fields.10beb2fb-9f4c-4f5a-8196-2f65fa1fbb8b.instructions', '\"\"'),
('fields.10beb2fb-9f4c-4f5a-8196-2f65fa1fbb8b.name', '\"Instagram Link\"'),
('fields.10beb2fb-9f4c-4f5a-8196-2f65fa1fbb8b.searchable', 'false'),
('fields.10beb2fb-9f4c-4f5a-8196-2f65fa1fbb8b.settings.maxLength', '\"255\"'),
('fields.10beb2fb-9f4c-4f5a-8196-2f65fa1fbb8b.settings.placeholder', 'null'),
('fields.10beb2fb-9f4c-4f5a-8196-2f65fa1fbb8b.settings.types.0', '\"url\"'),
('fields.10beb2fb-9f4c-4f5a-8196-2f65fa1fbb8b.translationKeyFormat', 'null'),
('fields.10beb2fb-9f4c-4f5a-8196-2f65fa1fbb8b.translationMethod', '\"none\"'),
('fields.10beb2fb-9f4c-4f5a-8196-2f65fa1fbb8b.type', '\"craft\\\\fields\\\\Url\"'),
('fields.17c50b66-f3d0-4d17-a8f1-db8e8761e219.columnSuffix', '\"zevnqzav\"'),
('fields.17c50b66-f3d0-4d17-a8f1-db8e8761e219.contentColumnType', '\"text\"'),
('fields.17c50b66-f3d0-4d17-a8f1-db8e8761e219.fieldGroup', '\"1e51ec97-9959-4860-8d78-a37833c6a526\"'),
('fields.17c50b66-f3d0-4d17-a8f1-db8e8761e219.handle', '\"h2TitlePrice\"'),
('fields.17c50b66-f3d0-4d17-a8f1-db8e8761e219.instructions', '\"\"'),
('fields.17c50b66-f3d0-4d17-a8f1-db8e8761e219.name', '\"h2 Title Price Section\"'),
('fields.17c50b66-f3d0-4d17-a8f1-db8e8761e219.searchable', 'false'),
('fields.17c50b66-f3d0-4d17-a8f1-db8e8761e219.settings.byteLimit', 'null'),
('fields.17c50b66-f3d0-4d17-a8f1-db8e8761e219.settings.charLimit', 'null'),
('fields.17c50b66-f3d0-4d17-a8f1-db8e8761e219.settings.code', '\"\"'),
('fields.17c50b66-f3d0-4d17-a8f1-db8e8761e219.settings.columnType', 'null'),
('fields.17c50b66-f3d0-4d17-a8f1-db8e8761e219.settings.initialRows', '\"4\"'),
('fields.17c50b66-f3d0-4d17-a8f1-db8e8761e219.settings.multiline', '\"\"'),
('fields.17c50b66-f3d0-4d17-a8f1-db8e8761e219.settings.placeholder', '\"Hier eine berschrift\"'),
('fields.17c50b66-f3d0-4d17-a8f1-db8e8761e219.settings.uiMode', '\"normal\"'),
('fields.17c50b66-f3d0-4d17-a8f1-db8e8761e219.translationKeyFormat', 'null'),
('fields.17c50b66-f3d0-4d17-a8f1-db8e8761e219.translationMethod', '\"none\"'),
('fields.17c50b66-f3d0-4d17-a8f1-db8e8761e219.type', '\"craft\\\\fields\\\\PlainText\"'),
('fields.1bf39833-e1d7-47ad-8cec-0e5f634ecfeb.columnSuffix', 'null'),
('fields.1bf39833-e1d7-47ad-8cec-0e5f634ecfeb.contentColumnType', '\"string\"'),
('fields.1bf39833-e1d7-47ad-8cec-0e5f634ecfeb.fieldGroup', '\"cc7d01e7-6d4f-4329-8f74-68b700b031d0\"'),
('fields.1bf39833-e1d7-47ad-8cec-0e5f634ecfeb.handle', '\"gutscheinImage\"'),
('fields.1bf39833-e1d7-47ad-8cec-0e5f634ecfeb.instructions', '\"\"'),
('fields.1bf39833-e1d7-47ad-8cec-0e5f634ecfeb.name', '\"Gutschein Image\"'),
('fields.1bf39833-e1d7-47ad-8cec-0e5f634ecfeb.searchable', 'false'),
('fields.1bf39833-e1d7-47ad-8cec-0e5f634ecfeb.settings.allowedKinds', 'null'),
('fields.1bf39833-e1d7-47ad-8cec-0e5f634ecfeb.settings.allowSelfRelations', 'false'),
('fields.1bf39833-e1d7-47ad-8cec-0e5f634ecfeb.settings.allowUploads', 'true'),
('fields.1bf39833-e1d7-47ad-8cec-0e5f634ecfeb.settings.defaultUploadLocationSource', '\"volume:5cce6b80-a35c-4207-82e0-3940c9091376\"'),
('fields.1bf39833-e1d7-47ad-8cec-0e5f634ecfeb.settings.defaultUploadLocationSubpath', '\"\"'),
('fields.1bf39833-e1d7-47ad-8cec-0e5f634ecfeb.settings.limit', '\"1\"'),
('fields.1bf39833-e1d7-47ad-8cec-0e5f634ecfeb.settings.localizeRelations', 'false'),
('fields.1bf39833-e1d7-47ad-8cec-0e5f634ecfeb.settings.previewMode', '\"full\"'),
('fields.1bf39833-e1d7-47ad-8cec-0e5f634ecfeb.settings.restrictFiles', '\"\"'),
('fields.1bf39833-e1d7-47ad-8cec-0e5f634ecfeb.settings.selectionLabel', '\"Bild von Gutschein hinzufgen\"'),
('fields.1bf39833-e1d7-47ad-8cec-0e5f634ecfeb.settings.showSiteMenu', 'false'),
('fields.1bf39833-e1d7-47ad-8cec-0e5f634ecfeb.settings.showUnpermittedFiles', 'false'),
('fields.1bf39833-e1d7-47ad-8cec-0e5f634ecfeb.settings.showUnpermittedVolumes', 'false'),
('fields.1bf39833-e1d7-47ad-8cec-0e5f634ecfeb.settings.singleUploadLocationSource', '\"volume:5cce6b80-a35c-4207-82e0-3940c9091376\"'),
('fields.1bf39833-e1d7-47ad-8cec-0e5f634ecfeb.settings.singleUploadLocationSubpath', '\"\"'),
('fields.1bf39833-e1d7-47ad-8cec-0e5f634ecfeb.settings.source', 'null'),
('fields.1bf39833-e1d7-47ad-8cec-0e5f634ecfeb.settings.sources.0', '\"volume:5cce6b80-a35c-4207-82e0-3940c9091376\"'),
('fields.1bf39833-e1d7-47ad-8cec-0e5f634ecfeb.settings.targetSiteId', 'null'),
('fields.1bf39833-e1d7-47ad-8cec-0e5f634ecfeb.settings.useSingleFolder', 'false'),
('fields.1bf39833-e1d7-47ad-8cec-0e5f634ecfeb.settings.validateRelatedElements', 'false'),
('fields.1bf39833-e1d7-47ad-8cec-0e5f634ecfeb.settings.viewMode', '\"large\"'),
('fields.1bf39833-e1d7-47ad-8cec-0e5f634ecfeb.translationKeyFormat', 'null'),
('fields.1bf39833-e1d7-47ad-8cec-0e5f634ecfeb.translationMethod', '\"site\"'),
('fields.1bf39833-e1d7-47ad-8cec-0e5f634ecfeb.type', '\"craft\\\\fields\\\\Assets\"'),
('fields.2043ed76-d48a-4911-ac89-b34387816ebb.columnSuffix', '\"awuodgok\"'),
('fields.2043ed76-d48a-4911-ac89-b34387816ebb.contentColumnType', '\"string(255)\"'),
('fields.2043ed76-d48a-4911-ac89-b34387816ebb.fieldGroup', '\"3a741c4b-6ec9-42e1-8baf-16ee0d35e092\"'),
('fields.2043ed76-d48a-4911-ac89-b34387816ebb.handle', '\"facebookLink\"'),
('fields.2043ed76-d48a-4911-ac89-b34387816ebb.instructions', '\"\"'),
('fields.2043ed76-d48a-4911-ac89-b34387816ebb.name', '\"Facebook Link\"'),
('fields.2043ed76-d48a-4911-ac89-b34387816ebb.searchable', 'false'),
('fields.2043ed76-d48a-4911-ac89-b34387816ebb.settings.maxLength', '\"255\"'),
('fields.2043ed76-d48a-4911-ac89-b34387816ebb.settings.placeholder', 'null'),
('fields.2043ed76-d48a-4911-ac89-b34387816ebb.settings.types.0', '\"url\"'),
('fields.2043ed76-d48a-4911-ac89-b34387816ebb.translationKeyFormat', 'null'),
('fields.2043ed76-d48a-4911-ac89-b34387816ebb.translationMethod', '\"none\"'),
('fields.2043ed76-d48a-4911-ac89-b34387816ebb.type', '\"craft\\\\fields\\\\Url\"'),
('fields.25416666-89ae-45f3-bdae-0b78a5309146.columnSuffix', '\"blibblco\"'),
('fields.25416666-89ae-45f3-bdae-0b78a5309146.contentColumnType', '\"text\"'),
('fields.25416666-89ae-45f3-bdae-0b78a5309146.fieldGroup', '\"1e51ec97-9959-4860-8d78-a37833c6a526\"'),
('fields.25416666-89ae-45f3-bdae-0b78a5309146.handle', '\"h2TitleInfo\"'),
('fields.25416666-89ae-45f3-bdae-0b78a5309146.instructions', '\"\"'),
('fields.25416666-89ae-45f3-bdae-0b78a5309146.name', '\"h2 Title Info Section\"'),
('fields.25416666-89ae-45f3-bdae-0b78a5309146.searchable', 'false'),
('fields.25416666-89ae-45f3-bdae-0b78a5309146.settings.byteLimit', 'null'),
('fields.25416666-89ae-45f3-bdae-0b78a5309146.settings.charLimit', 'null'),
('fields.25416666-89ae-45f3-bdae-0b78a5309146.settings.code', '\"\"'),
('fields.25416666-89ae-45f3-bdae-0b78a5309146.settings.columnType', 'null'),
('fields.25416666-89ae-45f3-bdae-0b78a5309146.settings.initialRows', '\"4\"'),
('fields.25416666-89ae-45f3-bdae-0b78a5309146.settings.multiline', '\"\"'),
('fields.25416666-89ae-45f3-bdae-0b78a5309146.settings.placeholder', 'null'),
('fields.25416666-89ae-45f3-bdae-0b78a5309146.settings.uiMode', '\"normal\"'),
('fields.25416666-89ae-45f3-bdae-0b78a5309146.translationKeyFormat', 'null'),
('fields.25416666-89ae-45f3-bdae-0b78a5309146.translationMethod', '\"none\"'),
('fields.25416666-89ae-45f3-bdae-0b78a5309146.type', '\"craft\\\\fields\\\\PlainText\"'),
('fields.3c305284-1691-42f8-b66f-fe348952a2ab.columnSuffix', 'null'),
('fields.3c305284-1691-42f8-b66f-fe348952a2ab.contentColumnType', '\"string\"'),
('fields.3c305284-1691-42f8-b66f-fe348952a2ab.fieldGroup', '\"f935160c-f13f-4345-a1b2-964ccaf23ef6\"'),
('fields.3c305284-1691-42f8-b66f-fe348952a2ab.handle', '\"sliderTexts\"'),
('fields.3c305284-1691-42f8-b66f-fe348952a2ab.instructions', '\"\"'),
('fields.3c305284-1691-42f8-b66f-fe348952a2ab.name', '\"Slider Texts\"'),
('fields.3c305284-1691-42f8-b66f-fe348952a2ab.searchable', 'false'),
('fields.3c305284-1691-42f8-b66f-fe348952a2ab.settings.contentTable', '\"{{%matrixcontent_slidertexts}}\"'),
('fields.3c305284-1691-42f8-b66f-fe348952a2ab.settings.maxBlocks', '\"\"'),
('fields.3c305284-1691-42f8-b66f-fe348952a2ab.settings.minBlocks', '\"\"'),
('fields.3c305284-1691-42f8-b66f-fe348952a2ab.settings.propagationKeyFormat', 'null'),
('fields.3c305284-1691-42f8-b66f-fe348952a2ab.settings.propagationMethod', '\"all\"'),
('fields.3c305284-1691-42f8-b66f-fe348952a2ab.translationKeyFormat', 'null'),
('fields.3c305284-1691-42f8-b66f-fe348952a2ab.translationMethod', '\"site\"'),
('fields.3c305284-1691-42f8-b66f-fe348952a2ab.type', '\"craft\\\\fields\\\\Matrix\"'),
('fields.42fda29a-485e-47ea-8f31-8d3f398a7b6d.columnSuffix', '\"yyusjxlw\"'),
('fields.42fda29a-485e-47ea-8f31-8d3f398a7b6d.contentColumnType', '\"string(680)\"'),
('fields.42fda29a-485e-47ea-8f31-8d3f398a7b6d.fieldGroup', '\"c50f1c8e-3b3c-429a-8e0d-ff677581fce0\"'),
('fields.42fda29a-485e-47ea-8f31-8d3f398a7b6d.handle', '\"seoDescription\"'),
('fields.42fda29a-485e-47ea-8f31-8d3f398a7b6d.instructions', '\"\"'),
('fields.42fda29a-485e-47ea-8f31-8d3f398a7b6d.name', '\"seo Description\"'),
('fields.42fda29a-485e-47ea-8f31-8d3f398a7b6d.searchable', 'false'),
('fields.42fda29a-485e-47ea-8f31-8d3f398a7b6d.settings.byteLimit', 'null'),
('fields.42fda29a-485e-47ea-8f31-8d3f398a7b6d.settings.charLimit', '170'),
('fields.42fda29a-485e-47ea-8f31-8d3f398a7b6d.settings.code', '\"\"'),
('fields.42fda29a-485e-47ea-8f31-8d3f398a7b6d.settings.columnType', 'null'),
('fields.42fda29a-485e-47ea-8f31-8d3f398a7b6d.settings.initialRows', '\"4\"'),
('fields.42fda29a-485e-47ea-8f31-8d3f398a7b6d.settings.multiline', '\"\"'),
('fields.42fda29a-485e-47ea-8f31-8d3f398a7b6d.settings.placeholder', 'null'),
('fields.42fda29a-485e-47ea-8f31-8d3f398a7b6d.settings.uiMode', '\"normal\"'),
('fields.42fda29a-485e-47ea-8f31-8d3f398a7b6d.translationKeyFormat', 'null'),
('fields.42fda29a-485e-47ea-8f31-8d3f398a7b6d.translationMethod', '\"none\"'),
('fields.42fda29a-485e-47ea-8f31-8d3f398a7b6d.type', '\"craft\\\\fields\\\\PlainText\"'),
('fields.572db231-fb3a-4729-82dd-898c7a612e53.columnSuffix', '\"hyfnnnuk\"'),
('fields.572db231-fb3a-4729-82dd-898c7a612e53.contentColumnType', '\"text\"'),
('fields.572db231-fb3a-4729-82dd-898c7a612e53.fieldGroup', '\"1e51ec97-9959-4860-8d78-a37833c6a526\"'),
('fields.572db231-fb3a-4729-82dd-898c7a612e53.handle', '\"richTextAbout\"'),
('fields.572db231-fb3a-4729-82dd-898c7a612e53.instructions', '\"\"'),
('fields.572db231-fb3a-4729-82dd-898c7a612e53.name', '\"Rich Text About Section\"'),
('fields.572db231-fb3a-4729-82dd-898c7a612e53.searchable', 'false'),
('fields.572db231-fb3a-4729-82dd-898c7a612e53.settings.availableTransforms', '\"*\"'),
('fields.572db231-fb3a-4729-82dd-898c7a612e53.settings.availableVolumes', '\"*\"'),
('fields.572db231-fb3a-4729-82dd-898c7a612e53.settings.cleanupHtml', 'true'),
('fields.572db231-fb3a-4729-82dd-898c7a612e53.settings.columnType', '\"text\"'),
('fields.572db231-fb3a-4729-82dd-898c7a612e53.settings.configSelectionMode', '\"choose\"'),
('fields.572db231-fb3a-4729-82dd-898c7a612e53.settings.defaultTransform', '\"\"'),
('fields.572db231-fb3a-4729-82dd-898c7a612e53.settings.manualConfig', '\"\"'),
('fields.572db231-fb3a-4729-82dd-898c7a612e53.settings.purifierConfig', '\"\"'),
('fields.572db231-fb3a-4729-82dd-898c7a612e53.settings.purifyHtml', '\"1\"'),
('fields.572db231-fb3a-4729-82dd-898c7a612e53.settings.redactorConfig', '\"\"'),
('fields.572db231-fb3a-4729-82dd-898c7a612e53.settings.removeEmptyTags', '\"1\"'),
('fields.572db231-fb3a-4729-82dd-898c7a612e53.settings.removeInlineStyles', '\"1\"'),
('fields.572db231-fb3a-4729-82dd-898c7a612e53.settings.removeNbsp', '\"1\"'),
('fields.572db231-fb3a-4729-82dd-898c7a612e53.settings.showHtmlButtonForNonAdmins', '\"1\"'),
('fields.572db231-fb3a-4729-82dd-898c7a612e53.settings.showUnpermittedFiles', 'false'),
('fields.572db231-fb3a-4729-82dd-898c7a612e53.settings.showUnpermittedVolumes', 'false'),
('fields.572db231-fb3a-4729-82dd-898c7a612e53.settings.uiMode', '\"enlarged\"'),
('fields.572db231-fb3a-4729-82dd-898c7a612e53.translationKeyFormat', 'null'),
('fields.572db231-fb3a-4729-82dd-898c7a612e53.translationMethod', '\"none\"'),
('fields.572db231-fb3a-4729-82dd-898c7a612e53.type', '\"craft\\\\redactor\\\\Field\"'),
('fields.5cccf762-54f8-44cf-ad6e-b3504b30f9c2.columnSuffix', '\"axytcaqa\"'),
('fields.5cccf762-54f8-44cf-ad6e-b3504b30f9c2.contentColumnType', '\"string\"'),
('fields.5cccf762-54f8-44cf-ad6e-b3504b30f9c2.fieldGroup', '\"9eb431c5-7fe6-4c45-be5d-6c94ade7993e\"'),
('fields.5cccf762-54f8-44cf-ad6e-b3504b30f9c2.handle', '\"email\"'),
('fields.5cccf762-54f8-44cf-ad6e-b3504b30f9c2.instructions', '\"\"'),
('fields.5cccf762-54f8-44cf-ad6e-b3504b30f9c2.name', '\"Email\"'),
('fields.5cccf762-54f8-44cf-ad6e-b3504b30f9c2.searchable', 'false'),
('fields.5cccf762-54f8-44cf-ad6e-b3504b30f9c2.settings.placeholder', '\"Ihre Email\"'),
('fields.5cccf762-54f8-44cf-ad6e-b3504b30f9c2.translationKeyFormat', 'null'),
('fields.5cccf762-54f8-44cf-ad6e-b3504b30f9c2.translationMethod', '\"none\"'),
('fields.5cccf762-54f8-44cf-ad6e-b3504b30f9c2.type', '\"craft\\\\fields\\\\Email\"'),
('fields.6064b14c-104b-493b-893f-55f095596408.columnSuffix', '\"ucbimhdt\"'),
('fields.6064b14c-104b-493b-893f-55f095596408.contentColumnType', '\"text\"'),
('fields.6064b14c-104b-493b-893f-55f095596408.fieldGroup', '\"1e51ec97-9959-4860-8d78-a37833c6a526\"'),
('fields.6064b14c-104b-493b-893f-55f095596408.handle', '\"h3TitlePrice\"'),
('fields.6064b14c-104b-493b-893f-55f095596408.instructions', '\"\"'),
('fields.6064b14c-104b-493b-893f-55f095596408.name', '\"h3 Title Price Section\"'),
('fields.6064b14c-104b-493b-893f-55f095596408.searchable', 'false'),
('fields.6064b14c-104b-493b-893f-55f095596408.settings.byteLimit', 'null'),
('fields.6064b14c-104b-493b-893f-55f095596408.settings.charLimit', 'null'),
('fields.6064b14c-104b-493b-893f-55f095596408.settings.code', '\"\"'),
('fields.6064b14c-104b-493b-893f-55f095596408.settings.columnType', 'null'),
('fields.6064b14c-104b-493b-893f-55f095596408.settings.initialRows', '\"4\"'),
('fields.6064b14c-104b-493b-893f-55f095596408.settings.multiline', '\"\"'),
('fields.6064b14c-104b-493b-893f-55f095596408.settings.placeholder', 'null'),
('fields.6064b14c-104b-493b-893f-55f095596408.settings.uiMode', '\"normal\"'),
('fields.6064b14c-104b-493b-893f-55f095596408.translationKeyFormat', 'null'),
('fields.6064b14c-104b-493b-893f-55f095596408.translationMethod', '\"none\"'),
('fields.6064b14c-104b-493b-893f-55f095596408.type', '\"craft\\\\fields\\\\PlainText\"'),
('fields.65c4e659-4d8f-4705-a2e9-46a81807c120.columnSuffix', 'null'),
('fields.65c4e659-4d8f-4705-a2e9-46a81807c120.contentColumnType', '\"string\"'),
('fields.65c4e659-4d8f-4705-a2e9-46a81807c120.fieldGroup', '\"09faf330-8a6d-43fb-8902-634963e2b596\"'),
('fields.65c4e659-4d8f-4705-a2e9-46a81807c120.handle', '\"infoCardsMobile\"'),
('fields.65c4e659-4d8f-4705-a2e9-46a81807c120.instructions', '\"\"'),
('fields.65c4e659-4d8f-4705-a2e9-46a81807c120.name', '\"Info Cards Mobile\"'),
('fields.65c4e659-4d8f-4705-a2e9-46a81807c120.searchable', 'false'),
('fields.65c4e659-4d8f-4705-a2e9-46a81807c120.settings.contentTable', '\"{{%matrixcontent_infocardsmobile}}\"'),
('fields.65c4e659-4d8f-4705-a2e9-46a81807c120.settings.maxBlocks', '\"1\"'),
('fields.65c4e659-4d8f-4705-a2e9-46a81807c120.settings.minBlocks', '\"1\"'),
('fields.65c4e659-4d8f-4705-a2e9-46a81807c120.settings.propagationKeyFormat', 'null'),
('fields.65c4e659-4d8f-4705-a2e9-46a81807c120.settings.propagationMethod', '\"all\"'),
('fields.65c4e659-4d8f-4705-a2e9-46a81807c120.translationKeyFormat', 'null'),
('fields.65c4e659-4d8f-4705-a2e9-46a81807c120.translationMethod', '\"site\"'),
('fields.65c4e659-4d8f-4705-a2e9-46a81807c120.type', '\"craft\\\\fields\\\\Matrix\"'),
('fields.67ea3ad6-5894-4622-8a04-84e1cf8ea798.columnSuffix', 'null'),
('fields.67ea3ad6-5894-4622-8a04-84e1cf8ea798.contentColumnType', '\"string\"'),
('fields.67ea3ad6-5894-4622-8a04-84e1cf8ea798.fieldGroup', '\"09faf330-8a6d-43fb-8902-634963e2b596\"'),
('fields.67ea3ad6-5894-4622-8a04-84e1cf8ea798.handle', '\"prices\"'),
('fields.67ea3ad6-5894-4622-8a04-84e1cf8ea798.instructions', '\"\"'),
('fields.67ea3ad6-5894-4622-8a04-84e1cf8ea798.name', '\"Prices\"'),
('fields.67ea3ad6-5894-4622-8a04-84e1cf8ea798.searchable', 'false'),
('fields.67ea3ad6-5894-4622-8a04-84e1cf8ea798.settings.contentTable', '\"{{%matrixcontent_prices}}\"'),
('fields.67ea3ad6-5894-4622-8a04-84e1cf8ea798.settings.maxBlocks', '\"\"'),
('fields.67ea3ad6-5894-4622-8a04-84e1cf8ea798.settings.minBlocks', '\"\"'),
('fields.67ea3ad6-5894-4622-8a04-84e1cf8ea798.settings.propagationKeyFormat', 'null'),
('fields.67ea3ad6-5894-4622-8a04-84e1cf8ea798.settings.propagationMethod', '\"all\"'),
('fields.67ea3ad6-5894-4622-8a04-84e1cf8ea798.translationKeyFormat', 'null'),
('fields.67ea3ad6-5894-4622-8a04-84e1cf8ea798.translationMethod', '\"site\"'),
('fields.67ea3ad6-5894-4622-8a04-84e1cf8ea798.type', '\"craft\\\\fields\\\\Matrix\"'),
('fields.7e3b3ae6-f422-47dc-96c7-602eef92f190.columnSuffix', '\"iqfuadci\"'),
('fields.7e3b3ae6-f422-47dc-96c7-602eef92f190.contentColumnType', '\"text\"'),
('fields.7e3b3ae6-f422-47dc-96c7-602eef92f190.fieldGroup', '\"cc7d01e7-6d4f-4329-8f74-68b700b031d0\"'),
('fields.7e3b3ae6-f422-47dc-96c7-602eef92f190.handle', '\"gutscheinText\"'),
('fields.7e3b3ae6-f422-47dc-96c7-602eef92f190.instructions', '\"\"'),
('fields.7e3b3ae6-f422-47dc-96c7-602eef92f190.name', '\"Gutschein Text\"'),
('fields.7e3b3ae6-f422-47dc-96c7-602eef92f190.searchable', 'false'),
('fields.7e3b3ae6-f422-47dc-96c7-602eef92f190.settings.availableTransforms', '\"\"'),
('fields.7e3b3ae6-f422-47dc-96c7-602eef92f190.settings.availableVolumes', '\"\"'),
('fields.7e3b3ae6-f422-47dc-96c7-602eef92f190.settings.cleanupHtml', 'true'),
('fields.7e3b3ae6-f422-47dc-96c7-602eef92f190.settings.columnType', '\"text\"'),
('fields.7e3b3ae6-f422-47dc-96c7-602eef92f190.settings.configSelectionMode', '\"choose\"'),
('fields.7e3b3ae6-f422-47dc-96c7-602eef92f190.settings.defaultTransform', '\"\"'),
('fields.7e3b3ae6-f422-47dc-96c7-602eef92f190.settings.manualConfig', '\"\"'),
('fields.7e3b3ae6-f422-47dc-96c7-602eef92f190.settings.purifierConfig', '\"\"'),
('fields.7e3b3ae6-f422-47dc-96c7-602eef92f190.settings.purifyHtml', '\"1\"'),
('fields.7e3b3ae6-f422-47dc-96c7-602eef92f190.settings.redactorConfig', '\"\"'),
('fields.7e3b3ae6-f422-47dc-96c7-602eef92f190.settings.removeEmptyTags', '\"1\"'),
('fields.7e3b3ae6-f422-47dc-96c7-602eef92f190.settings.removeInlineStyles', '\"1\"'),
('fields.7e3b3ae6-f422-47dc-96c7-602eef92f190.settings.removeNbsp', '\"1\"'),
('fields.7e3b3ae6-f422-47dc-96c7-602eef92f190.settings.showHtmlButtonForNonAdmins', '\"1\"'),
('fields.7e3b3ae6-f422-47dc-96c7-602eef92f190.settings.showUnpermittedFiles', 'false'),
('fields.7e3b3ae6-f422-47dc-96c7-602eef92f190.settings.showUnpermittedVolumes', 'false'),
('fields.7e3b3ae6-f422-47dc-96c7-602eef92f190.settings.uiMode', '\"enlarged\"'),
('fields.7e3b3ae6-f422-47dc-96c7-602eef92f190.translationKeyFormat', 'null'),
('fields.7e3b3ae6-f422-47dc-96c7-602eef92f190.translationMethod', '\"none\"'),
('fields.7e3b3ae6-f422-47dc-96c7-602eef92f190.type', '\"craft\\\\redactor\\\\Field\"'),
('fields.8258f0ad-064f-4205-918e-d5f606659a0e.columnSuffix', '\"gcwekjuq\"'),
('fields.8258f0ad-064f-4205-918e-d5f606659a0e.contentColumnType', '\"text\"'),
('fields.8258f0ad-064f-4205-918e-d5f606659a0e.fieldGroup', '\"3a741c4b-6ec9-42e1-8baf-16ee0d35e092\"'),
('fields.8258f0ad-064f-4205-918e-d5f606659a0e.handle', '\"contactText\"'),
('fields.8258f0ad-064f-4205-918e-d5f606659a0e.instructions', '\"\"'),
('fields.8258f0ad-064f-4205-918e-d5f606659a0e.name', '\"Contact Text\"'),
('fields.8258f0ad-064f-4205-918e-d5f606659a0e.searchable', 'false'),
('fields.8258f0ad-064f-4205-918e-d5f606659a0e.settings.availableTransforms', '\"\"'),
('fields.8258f0ad-064f-4205-918e-d5f606659a0e.settings.availableVolumes', '\"\"'),
('fields.8258f0ad-064f-4205-918e-d5f606659a0e.settings.cleanupHtml', 'true'),
('fields.8258f0ad-064f-4205-918e-d5f606659a0e.settings.columnType', '\"text\"'),
('fields.8258f0ad-064f-4205-918e-d5f606659a0e.settings.configSelectionMode', '\"choose\"'),
('fields.8258f0ad-064f-4205-918e-d5f606659a0e.settings.defaultTransform', '\"\"'),
('fields.8258f0ad-064f-4205-918e-d5f606659a0e.settings.manualConfig', '\"\"'),
('fields.8258f0ad-064f-4205-918e-d5f606659a0e.settings.purifierConfig', '\"\"'),
('fields.8258f0ad-064f-4205-918e-d5f606659a0e.settings.purifyHtml', '\"1\"'),
('fields.8258f0ad-064f-4205-918e-d5f606659a0e.settings.redactorConfig', '\"\"'),
('fields.8258f0ad-064f-4205-918e-d5f606659a0e.settings.removeEmptyTags', '\"1\"'),
('fields.8258f0ad-064f-4205-918e-d5f606659a0e.settings.removeInlineStyles', '\"1\"'),
('fields.8258f0ad-064f-4205-918e-d5f606659a0e.settings.removeNbsp', '\"1\"'),
('fields.8258f0ad-064f-4205-918e-d5f606659a0e.settings.showHtmlButtonForNonAdmins', '\"1\"'),
('fields.8258f0ad-064f-4205-918e-d5f606659a0e.settings.showUnpermittedFiles', 'false'),
('fields.8258f0ad-064f-4205-918e-d5f606659a0e.settings.showUnpermittedVolumes', 'false'),
('fields.8258f0ad-064f-4205-918e-d5f606659a0e.settings.uiMode', '\"enlarged\"'),
('fields.8258f0ad-064f-4205-918e-d5f606659a0e.translationKeyFormat', 'null'),
('fields.8258f0ad-064f-4205-918e-d5f606659a0e.translationMethod', '\"none\"'),
('fields.8258f0ad-064f-4205-918e-d5f606659a0e.type', '\"craft\\\\redactor\\\\Field\"'),
('fields.8561ac4c-c848-4660-a546-010bd2e8d9a7.columnSuffix', '\"temiowxg\"'),
('fields.8561ac4c-c848-4660-a546-010bd2e8d9a7.contentColumnType', '\"text\"'),
('fields.8561ac4c-c848-4660-a546-010bd2e8d9a7.fieldGroup', '\"709d1f4c-cde7-4279-b196-7dbd0d3c1d4a\"'),
('fields.8561ac4c-c848-4660-a546-010bd2e8d9a7.handle', '\"heroTitle\"'),
('fields.8561ac4c-c848-4660-a546-010bd2e8d9a7.instructions', '\"\"'),
('fields.8561ac4c-c848-4660-a546-010bd2e8d9a7.name', '\"Hero Title\"'),
('fields.8561ac4c-c848-4660-a546-010bd2e8d9a7.searchable', 'false'),
('fields.8561ac4c-c848-4660-a546-010bd2e8d9a7.settings.byteLimit', 'null'),
('fields.8561ac4c-c848-4660-a546-010bd2e8d9a7.settings.charLimit', 'null'),
('fields.8561ac4c-c848-4660-a546-010bd2e8d9a7.settings.code', '\"\"'),
('fields.8561ac4c-c848-4660-a546-010bd2e8d9a7.settings.columnType', 'null'),
('fields.8561ac4c-c848-4660-a546-010bd2e8d9a7.settings.initialRows', '\"4\"'),
('fields.8561ac4c-c848-4660-a546-010bd2e8d9a7.settings.multiline', '\"\"'),
('fields.8561ac4c-c848-4660-a546-010bd2e8d9a7.settings.placeholder', 'null'),
('fields.8561ac4c-c848-4660-a546-010bd2e8d9a7.settings.uiMode', '\"normal\"'),
('fields.8561ac4c-c848-4660-a546-010bd2e8d9a7.translationKeyFormat', 'null'),
('fields.8561ac4c-c848-4660-a546-010bd2e8d9a7.translationMethod', '\"none\"'),
('fields.8561ac4c-c848-4660-a546-010bd2e8d9a7.type', '\"craft\\\\fields\\\\PlainText\"'),
('fields.8fb0e979-e646-40cc-afe3-721a8cf8d77e.columnSuffix', '\"gjkonjtl\"'),
('fields.8fb0e979-e646-40cc-afe3-721a8cf8d77e.contentColumnType', '\"text\"'),
('fields.8fb0e979-e646-40cc-afe3-721a8cf8d77e.fieldGroup', '\"1e51ec97-9959-4860-8d78-a37833c6a526\"'),
('fields.8fb0e979-e646-40cc-afe3-721a8cf8d77e.handle', '\"richText\"'),
('fields.8fb0e979-e646-40cc-afe3-721a8cf8d77e.instructions', '\"\"'),
('fields.8fb0e979-e646-40cc-afe3-721a8cf8d77e.name', '\"Rich Text\"'),
('fields.8fb0e979-e646-40cc-afe3-721a8cf8d77e.searchable', 'false'),
('fields.8fb0e979-e646-40cc-afe3-721a8cf8d77e.settings.availableTransforms.0', '\"6f19a805-c660-4a23-98bc-883a1772b93c\"'),
('fields.8fb0e979-e646-40cc-afe3-721a8cf8d77e.settings.availableVolumes', '\"*\"'),
('fields.8fb0e979-e646-40cc-afe3-721a8cf8d77e.settings.cleanupHtml', 'true'),
('fields.8fb0e979-e646-40cc-afe3-721a8cf8d77e.settings.columnType', '\"text\"'),
('fields.8fb0e979-e646-40cc-afe3-721a8cf8d77e.settings.configSelectionMode', '\"choose\"'),
('fields.8fb0e979-e646-40cc-afe3-721a8cf8d77e.settings.defaultTransform', '\"\"'),
('fields.8fb0e979-e646-40cc-afe3-721a8cf8d77e.settings.manualConfig', '\"\"'),
('fields.8fb0e979-e646-40cc-afe3-721a8cf8d77e.settings.purifierConfig', '\"\"'),
('fields.8fb0e979-e646-40cc-afe3-721a8cf8d77e.settings.purifyHtml', '\"1\"'),
('fields.8fb0e979-e646-40cc-afe3-721a8cf8d77e.settings.redactorConfig', '\"\"'),
('fields.8fb0e979-e646-40cc-afe3-721a8cf8d77e.settings.removeEmptyTags', '\"1\"'),
('fields.8fb0e979-e646-40cc-afe3-721a8cf8d77e.settings.removeInlineStyles', '\"1\"'),
('fields.8fb0e979-e646-40cc-afe3-721a8cf8d77e.settings.removeNbsp', '\"1\"'),
('fields.8fb0e979-e646-40cc-afe3-721a8cf8d77e.settings.showHtmlButtonForNonAdmins', '\"\"'),
('fields.8fb0e979-e646-40cc-afe3-721a8cf8d77e.settings.showUnpermittedFiles', 'false'),
('fields.8fb0e979-e646-40cc-afe3-721a8cf8d77e.settings.showUnpermittedVolumes', 'false'),
('fields.8fb0e979-e646-40cc-afe3-721a8cf8d77e.settings.uiMode', '\"enlarged\"'),
('fields.8fb0e979-e646-40cc-afe3-721a8cf8d77e.translationKeyFormat', 'null'),
('fields.8fb0e979-e646-40cc-afe3-721a8cf8d77e.translationMethod', '\"none\"'),
('fields.8fb0e979-e646-40cc-afe3-721a8cf8d77e.type', '\"craft\\\\redactor\\\\Field\"'),
('fields.a1d469ad-3f70-49ce-aa72-447b35b47384.columnSuffix', 'null'),
('fields.a1d469ad-3f70-49ce-aa72-447b35b47384.contentColumnType', '\"string\"'),
('fields.a1d469ad-3f70-49ce-aa72-447b35b47384.fieldGroup', '\"1e51ec97-9959-4860-8d78-a37833c6a526\"'),
('fields.a1d469ad-3f70-49ce-aa72-447b35b47384.handle', '\"imageAbout\"'),
('fields.a1d469ad-3f70-49ce-aa72-447b35b47384.instructions', '\"\"'),
('fields.a1d469ad-3f70-49ce-aa72-447b35b47384.name', '\"Image About\"'),
('fields.a1d469ad-3f70-49ce-aa72-447b35b47384.searchable', 'false'),
('fields.a1d469ad-3f70-49ce-aa72-447b35b47384.settings.allowedKinds', 'null'),
('fields.a1d469ad-3f70-49ce-aa72-447b35b47384.settings.allowSelfRelations', 'false'),
('fields.a1d469ad-3f70-49ce-aa72-447b35b47384.settings.allowUploads', 'true'),
('fields.a1d469ad-3f70-49ce-aa72-447b35b47384.settings.defaultUploadLocationSource', '\"volume:5cce6b80-a35c-4207-82e0-3940c9091376\"'),
('fields.a1d469ad-3f70-49ce-aa72-447b35b47384.settings.defaultUploadLocationSubpath', '\"\"'),
('fields.a1d469ad-3f70-49ce-aa72-447b35b47384.settings.limit', '\"1\"'),
('fields.a1d469ad-3f70-49ce-aa72-447b35b47384.settings.localizeRelations', 'false'),
('fields.a1d469ad-3f70-49ce-aa72-447b35b47384.settings.previewMode', '\"full\"'),
('fields.a1d469ad-3f70-49ce-aa72-447b35b47384.settings.restrictFiles', '\"\"'),
('fields.a1d469ad-3f70-49ce-aa72-447b35b47384.settings.selectionLabel', '\"Hier ein Bild von Ihnen\"'),
('fields.a1d469ad-3f70-49ce-aa72-447b35b47384.settings.showSiteMenu', 'false'),
('fields.a1d469ad-3f70-49ce-aa72-447b35b47384.settings.showUnpermittedFiles', 'false'),
('fields.a1d469ad-3f70-49ce-aa72-447b35b47384.settings.showUnpermittedVolumes', 'false'),
('fields.a1d469ad-3f70-49ce-aa72-447b35b47384.settings.singleUploadLocationSource', '\"volume:5cce6b80-a35c-4207-82e0-3940c9091376\"'),
('fields.a1d469ad-3f70-49ce-aa72-447b35b47384.settings.singleUploadLocationSubpath', '\"\"'),
('fields.a1d469ad-3f70-49ce-aa72-447b35b47384.settings.source', 'null'),
('fields.a1d469ad-3f70-49ce-aa72-447b35b47384.settings.sources.0', '\"volume:5cce6b80-a35c-4207-82e0-3940c9091376\"'),
('fields.a1d469ad-3f70-49ce-aa72-447b35b47384.settings.targetSiteId', 'null'),
('fields.a1d469ad-3f70-49ce-aa72-447b35b47384.settings.useSingleFolder', 'false'),
('fields.a1d469ad-3f70-49ce-aa72-447b35b47384.settings.validateRelatedElements', 'false'),
('fields.a1d469ad-3f70-49ce-aa72-447b35b47384.settings.viewMode', '\"large\"'),
('fields.a1d469ad-3f70-49ce-aa72-447b35b47384.translationKeyFormat', 'null'),
('fields.a1d469ad-3f70-49ce-aa72-447b35b47384.translationMethod', '\"site\"'),
('fields.a1d469ad-3f70-49ce-aa72-447b35b47384.type', '\"craft\\\\fields\\\\Assets\"'),
('fields.af236ed7-2045-4ee4-b6c9-fa700fec2aae.columnSuffix', '\"cncudhre\"'),
('fields.af236ed7-2045-4ee4-b6c9-fa700fec2aae.contentColumnType', '\"string(320)\"'),
('fields.af236ed7-2045-4ee4-b6c9-fa700fec2aae.fieldGroup', '\"c50f1c8e-3b3c-429a-8e0d-ff677581fce0\"'),
('fields.af236ed7-2045-4ee4-b6c9-fa700fec2aae.handle', '\"seoTitle\"'),
('fields.af236ed7-2045-4ee4-b6c9-fa700fec2aae.instructions', '\"\"'),
('fields.af236ed7-2045-4ee4-b6c9-fa700fec2aae.name', '\"seo Title\"'),
('fields.af236ed7-2045-4ee4-b6c9-fa700fec2aae.searchable', 'false'),
('fields.af236ed7-2045-4ee4-b6c9-fa700fec2aae.settings.byteLimit', 'null'),
('fields.af236ed7-2045-4ee4-b6c9-fa700fec2aae.settings.charLimit', '80'),
('fields.af236ed7-2045-4ee4-b6c9-fa700fec2aae.settings.code', '\"\"'),
('fields.af236ed7-2045-4ee4-b6c9-fa700fec2aae.settings.columnType', 'null'),
('fields.af236ed7-2045-4ee4-b6c9-fa700fec2aae.settings.initialRows', '\"4\"'),
('fields.af236ed7-2045-4ee4-b6c9-fa700fec2aae.settings.multiline', '\"\"'),
('fields.af236ed7-2045-4ee4-b6c9-fa700fec2aae.settings.placeholder', '\"Der Text der im Browser als Titel angezeigt wird\"'),
('fields.af236ed7-2045-4ee4-b6c9-fa700fec2aae.settings.uiMode', '\"normal\"'),
('fields.af236ed7-2045-4ee4-b6c9-fa700fec2aae.translationKeyFormat', 'null'),
('fields.af236ed7-2045-4ee4-b6c9-fa700fec2aae.translationMethod', '\"none\"'),
('fields.af236ed7-2045-4ee4-b6c9-fa700fec2aae.type', '\"craft\\\\fields\\\\PlainText\"'),
('fields.c5b7a7bd-25d9-46e8-aa20-0b2cbee36c42.columnSuffix', '\"eqvqdtee\"'),
('fields.c5b7a7bd-25d9-46e8-aa20-0b2cbee36c42.contentColumnType', '\"string(255)\"'),
('fields.c5b7a7bd-25d9-46e8-aa20-0b2cbee36c42.fieldGroup', '\"3a741c4b-6ec9-42e1-8baf-16ee0d35e092\"'),
('fields.c5b7a7bd-25d9-46e8-aa20-0b2cbee36c42.handle', '\"youtubeLink\"'),
('fields.c5b7a7bd-25d9-46e8-aa20-0b2cbee36c42.instructions', '\"\"'),
('fields.c5b7a7bd-25d9-46e8-aa20-0b2cbee36c42.name', '\"Youtube Link\"'),
('fields.c5b7a7bd-25d9-46e8-aa20-0b2cbee36c42.searchable', 'false'),
('fields.c5b7a7bd-25d9-46e8-aa20-0b2cbee36c42.settings.maxLength', '\"255\"'),
('fields.c5b7a7bd-25d9-46e8-aa20-0b2cbee36c42.settings.placeholder', 'null'),
('fields.c5b7a7bd-25d9-46e8-aa20-0b2cbee36c42.settings.types.0', '\"url\"'),
('fields.c5b7a7bd-25d9-46e8-aa20-0b2cbee36c42.translationKeyFormat', 'null'),
('fields.c5b7a7bd-25d9-46e8-aa20-0b2cbee36c42.translationMethod', '\"none\"'),
('fields.c5b7a7bd-25d9-46e8-aa20-0b2cbee36c42.type', '\"craft\\\\fields\\\\Url\"'),
('fields.ce43a48b-9462-4aea-abc9-3c7cac31d01d.columnSuffix', '\"qdzgebkt\"'),
('fields.ce43a48b-9462-4aea-abc9-3c7cac31d01d.contentColumnType', '\"text\"'),
('fields.ce43a48b-9462-4aea-abc9-3c7cac31d01d.fieldGroup', '\"9eb431c5-7fe6-4c45-be5d-6c94ade7993e\"'),
('fields.ce43a48b-9462-4aea-abc9-3c7cac31d01d.handle', '\"telefonnummer\"'),
('fields.ce43a48b-9462-4aea-abc9-3c7cac31d01d.instructions', '\"\"'),
('fields.ce43a48b-9462-4aea-abc9-3c7cac31d01d.name', '\"Telefonnummer\"'),
('fields.ce43a48b-9462-4aea-abc9-3c7cac31d01d.searchable', 'false'),
('fields.ce43a48b-9462-4aea-abc9-3c7cac31d01d.settings.byteLimit', 'null'),
('fields.ce43a48b-9462-4aea-abc9-3c7cac31d01d.settings.charLimit', 'null'),
('fields.ce43a48b-9462-4aea-abc9-3c7cac31d01d.settings.code', '\"\"'),
('fields.ce43a48b-9462-4aea-abc9-3c7cac31d01d.settings.columnType', 'null'),
('fields.ce43a48b-9462-4aea-abc9-3c7cac31d01d.settings.initialRows', '\"4\"'),
('fields.ce43a48b-9462-4aea-abc9-3c7cac31d01d.settings.multiline', '\"\"'),
('fields.ce43a48b-9462-4aea-abc9-3c7cac31d01d.settings.placeholder', '\"Telefonnummer\"'),
('fields.ce43a48b-9462-4aea-abc9-3c7cac31d01d.settings.uiMode', '\"normal\"'),
('fields.ce43a48b-9462-4aea-abc9-3c7cac31d01d.translationKeyFormat', 'null'),
('fields.ce43a48b-9462-4aea-abc9-3c7cac31d01d.translationMethod', '\"none\"'),
('fields.ce43a48b-9462-4aea-abc9-3c7cac31d01d.type', '\"craft\\\\fields\\\\PlainText\"'),
('fields.d645fef7-04c9-4031-ab1b-44743af9f212.columnSuffix', 'null'),
('fields.d645fef7-04c9-4031-ab1b-44743af9f212.contentColumnType', '\"string\"'),
('fields.d645fef7-04c9-4031-ab1b-44743af9f212.fieldGroup', '\"09faf330-8a6d-43fb-8902-634963e2b596\"'),
('fields.d645fef7-04c9-4031-ab1b-44743af9f212.handle', '\"infoCards\"'),
('fields.d645fef7-04c9-4031-ab1b-44743af9f212.instructions', '\"\"'),
('fields.d645fef7-04c9-4031-ab1b-44743af9f212.name', '\"Info Cards\"'),
('fields.d645fef7-04c9-4031-ab1b-44743af9f212.searchable', 'false'),
('fields.d645fef7-04c9-4031-ab1b-44743af9f212.settings.contentTable', '\"{{%matrixcontent_infocards}}\"'),
('fields.d645fef7-04c9-4031-ab1b-44743af9f212.settings.maxBlocks', '\"\"'),
('fields.d645fef7-04c9-4031-ab1b-44743af9f212.settings.minBlocks', '\"\"'),
('fields.d645fef7-04c9-4031-ab1b-44743af9f212.settings.propagationKeyFormat', 'null'),
('fields.d645fef7-04c9-4031-ab1b-44743af9f212.settings.propagationMethod', '\"all\"'),
('fields.d645fef7-04c9-4031-ab1b-44743af9f212.translationKeyFormat', 'null'),
('fields.d645fef7-04c9-4031-ab1b-44743af9f212.translationMethod', '\"site\"'),
('fields.d645fef7-04c9-4031-ab1b-44743af9f212.type', '\"craft\\\\fields\\\\Matrix\"'),
('fields.dcc9f2a5-4960-4468-9ca0-ed97af8aabd0.columnSuffix', 'null'),
('fields.dcc9f2a5-4960-4468-9ca0-ed97af8aabd0.contentColumnType', '\"string\"'),
('fields.dcc9f2a5-4960-4468-9ca0-ed97af8aabd0.fieldGroup', '\"329d3f94-a4e8-4c89-9242-99ad3287d1a5\"'),
('fields.dcc9f2a5-4960-4468-9ca0-ed97af8aabd0.handle', '\"navLinkFooter\"'),
('fields.dcc9f2a5-4960-4468-9ca0-ed97af8aabd0.instructions', '\"\"'),
('fields.dcc9f2a5-4960-4468-9ca0-ed97af8aabd0.name', '\"Nav Link Footer\"'),
('fields.dcc9f2a5-4960-4468-9ca0-ed97af8aabd0.searchable', 'false'),
('fields.dcc9f2a5-4960-4468-9ca0-ed97af8aabd0.settings.contentTable', '\"{{%matrixcontent_navlinkfooter}}\"'),
('fields.dcc9f2a5-4960-4468-9ca0-ed97af8aabd0.settings.maxBlocks', '\"\"'),
('fields.dcc9f2a5-4960-4468-9ca0-ed97af8aabd0.settings.minBlocks', '\"\"'),
('fields.dcc9f2a5-4960-4468-9ca0-ed97af8aabd0.settings.propagationKeyFormat', 'null'),
('fields.dcc9f2a5-4960-4468-9ca0-ed97af8aabd0.settings.propagationMethod', '\"all\"'),
('fields.dcc9f2a5-4960-4468-9ca0-ed97af8aabd0.translationKeyFormat', 'null'),
('fields.dcc9f2a5-4960-4468-9ca0-ed97af8aabd0.translationMethod', '\"site\"'),
('fields.dcc9f2a5-4960-4468-9ca0-ed97af8aabd0.type', '\"craft\\\\fields\\\\Matrix\"'),
('fields.e4414be5-ec53-440a-b818-1a381e65c433.columnSuffix', 'null'),
('fields.e4414be5-ec53-440a-b818-1a381e65c433.contentColumnType', '\"string\"');

INSERT INTO `projectconfig` (`path`, `value`) VALUES
('fields.e4414be5-ec53-440a-b818-1a381e65c433.fieldGroup', '\"329d3f94-a4e8-4c89-9242-99ad3287d1a5\"'),
('fields.e4414be5-ec53-440a-b818-1a381e65c433.handle', '\"navLink\"'),
('fields.e4414be5-ec53-440a-b818-1a381e65c433.instructions', '\"\"'),
('fields.e4414be5-ec53-440a-b818-1a381e65c433.name', '\"Nav Link\"'),
('fields.e4414be5-ec53-440a-b818-1a381e65c433.searchable', 'false'),
('fields.e4414be5-ec53-440a-b818-1a381e65c433.settings.contentTable', '\"{{%matrixcontent_navlink}}\"'),
('fields.e4414be5-ec53-440a-b818-1a381e65c433.settings.maxBlocks', '\"\"'),
('fields.e4414be5-ec53-440a-b818-1a381e65c433.settings.minBlocks', '\"\"'),
('fields.e4414be5-ec53-440a-b818-1a381e65c433.settings.propagationKeyFormat', 'null'),
('fields.e4414be5-ec53-440a-b818-1a381e65c433.settings.propagationMethod', '\"all\"'),
('fields.e4414be5-ec53-440a-b818-1a381e65c433.translationKeyFormat', 'null'),
('fields.e4414be5-ec53-440a-b818-1a381e65c433.translationMethod', '\"site\"'),
('fields.e4414be5-ec53-440a-b818-1a381e65c433.type', '\"craft\\\\fields\\\\Matrix\"'),
('fields.f98ce2cd-2b94-426d-91e4-8718a72c9953.columnSuffix', 'null'),
('fields.f98ce2cd-2b94-426d-91e4-8718a72c9953.contentColumnType', '\"string\"'),
('fields.f98ce2cd-2b94-426d-91e4-8718a72c9953.fieldGroup', '\"709d1f4c-cde7-4279-b196-7dbd0d3c1d4a\"'),
('fields.f98ce2cd-2b94-426d-91e4-8718a72c9953.handle', '\"heroImage\"'),
('fields.f98ce2cd-2b94-426d-91e4-8718a72c9953.instructions', '\"\"'),
('fields.f98ce2cd-2b94-426d-91e4-8718a72c9953.name', '\"Hero Image\"'),
('fields.f98ce2cd-2b94-426d-91e4-8718a72c9953.searchable', 'false'),
('fields.f98ce2cd-2b94-426d-91e4-8718a72c9953.settings.allowedKinds', 'null'),
('fields.f98ce2cd-2b94-426d-91e4-8718a72c9953.settings.allowSelfRelations', 'false'),
('fields.f98ce2cd-2b94-426d-91e4-8718a72c9953.settings.allowUploads', 'true'),
('fields.f98ce2cd-2b94-426d-91e4-8718a72c9953.settings.defaultUploadLocationSource', '\"volume:5cce6b80-a35c-4207-82e0-3940c9091376\"'),
('fields.f98ce2cd-2b94-426d-91e4-8718a72c9953.settings.defaultUploadLocationSubpath', '\"\"'),
('fields.f98ce2cd-2b94-426d-91e4-8718a72c9953.settings.limit', '\"1\"'),
('fields.f98ce2cd-2b94-426d-91e4-8718a72c9953.settings.localizeRelations', 'false'),
('fields.f98ce2cd-2b94-426d-91e4-8718a72c9953.settings.previewMode', '\"full\"'),
('fields.f98ce2cd-2b94-426d-91e4-8718a72c9953.settings.restrictFiles', '\"\"'),
('fields.f98ce2cd-2b94-426d-91e4-8718a72c9953.settings.selectionLabel', '\"Add a Background Image\"'),
('fields.f98ce2cd-2b94-426d-91e4-8718a72c9953.settings.showSiteMenu', 'false'),
('fields.f98ce2cd-2b94-426d-91e4-8718a72c9953.settings.showUnpermittedFiles', 'false'),
('fields.f98ce2cd-2b94-426d-91e4-8718a72c9953.settings.showUnpermittedVolumes', 'false'),
('fields.f98ce2cd-2b94-426d-91e4-8718a72c9953.settings.singleUploadLocationSource', '\"volume:5cce6b80-a35c-4207-82e0-3940c9091376\"'),
('fields.f98ce2cd-2b94-426d-91e4-8718a72c9953.settings.singleUploadLocationSubpath', '\"\"'),
('fields.f98ce2cd-2b94-426d-91e4-8718a72c9953.settings.source', 'null'),
('fields.f98ce2cd-2b94-426d-91e4-8718a72c9953.settings.sources.0', '\"volume:5cce6b80-a35c-4207-82e0-3940c9091376\"'),
('fields.f98ce2cd-2b94-426d-91e4-8718a72c9953.settings.targetSiteId', 'null'),
('fields.f98ce2cd-2b94-426d-91e4-8718a72c9953.settings.useSingleFolder', 'false'),
('fields.f98ce2cd-2b94-426d-91e4-8718a72c9953.settings.validateRelatedElements', 'false'),
('fields.f98ce2cd-2b94-426d-91e4-8718a72c9953.settings.viewMode', '\"large\"'),
('fields.f98ce2cd-2b94-426d-91e4-8718a72c9953.translationKeyFormat', 'null'),
('fields.f98ce2cd-2b94-426d-91e4-8718a72c9953.translationMethod', '\"site\"'),
('fields.f98ce2cd-2b94-426d-91e4-8718a72c9953.type', '\"craft\\\\fields\\\\Assets\"'),
('globalSets.338f718b-7f68-4c2c-9eac-e8898e37b8a3.fieldLayouts.d15a50a6-3900-4c12-85a1-896408687ab5.tabs.0.elements.0.fieldUid', '\"e4414be5-ec53-440a-b818-1a381e65c433\"'),
('globalSets.338f718b-7f68-4c2c-9eac-e8898e37b8a3.fieldLayouts.d15a50a6-3900-4c12-85a1-896408687ab5.tabs.0.elements.0.instructions', 'null'),
('globalSets.338f718b-7f68-4c2c-9eac-e8898e37b8a3.fieldLayouts.d15a50a6-3900-4c12-85a1-896408687ab5.tabs.0.elements.0.label', 'null'),
('globalSets.338f718b-7f68-4c2c-9eac-e8898e37b8a3.fieldLayouts.d15a50a6-3900-4c12-85a1-896408687ab5.tabs.0.elements.0.required', 'false'),
('globalSets.338f718b-7f68-4c2c-9eac-e8898e37b8a3.fieldLayouts.d15a50a6-3900-4c12-85a1-896408687ab5.tabs.0.elements.0.tip', 'null'),
('globalSets.338f718b-7f68-4c2c-9eac-e8898e37b8a3.fieldLayouts.d15a50a6-3900-4c12-85a1-896408687ab5.tabs.0.elements.0.type', '\"craft\\\\fieldlayoutelements\\\\CustomField\"'),
('globalSets.338f718b-7f68-4c2c-9eac-e8898e37b8a3.fieldLayouts.d15a50a6-3900-4c12-85a1-896408687ab5.tabs.0.elements.0.warning', 'null'),
('globalSets.338f718b-7f68-4c2c-9eac-e8898e37b8a3.fieldLayouts.d15a50a6-3900-4c12-85a1-896408687ab5.tabs.0.elements.0.width', '100'),
('globalSets.338f718b-7f68-4c2c-9eac-e8898e37b8a3.fieldLayouts.d15a50a6-3900-4c12-85a1-896408687ab5.tabs.0.name', '\"Important Links\"'),
('globalSets.338f718b-7f68-4c2c-9eac-e8898e37b8a3.fieldLayouts.d15a50a6-3900-4c12-85a1-896408687ab5.tabs.0.sortOrder', '1'),
('globalSets.338f718b-7f68-4c2c-9eac-e8898e37b8a3.fieldLayouts.d15a50a6-3900-4c12-85a1-896408687ab5.tabs.1.elements.0.fieldUid', '\"dcc9f2a5-4960-4468-9ca0-ed97af8aabd0\"'),
('globalSets.338f718b-7f68-4c2c-9eac-e8898e37b8a3.fieldLayouts.d15a50a6-3900-4c12-85a1-896408687ab5.tabs.1.elements.0.instructions', 'null'),
('globalSets.338f718b-7f68-4c2c-9eac-e8898e37b8a3.fieldLayouts.d15a50a6-3900-4c12-85a1-896408687ab5.tabs.1.elements.0.label', 'null'),
('globalSets.338f718b-7f68-4c2c-9eac-e8898e37b8a3.fieldLayouts.d15a50a6-3900-4c12-85a1-896408687ab5.tabs.1.elements.0.required', 'false'),
('globalSets.338f718b-7f68-4c2c-9eac-e8898e37b8a3.fieldLayouts.d15a50a6-3900-4c12-85a1-896408687ab5.tabs.1.elements.0.tip', 'null'),
('globalSets.338f718b-7f68-4c2c-9eac-e8898e37b8a3.fieldLayouts.d15a50a6-3900-4c12-85a1-896408687ab5.tabs.1.elements.0.type', '\"craft\\\\fieldlayoutelements\\\\CustomField\"'),
('globalSets.338f718b-7f68-4c2c-9eac-e8898e37b8a3.fieldLayouts.d15a50a6-3900-4c12-85a1-896408687ab5.tabs.1.elements.0.warning', 'null'),
('globalSets.338f718b-7f68-4c2c-9eac-e8898e37b8a3.fieldLayouts.d15a50a6-3900-4c12-85a1-896408687ab5.tabs.1.elements.0.width', '100'),
('globalSets.338f718b-7f68-4c2c-9eac-e8898e37b8a3.fieldLayouts.d15a50a6-3900-4c12-85a1-896408687ab5.tabs.1.name', '\"Boring Links\"'),
('globalSets.338f718b-7f68-4c2c-9eac-e8898e37b8a3.fieldLayouts.d15a50a6-3900-4c12-85a1-896408687ab5.tabs.1.sortOrder', '2'),
('globalSets.338f718b-7f68-4c2c-9eac-e8898e37b8a3.handle', '\"footer\"'),
('globalSets.338f718b-7f68-4c2c-9eac-e8898e37b8a3.name', '\"Footer\"'),
('globalSets.338f718b-7f68-4c2c-9eac-e8898e37b8a3.sortOrder', '2'),
('globalSets.61c4e9a1-fd34-4f08-9280-407d23e513ee.fieldLayouts.0a547d3c-74b4-41a8-8c15-39023a86c6af.tabs.0.elements.0.heading', '\"Texte fr die Kontaktiere mich Section\"'),
('globalSets.61c4e9a1-fd34-4f08-9280-407d23e513ee.fieldLayouts.0a547d3c-74b4-41a8-8c15-39023a86c6af.tabs.0.elements.0.type', '\"craft\\\\fieldlayoutelements\\\\Heading\"'),
('globalSets.61c4e9a1-fd34-4f08-9280-407d23e513ee.fieldLayouts.0a547d3c-74b4-41a8-8c15-39023a86c6af.tabs.0.elements.1.fieldUid', '\"05cf1190-eee5-446e-86fb-2f2803720b03\"'),
('globalSets.61c4e9a1-fd34-4f08-9280-407d23e513ee.fieldLayouts.0a547d3c-74b4-41a8-8c15-39023a86c6af.tabs.0.elements.1.instructions', '\"\"'),
('globalSets.61c4e9a1-fd34-4f08-9280-407d23e513ee.fieldLayouts.0a547d3c-74b4-41a8-8c15-39023a86c6af.tabs.0.elements.1.label', '\"\"'),
('globalSets.61c4e9a1-fd34-4f08-9280-407d23e513ee.fieldLayouts.0a547d3c-74b4-41a8-8c15-39023a86c6af.tabs.0.elements.1.required', '\"1\"'),
('globalSets.61c4e9a1-fd34-4f08-9280-407d23e513ee.fieldLayouts.0a547d3c-74b4-41a8-8c15-39023a86c6af.tabs.0.elements.1.tip', 'null'),
('globalSets.61c4e9a1-fd34-4f08-9280-407d23e513ee.fieldLayouts.0a547d3c-74b4-41a8-8c15-39023a86c6af.tabs.0.elements.1.type', '\"craft\\\\fieldlayoutelements\\\\CustomField\"'),
('globalSets.61c4e9a1-fd34-4f08-9280-407d23e513ee.fieldLayouts.0a547d3c-74b4-41a8-8c15-39023a86c6af.tabs.0.elements.1.warning', 'null'),
('globalSets.61c4e9a1-fd34-4f08-9280-407d23e513ee.fieldLayouts.0a547d3c-74b4-41a8-8c15-39023a86c6af.tabs.0.elements.1.width', '100'),
('globalSets.61c4e9a1-fd34-4f08-9280-407d23e513ee.fieldLayouts.0a547d3c-74b4-41a8-8c15-39023a86c6af.tabs.0.elements.2.fieldUid', '\"8258f0ad-064f-4205-918e-d5f606659a0e\"'),
('globalSets.61c4e9a1-fd34-4f08-9280-407d23e513ee.fieldLayouts.0a547d3c-74b4-41a8-8c15-39023a86c6af.tabs.0.elements.2.instructions', '\"\"'),
('globalSets.61c4e9a1-fd34-4f08-9280-407d23e513ee.fieldLayouts.0a547d3c-74b4-41a8-8c15-39023a86c6af.tabs.0.elements.2.label', '\"\"'),
('globalSets.61c4e9a1-fd34-4f08-9280-407d23e513ee.fieldLayouts.0a547d3c-74b4-41a8-8c15-39023a86c6af.tabs.0.elements.2.required', '\"1\"'),
('globalSets.61c4e9a1-fd34-4f08-9280-407d23e513ee.fieldLayouts.0a547d3c-74b4-41a8-8c15-39023a86c6af.tabs.0.elements.2.tip', 'null'),
('globalSets.61c4e9a1-fd34-4f08-9280-407d23e513ee.fieldLayouts.0a547d3c-74b4-41a8-8c15-39023a86c6af.tabs.0.elements.2.type', '\"craft\\\\fieldlayoutelements\\\\CustomField\"'),
('globalSets.61c4e9a1-fd34-4f08-9280-407d23e513ee.fieldLayouts.0a547d3c-74b4-41a8-8c15-39023a86c6af.tabs.0.elements.2.warning', 'null'),
('globalSets.61c4e9a1-fd34-4f08-9280-407d23e513ee.fieldLayouts.0a547d3c-74b4-41a8-8c15-39023a86c6af.tabs.0.elements.2.width', '100'),
('globalSets.61c4e9a1-fd34-4f08-9280-407d23e513ee.fieldLayouts.0a547d3c-74b4-41a8-8c15-39023a86c6af.tabs.0.elements.3.heading', '\"Kontakt Informationen\"'),
('globalSets.61c4e9a1-fd34-4f08-9280-407d23e513ee.fieldLayouts.0a547d3c-74b4-41a8-8c15-39023a86c6af.tabs.0.elements.3.type', '\"craft\\\\fieldlayoutelements\\\\Heading\"'),
('globalSets.61c4e9a1-fd34-4f08-9280-407d23e513ee.fieldLayouts.0a547d3c-74b4-41a8-8c15-39023a86c6af.tabs.0.elements.4.fieldUid', '\"2043ed76-d48a-4911-ac89-b34387816ebb\"'),
('globalSets.61c4e9a1-fd34-4f08-9280-407d23e513ee.fieldLayouts.0a547d3c-74b4-41a8-8c15-39023a86c6af.tabs.0.elements.4.instructions', 'null'),
('globalSets.61c4e9a1-fd34-4f08-9280-407d23e513ee.fieldLayouts.0a547d3c-74b4-41a8-8c15-39023a86c6af.tabs.0.elements.4.label', 'null'),
('globalSets.61c4e9a1-fd34-4f08-9280-407d23e513ee.fieldLayouts.0a547d3c-74b4-41a8-8c15-39023a86c6af.tabs.0.elements.4.required', 'false'),
('globalSets.61c4e9a1-fd34-4f08-9280-407d23e513ee.fieldLayouts.0a547d3c-74b4-41a8-8c15-39023a86c6af.tabs.0.elements.4.tip', 'null'),
('globalSets.61c4e9a1-fd34-4f08-9280-407d23e513ee.fieldLayouts.0a547d3c-74b4-41a8-8c15-39023a86c6af.tabs.0.elements.4.type', '\"craft\\\\fieldlayoutelements\\\\CustomField\"'),
('globalSets.61c4e9a1-fd34-4f08-9280-407d23e513ee.fieldLayouts.0a547d3c-74b4-41a8-8c15-39023a86c6af.tabs.0.elements.4.warning', 'null'),
('globalSets.61c4e9a1-fd34-4f08-9280-407d23e513ee.fieldLayouts.0a547d3c-74b4-41a8-8c15-39023a86c6af.tabs.0.elements.4.width', '100'),
('globalSets.61c4e9a1-fd34-4f08-9280-407d23e513ee.fieldLayouts.0a547d3c-74b4-41a8-8c15-39023a86c6af.tabs.0.elements.5.fieldUid', '\"10beb2fb-9f4c-4f5a-8196-2f65fa1fbb8b\"'),
('globalSets.61c4e9a1-fd34-4f08-9280-407d23e513ee.fieldLayouts.0a547d3c-74b4-41a8-8c15-39023a86c6af.tabs.0.elements.5.instructions', 'null'),
('globalSets.61c4e9a1-fd34-4f08-9280-407d23e513ee.fieldLayouts.0a547d3c-74b4-41a8-8c15-39023a86c6af.tabs.0.elements.5.label', 'null'),
('globalSets.61c4e9a1-fd34-4f08-9280-407d23e513ee.fieldLayouts.0a547d3c-74b4-41a8-8c15-39023a86c6af.tabs.0.elements.5.required', 'false'),
('globalSets.61c4e9a1-fd34-4f08-9280-407d23e513ee.fieldLayouts.0a547d3c-74b4-41a8-8c15-39023a86c6af.tabs.0.elements.5.tip', 'null'),
('globalSets.61c4e9a1-fd34-4f08-9280-407d23e513ee.fieldLayouts.0a547d3c-74b4-41a8-8c15-39023a86c6af.tabs.0.elements.5.type', '\"craft\\\\fieldlayoutelements\\\\CustomField\"'),
('globalSets.61c4e9a1-fd34-4f08-9280-407d23e513ee.fieldLayouts.0a547d3c-74b4-41a8-8c15-39023a86c6af.tabs.0.elements.5.warning', 'null'),
('globalSets.61c4e9a1-fd34-4f08-9280-407d23e513ee.fieldLayouts.0a547d3c-74b4-41a8-8c15-39023a86c6af.tabs.0.elements.5.width', '100'),
('globalSets.61c4e9a1-fd34-4f08-9280-407d23e513ee.fieldLayouts.0a547d3c-74b4-41a8-8c15-39023a86c6af.tabs.0.elements.6.fieldUid', '\"c5b7a7bd-25d9-46e8-aa20-0b2cbee36c42\"'),
('globalSets.61c4e9a1-fd34-4f08-9280-407d23e513ee.fieldLayouts.0a547d3c-74b4-41a8-8c15-39023a86c6af.tabs.0.elements.6.instructions', 'null'),
('globalSets.61c4e9a1-fd34-4f08-9280-407d23e513ee.fieldLayouts.0a547d3c-74b4-41a8-8c15-39023a86c6af.tabs.0.elements.6.label', 'null'),
('globalSets.61c4e9a1-fd34-4f08-9280-407d23e513ee.fieldLayouts.0a547d3c-74b4-41a8-8c15-39023a86c6af.tabs.0.elements.6.required', 'false'),
('globalSets.61c4e9a1-fd34-4f08-9280-407d23e513ee.fieldLayouts.0a547d3c-74b4-41a8-8c15-39023a86c6af.tabs.0.elements.6.tip', 'null'),
('globalSets.61c4e9a1-fd34-4f08-9280-407d23e513ee.fieldLayouts.0a547d3c-74b4-41a8-8c15-39023a86c6af.tabs.0.elements.6.type', '\"craft\\\\fieldlayoutelements\\\\CustomField\"'),
('globalSets.61c4e9a1-fd34-4f08-9280-407d23e513ee.fieldLayouts.0a547d3c-74b4-41a8-8c15-39023a86c6af.tabs.0.elements.6.warning', 'null'),
('globalSets.61c4e9a1-fd34-4f08-9280-407d23e513ee.fieldLayouts.0a547d3c-74b4-41a8-8c15-39023a86c6af.tabs.0.elements.6.width', '100'),
('globalSets.61c4e9a1-fd34-4f08-9280-407d23e513ee.fieldLayouts.0a547d3c-74b4-41a8-8c15-39023a86c6af.tabs.0.elements.7.fieldUid', '\"5cccf762-54f8-44cf-ad6e-b3504b30f9c2\"'),
('globalSets.61c4e9a1-fd34-4f08-9280-407d23e513ee.fieldLayouts.0a547d3c-74b4-41a8-8c15-39023a86c6af.tabs.0.elements.7.instructions', '\"\"'),
('globalSets.61c4e9a1-fd34-4f08-9280-407d23e513ee.fieldLayouts.0a547d3c-74b4-41a8-8c15-39023a86c6af.tabs.0.elements.7.label', '\"\"'),
('globalSets.61c4e9a1-fd34-4f08-9280-407d23e513ee.fieldLayouts.0a547d3c-74b4-41a8-8c15-39023a86c6af.tabs.0.elements.7.required', '\"1\"'),
('globalSets.61c4e9a1-fd34-4f08-9280-407d23e513ee.fieldLayouts.0a547d3c-74b4-41a8-8c15-39023a86c6af.tabs.0.elements.7.tip', 'null'),
('globalSets.61c4e9a1-fd34-4f08-9280-407d23e513ee.fieldLayouts.0a547d3c-74b4-41a8-8c15-39023a86c6af.tabs.0.elements.7.type', '\"craft\\\\fieldlayoutelements\\\\CustomField\"'),
('globalSets.61c4e9a1-fd34-4f08-9280-407d23e513ee.fieldLayouts.0a547d3c-74b4-41a8-8c15-39023a86c6af.tabs.0.elements.7.warning', 'null'),
('globalSets.61c4e9a1-fd34-4f08-9280-407d23e513ee.fieldLayouts.0a547d3c-74b4-41a8-8c15-39023a86c6af.tabs.0.elements.7.width', '100'),
('globalSets.61c4e9a1-fd34-4f08-9280-407d23e513ee.fieldLayouts.0a547d3c-74b4-41a8-8c15-39023a86c6af.tabs.0.elements.8.fieldUid', '\"ce43a48b-9462-4aea-abc9-3c7cac31d01d\"'),
('globalSets.61c4e9a1-fd34-4f08-9280-407d23e513ee.fieldLayouts.0a547d3c-74b4-41a8-8c15-39023a86c6af.tabs.0.elements.8.instructions', '\"\"'),
('globalSets.61c4e9a1-fd34-4f08-9280-407d23e513ee.fieldLayouts.0a547d3c-74b4-41a8-8c15-39023a86c6af.tabs.0.elements.8.label', '\"\"'),
('globalSets.61c4e9a1-fd34-4f08-9280-407d23e513ee.fieldLayouts.0a547d3c-74b4-41a8-8c15-39023a86c6af.tabs.0.elements.8.required', '\"1\"'),
('globalSets.61c4e9a1-fd34-4f08-9280-407d23e513ee.fieldLayouts.0a547d3c-74b4-41a8-8c15-39023a86c6af.tabs.0.elements.8.tip', 'null'),
('globalSets.61c4e9a1-fd34-4f08-9280-407d23e513ee.fieldLayouts.0a547d3c-74b4-41a8-8c15-39023a86c6af.tabs.0.elements.8.type', '\"craft\\\\fieldlayoutelements\\\\CustomField\"'),
('globalSets.61c4e9a1-fd34-4f08-9280-407d23e513ee.fieldLayouts.0a547d3c-74b4-41a8-8c15-39023a86c6af.tabs.0.elements.8.warning', 'null'),
('globalSets.61c4e9a1-fd34-4f08-9280-407d23e513ee.fieldLayouts.0a547d3c-74b4-41a8-8c15-39023a86c6af.tabs.0.elements.8.width', '100'),
('globalSets.61c4e9a1-fd34-4f08-9280-407d23e513ee.fieldLayouts.0a547d3c-74b4-41a8-8c15-39023a86c6af.tabs.0.name', '\"Contact\"'),
('globalSets.61c4e9a1-fd34-4f08-9280-407d23e513ee.fieldLayouts.0a547d3c-74b4-41a8-8c15-39023a86c6af.tabs.0.sortOrder', '1'),
('globalSets.61c4e9a1-fd34-4f08-9280-407d23e513ee.handle', '\"userInfo\"'),
('globalSets.61c4e9a1-fd34-4f08-9280-407d23e513ee.name', '\"User Information\"'),
('globalSets.61c4e9a1-fd34-4f08-9280-407d23e513ee.sortOrder', '3'),
('globalSets.722da717-5c9d-4ac6-bfa0-08134732dc4c.fieldLayouts.090508da-18b6-470a-815e-a9d766714462.tabs.0.elements.0.fieldUid', '\"e4414be5-ec53-440a-b818-1a381e65c433\"'),
('globalSets.722da717-5c9d-4ac6-bfa0-08134732dc4c.fieldLayouts.090508da-18b6-470a-815e-a9d766714462.tabs.0.elements.0.instructions', 'null'),
('globalSets.722da717-5c9d-4ac6-bfa0-08134732dc4c.fieldLayouts.090508da-18b6-470a-815e-a9d766714462.tabs.0.elements.0.label', 'null'),
('globalSets.722da717-5c9d-4ac6-bfa0-08134732dc4c.fieldLayouts.090508da-18b6-470a-815e-a9d766714462.tabs.0.elements.0.required', 'false'),
('globalSets.722da717-5c9d-4ac6-bfa0-08134732dc4c.fieldLayouts.090508da-18b6-470a-815e-a9d766714462.tabs.0.elements.0.tip', 'null'),
('globalSets.722da717-5c9d-4ac6-bfa0-08134732dc4c.fieldLayouts.090508da-18b6-470a-815e-a9d766714462.tabs.0.elements.0.type', '\"craft\\\\fieldlayoutelements\\\\CustomField\"'),
('globalSets.722da717-5c9d-4ac6-bfa0-08134732dc4c.fieldLayouts.090508da-18b6-470a-815e-a9d766714462.tabs.0.elements.0.warning', 'null'),
('globalSets.722da717-5c9d-4ac6-bfa0-08134732dc4c.fieldLayouts.090508da-18b6-470a-815e-a9d766714462.tabs.0.elements.0.width', '100'),
('globalSets.722da717-5c9d-4ac6-bfa0-08134732dc4c.fieldLayouts.090508da-18b6-470a-815e-a9d766714462.tabs.0.name', '\"NavBar\"'),
('globalSets.722da717-5c9d-4ac6-bfa0-08134732dc4c.fieldLayouts.090508da-18b6-470a-815e-a9d766714462.tabs.0.sortOrder', '1'),
('globalSets.722da717-5c9d-4ac6-bfa0-08134732dc4c.handle', '\"header\"'),
('globalSets.722da717-5c9d-4ac6-bfa0-08134732dc4c.name', '\"Header\"'),
('globalSets.722da717-5c9d-4ac6-bfa0-08134732dc4c.sortOrder', '1'),
('globalSets.df95f934-8e81-47f2-9a8e-6e3afefb968c.fieldLayouts.ec5f9538-4f3f-4803-871e-1d8d782a56fe.tabs.0.elements.0.fieldUid', '\"1bf39833-e1d7-47ad-8cec-0e5f634ecfeb\"'),
('globalSets.df95f934-8e81-47f2-9a8e-6e3afefb968c.fieldLayouts.ec5f9538-4f3f-4803-871e-1d8d782a56fe.tabs.0.elements.0.instructions', 'null'),
('globalSets.df95f934-8e81-47f2-9a8e-6e3afefb968c.fieldLayouts.ec5f9538-4f3f-4803-871e-1d8d782a56fe.tabs.0.elements.0.label', 'null'),
('globalSets.df95f934-8e81-47f2-9a8e-6e3afefb968c.fieldLayouts.ec5f9538-4f3f-4803-871e-1d8d782a56fe.tabs.0.elements.0.required', 'false'),
('globalSets.df95f934-8e81-47f2-9a8e-6e3afefb968c.fieldLayouts.ec5f9538-4f3f-4803-871e-1d8d782a56fe.tabs.0.elements.0.tip', 'null'),
('globalSets.df95f934-8e81-47f2-9a8e-6e3afefb968c.fieldLayouts.ec5f9538-4f3f-4803-871e-1d8d782a56fe.tabs.0.elements.0.type', '\"craft\\\\fieldlayoutelements\\\\CustomField\"'),
('globalSets.df95f934-8e81-47f2-9a8e-6e3afefb968c.fieldLayouts.ec5f9538-4f3f-4803-871e-1d8d782a56fe.tabs.0.elements.0.warning', 'null'),
('globalSets.df95f934-8e81-47f2-9a8e-6e3afefb968c.fieldLayouts.ec5f9538-4f3f-4803-871e-1d8d782a56fe.tabs.0.elements.0.width', '100'),
('globalSets.df95f934-8e81-47f2-9a8e-6e3afefb968c.fieldLayouts.ec5f9538-4f3f-4803-871e-1d8d782a56fe.tabs.0.elements.1.fieldUid', '\"7e3b3ae6-f422-47dc-96c7-602eef92f190\"'),
('globalSets.df95f934-8e81-47f2-9a8e-6e3afefb968c.fieldLayouts.ec5f9538-4f3f-4803-871e-1d8d782a56fe.tabs.0.elements.1.instructions', 'null'),
('globalSets.df95f934-8e81-47f2-9a8e-6e3afefb968c.fieldLayouts.ec5f9538-4f3f-4803-871e-1d8d782a56fe.tabs.0.elements.1.label', 'null'),
('globalSets.df95f934-8e81-47f2-9a8e-6e3afefb968c.fieldLayouts.ec5f9538-4f3f-4803-871e-1d8d782a56fe.tabs.0.elements.1.required', 'false'),
('globalSets.df95f934-8e81-47f2-9a8e-6e3afefb968c.fieldLayouts.ec5f9538-4f3f-4803-871e-1d8d782a56fe.tabs.0.elements.1.tip', 'null'),
('globalSets.df95f934-8e81-47f2-9a8e-6e3afefb968c.fieldLayouts.ec5f9538-4f3f-4803-871e-1d8d782a56fe.tabs.0.elements.1.type', '\"craft\\\\fieldlayoutelements\\\\CustomField\"'),
('globalSets.df95f934-8e81-47f2-9a8e-6e3afefb968c.fieldLayouts.ec5f9538-4f3f-4803-871e-1d8d782a56fe.tabs.0.elements.1.warning', 'null'),
('globalSets.df95f934-8e81-47f2-9a8e-6e3afefb968c.fieldLayouts.ec5f9538-4f3f-4803-871e-1d8d782a56fe.tabs.0.elements.1.width', '100'),
('globalSets.df95f934-8e81-47f2-9a8e-6e3afefb968c.fieldLayouts.ec5f9538-4f3f-4803-871e-1d8d782a56fe.tabs.0.name', '\"Gutscheine\"'),
('globalSets.df95f934-8e81-47f2-9a8e-6e3afefb968c.fieldLayouts.ec5f9538-4f3f-4803-871e-1d8d782a56fe.tabs.0.sortOrder', '1'),
('globalSets.df95f934-8e81-47f2-9a8e-6e3afefb968c.handle', '\"gutscheine\"'),
('globalSets.df95f934-8e81-47f2-9a8e-6e3afefb968c.name', '\"Gutscheine\"'),
('globalSets.df95f934-8e81-47f2-9a8e-6e3afefb968c.sortOrder', '4'),
('graphql.publicToken.enabled', 'false'),
('graphql.publicToken.expiryDate', 'null'),
('graphql.schemas.9b8f35b7-0309-476b-9ca6-654d6d620e69.isPublic', 'true'),
('graphql.schemas.9b8f35b7-0309-476b-9ca6-654d6d620e69.name', '\"Public Schema\"'),
('imageTransforms.5a1f7399-c9af-4cf1-a877-b9918fabb768.format', 'null'),
('imageTransforms.5a1f7399-c9af-4cf1-a877-b9918fabb768.handle', '\"gutscheinImg\"'),
('imageTransforms.5a1f7399-c9af-4cf1-a877-b9918fabb768.height', 'null'),
('imageTransforms.5a1f7399-c9af-4cf1-a877-b9918fabb768.interlace', '\"none\"'),
('imageTransforms.5a1f7399-c9af-4cf1-a877-b9918fabb768.mode', '\"fit\"'),
('imageTransforms.5a1f7399-c9af-4cf1-a877-b9918fabb768.name', '\"Gutschein Img\"'),
('imageTransforms.5a1f7399-c9af-4cf1-a877-b9918fabb768.position', '\"center-center\"'),
('imageTransforms.5a1f7399-c9af-4cf1-a877-b9918fabb768.quality', 'null'),
('imageTransforms.5a1f7399-c9af-4cf1-a877-b9918fabb768.width', '320'),
('imageTransforms.6f19a805-c660-4a23-98bc-883a1772b93c.format', 'null'),
('imageTransforms.6f19a805-c660-4a23-98bc-883a1772b93c.handle', '\"contentImage\"'),
('imageTransforms.6f19a805-c660-4a23-98bc-883a1772b93c.height', '700'),
('imageTransforms.6f19a805-c660-4a23-98bc-883a1772b93c.interlace', '\"none\"'),
('imageTransforms.6f19a805-c660-4a23-98bc-883a1772b93c.mode', '\"fit\"'),
('imageTransforms.6f19a805-c660-4a23-98bc-883a1772b93c.name', '\"Content Image\"'),
('imageTransforms.6f19a805-c660-4a23-98bc-883a1772b93c.position', '\"center-center\"'),
('imageTransforms.6f19a805-c660-4a23-98bc-883a1772b93c.quality', 'null'),
('imageTransforms.6f19a805-c660-4a23-98bc-883a1772b93c.width', '1000'),
('imageTransforms.866a0917-591e-4c6c-8e26-b548063bbc13.format', 'null'),
('imageTransforms.866a0917-591e-4c6c-8e26-b548063bbc13.handle', '\"infoSlider\"'),
('imageTransforms.866a0917-591e-4c6c-8e26-b548063bbc13.height', '254'),
('imageTransforms.866a0917-591e-4c6c-8e26-b548063bbc13.interlace', '\"none\"'),
('imageTransforms.866a0917-591e-4c6c-8e26-b548063bbc13.mode', '\"crop\"'),
('imageTransforms.866a0917-591e-4c6c-8e26-b548063bbc13.name', '\"Info-Slider\"'),
('imageTransforms.866a0917-591e-4c6c-8e26-b548063bbc13.position', '\"center-center\"'),
('imageTransforms.866a0917-591e-4c6c-8e26-b548063bbc13.quality', 'null'),
('imageTransforms.866a0917-591e-4c6c-8e26-b548063bbc13.width', '254'),
('imageTransforms.d0345c1f-4c41-48f5-9235-31cd644f6b30.format', '\"webp\"'),
('imageTransforms.d0345c1f-4c41-48f5-9235-31cd644f6b30.handle', '\"hero\"'),
('imageTransforms.d0345c1f-4c41-48f5-9235-31cd644f6b30.height', '900'),
('imageTransforms.d0345c1f-4c41-48f5-9235-31cd644f6b30.interlace', '\"none\"'),
('imageTransforms.d0345c1f-4c41-48f5-9235-31cd644f6b30.mode', '\"fit\"'),
('imageTransforms.d0345c1f-4c41-48f5-9235-31cd644f6b30.name', '\"Hero\"'),
('imageTransforms.d0345c1f-4c41-48f5-9235-31cd644f6b30.position', '\"center-center\"'),
('imageTransforms.d0345c1f-4c41-48f5-9235-31cd644f6b30.quality', 'null'),
('imageTransforms.d0345c1f-4c41-48f5-9235-31cd644f6b30.width', '1400'),
('imageTransforms.edceac26-29e6-4527-a8dc-66076a59ed58.format', 'null'),
('imageTransforms.edceac26-29e6-4527-a8dc-66076a59ed58.handle', '\"aboutImg\"'),
('imageTransforms.edceac26-29e6-4527-a8dc-66076a59ed58.height', '800'),
('imageTransforms.edceac26-29e6-4527-a8dc-66076a59ed58.interlace', '\"none\"'),
('imageTransforms.edceac26-29e6-4527-a8dc-66076a59ed58.mode', '\"crop\"'),
('imageTransforms.edceac26-29e6-4527-a8dc-66076a59ed58.name', '\"About Img\"'),
('imageTransforms.edceac26-29e6-4527-a8dc-66076a59ed58.position', '\"center-center\"'),
('imageTransforms.edceac26-29e6-4527-a8dc-66076a59ed58.quality', 'null'),
('imageTransforms.edceac26-29e6-4527-a8dc-66076a59ed58.width', '950'),
('matrixBlockTypes.2a4797dc-df0a-4834-ab6d-76f4c86182e6.field', '\"67ea3ad6-5894-4622-8a04-84e1cf8ea798\"'),
('matrixBlockTypes.2a4797dc-df0a-4834-ab6d-76f4c86182e6.fieldLayouts.89cfcd6a-6f02-42e7-87e4-f651e0277ff5.tabs.0.elements.0.fieldUid', '\"4e364be5-bc5a-4257-8479-5e7685e6cd9d\"'),
('matrixBlockTypes.2a4797dc-df0a-4834-ab6d-76f4c86182e6.fieldLayouts.89cfcd6a-6f02-42e7-87e4-f651e0277ff5.tabs.0.elements.0.instructions', 'null'),
('matrixBlockTypes.2a4797dc-df0a-4834-ab6d-76f4c86182e6.fieldLayouts.89cfcd6a-6f02-42e7-87e4-f651e0277ff5.tabs.0.elements.0.label', 'null'),
('matrixBlockTypes.2a4797dc-df0a-4834-ab6d-76f4c86182e6.fieldLayouts.89cfcd6a-6f02-42e7-87e4-f651e0277ff5.tabs.0.elements.0.required', 'true'),
('matrixBlockTypes.2a4797dc-df0a-4834-ab6d-76f4c86182e6.fieldLayouts.89cfcd6a-6f02-42e7-87e4-f651e0277ff5.tabs.0.elements.0.tip', 'null'),
('matrixBlockTypes.2a4797dc-df0a-4834-ab6d-76f4c86182e6.fieldLayouts.89cfcd6a-6f02-42e7-87e4-f651e0277ff5.tabs.0.elements.0.type', '\"craft\\\\fieldlayoutelements\\\\CustomField\"'),
('matrixBlockTypes.2a4797dc-df0a-4834-ab6d-76f4c86182e6.fieldLayouts.89cfcd6a-6f02-42e7-87e4-f651e0277ff5.tabs.0.elements.0.warning', 'null'),
('matrixBlockTypes.2a4797dc-df0a-4834-ab6d-76f4c86182e6.fieldLayouts.89cfcd6a-6f02-42e7-87e4-f651e0277ff5.tabs.0.elements.0.width', '100'),
('matrixBlockTypes.2a4797dc-df0a-4834-ab6d-76f4c86182e6.fieldLayouts.89cfcd6a-6f02-42e7-87e4-f651e0277ff5.tabs.0.elements.1.fieldUid', '\"695d690f-eac6-448e-b32a-399a64f36c2d\"'),
('matrixBlockTypes.2a4797dc-df0a-4834-ab6d-76f4c86182e6.fieldLayouts.89cfcd6a-6f02-42e7-87e4-f651e0277ff5.tabs.0.elements.1.instructions', 'null'),
('matrixBlockTypes.2a4797dc-df0a-4834-ab6d-76f4c86182e6.fieldLayouts.89cfcd6a-6f02-42e7-87e4-f651e0277ff5.tabs.0.elements.1.label', 'null'),
('matrixBlockTypes.2a4797dc-df0a-4834-ab6d-76f4c86182e6.fieldLayouts.89cfcd6a-6f02-42e7-87e4-f651e0277ff5.tabs.0.elements.1.required', 'true'),
('matrixBlockTypes.2a4797dc-df0a-4834-ab6d-76f4c86182e6.fieldLayouts.89cfcd6a-6f02-42e7-87e4-f651e0277ff5.tabs.0.elements.1.tip', 'null'),
('matrixBlockTypes.2a4797dc-df0a-4834-ab6d-76f4c86182e6.fieldLayouts.89cfcd6a-6f02-42e7-87e4-f651e0277ff5.tabs.0.elements.1.type', '\"craft\\\\fieldlayoutelements\\\\CustomField\"'),
('matrixBlockTypes.2a4797dc-df0a-4834-ab6d-76f4c86182e6.fieldLayouts.89cfcd6a-6f02-42e7-87e4-f651e0277ff5.tabs.0.elements.1.warning', 'null'),
('matrixBlockTypes.2a4797dc-df0a-4834-ab6d-76f4c86182e6.fieldLayouts.89cfcd6a-6f02-42e7-87e4-f651e0277ff5.tabs.0.elements.1.width', '100'),
('matrixBlockTypes.2a4797dc-df0a-4834-ab6d-76f4c86182e6.fieldLayouts.89cfcd6a-6f02-42e7-87e4-f651e0277ff5.tabs.0.name', '\"Content\"'),
('matrixBlockTypes.2a4797dc-df0a-4834-ab6d-76f4c86182e6.fieldLayouts.89cfcd6a-6f02-42e7-87e4-f651e0277ff5.tabs.0.sortOrder', '1'),
('matrixBlockTypes.2a4797dc-df0a-4834-ab6d-76f4c86182e6.fields.4e364be5-bc5a-4257-8479-5e7685e6cd9d.columnSuffix', '\"zmzwgtqq\"'),
('matrixBlockTypes.2a4797dc-df0a-4834-ab6d-76f4c86182e6.fields.4e364be5-bc5a-4257-8479-5e7685e6cd9d.contentColumnType', '\"string(40)\"'),
('matrixBlockTypes.2a4797dc-df0a-4834-ab6d-76f4c86182e6.fields.4e364be5-bc5a-4257-8479-5e7685e6cd9d.fieldGroup', 'null'),
('matrixBlockTypes.2a4797dc-df0a-4834-ab6d-76f4c86182e6.fields.4e364be5-bc5a-4257-8479-5e7685e6cd9d.handle', '\"euronen\"'),
('matrixBlockTypes.2a4797dc-df0a-4834-ab6d-76f4c86182e6.fields.4e364be5-bc5a-4257-8479-5e7685e6cd9d.instructions', '\"\"'),
('matrixBlockTypes.2a4797dc-df0a-4834-ab6d-76f4c86182e6.fields.4e364be5-bc5a-4257-8479-5e7685e6cd9d.name', '\"Euronen\"'),
('matrixBlockTypes.2a4797dc-df0a-4834-ab6d-76f4c86182e6.fields.4e364be5-bc5a-4257-8479-5e7685e6cd9d.searchable', 'false'),
('matrixBlockTypes.2a4797dc-df0a-4834-ab6d-76f4c86182e6.fields.4e364be5-bc5a-4257-8479-5e7685e6cd9d.settings.byteLimit', 'null'),
('matrixBlockTypes.2a4797dc-df0a-4834-ab6d-76f4c86182e6.fields.4e364be5-bc5a-4257-8479-5e7685e6cd9d.settings.charLimit', '10'),
('matrixBlockTypes.2a4797dc-df0a-4834-ab6d-76f4c86182e6.fields.4e364be5-bc5a-4257-8479-5e7685e6cd9d.settings.code', '\"\"'),
('matrixBlockTypes.2a4797dc-df0a-4834-ab6d-76f4c86182e6.fields.4e364be5-bc5a-4257-8479-5e7685e6cd9d.settings.columnType', 'null'),
('matrixBlockTypes.2a4797dc-df0a-4834-ab6d-76f4c86182e6.fields.4e364be5-bc5a-4257-8479-5e7685e6cd9d.settings.initialRows', '\"4\"'),
('matrixBlockTypes.2a4797dc-df0a-4834-ab6d-76f4c86182e6.fields.4e364be5-bc5a-4257-8479-5e7685e6cd9d.settings.multiline', '\"\"'),
('matrixBlockTypes.2a4797dc-df0a-4834-ab6d-76f4c86182e6.fields.4e364be5-bc5a-4257-8479-5e7685e6cd9d.settings.placeholder', '\"Preis fr eine Einheit\"'),
('matrixBlockTypes.2a4797dc-df0a-4834-ab6d-76f4c86182e6.fields.4e364be5-bc5a-4257-8479-5e7685e6cd9d.settings.uiMode', '\"normal\"'),
('matrixBlockTypes.2a4797dc-df0a-4834-ab6d-76f4c86182e6.fields.4e364be5-bc5a-4257-8479-5e7685e6cd9d.translationKeyFormat', 'null'),
('matrixBlockTypes.2a4797dc-df0a-4834-ab6d-76f4c86182e6.fields.4e364be5-bc5a-4257-8479-5e7685e6cd9d.translationMethod', '\"none\"'),
('matrixBlockTypes.2a4797dc-df0a-4834-ab6d-76f4c86182e6.fields.4e364be5-bc5a-4257-8479-5e7685e6cd9d.type', '\"craft\\\\fields\\\\PlainText\"'),
('matrixBlockTypes.2a4797dc-df0a-4834-ab6d-76f4c86182e6.fields.695d690f-eac6-448e-b32a-399a64f36c2d.columnSuffix', '\"zcroapgg\"'),
('matrixBlockTypes.2a4797dc-df0a-4834-ab6d-76f4c86182e6.fields.695d690f-eac6-448e-b32a-399a64f36c2d.contentColumnType', '\"string(20)\"'),
('matrixBlockTypes.2a4797dc-df0a-4834-ab6d-76f4c86182e6.fields.695d690f-eac6-448e-b32a-399a64f36c2d.fieldGroup', 'null'),
('matrixBlockTypes.2a4797dc-df0a-4834-ab6d-76f4c86182e6.fields.695d690f-eac6-448e-b32a-399a64f36c2d.handle', '\"stunden\"'),
('matrixBlockTypes.2a4797dc-df0a-4834-ab6d-76f4c86182e6.fields.695d690f-eac6-448e-b32a-399a64f36c2d.instructions', '\"\"'),
('matrixBlockTypes.2a4797dc-df0a-4834-ab6d-76f4c86182e6.fields.695d690f-eac6-448e-b32a-399a64f36c2d.name', '\"stunden\"'),
('matrixBlockTypes.2a4797dc-df0a-4834-ab6d-76f4c86182e6.fields.695d690f-eac6-448e-b32a-399a64f36c2d.searchable', 'false'),
('matrixBlockTypes.2a4797dc-df0a-4834-ab6d-76f4c86182e6.fields.695d690f-eac6-448e-b32a-399a64f36c2d.settings.byteLimit', 'null'),
('matrixBlockTypes.2a4797dc-df0a-4834-ab6d-76f4c86182e6.fields.695d690f-eac6-448e-b32a-399a64f36c2d.settings.charLimit', '5'),
('matrixBlockTypes.2a4797dc-df0a-4834-ab6d-76f4c86182e6.fields.695d690f-eac6-448e-b32a-399a64f36c2d.settings.code', '\"\"'),
('matrixBlockTypes.2a4797dc-df0a-4834-ab6d-76f4c86182e6.fields.695d690f-eac6-448e-b32a-399a64f36c2d.settings.columnType', 'null'),
('matrixBlockTypes.2a4797dc-df0a-4834-ab6d-76f4c86182e6.fields.695d690f-eac6-448e-b32a-399a64f36c2d.settings.initialRows', '\"4\"'),
('matrixBlockTypes.2a4797dc-df0a-4834-ab6d-76f4c86182e6.fields.695d690f-eac6-448e-b32a-399a64f36c2d.settings.multiline', '\"\"'),
('matrixBlockTypes.2a4797dc-df0a-4834-ab6d-76f4c86182e6.fields.695d690f-eac6-448e-b32a-399a64f36c2d.settings.placeholder', '\"Dauer der Einheit (in min)\"'),
('matrixBlockTypes.2a4797dc-df0a-4834-ab6d-76f4c86182e6.fields.695d690f-eac6-448e-b32a-399a64f36c2d.settings.uiMode', '\"normal\"'),
('matrixBlockTypes.2a4797dc-df0a-4834-ab6d-76f4c86182e6.fields.695d690f-eac6-448e-b32a-399a64f36c2d.translationKeyFormat', 'null'),
('matrixBlockTypes.2a4797dc-df0a-4834-ab6d-76f4c86182e6.fields.695d690f-eac6-448e-b32a-399a64f36c2d.translationMethod', '\"none\"'),
('matrixBlockTypes.2a4797dc-df0a-4834-ab6d-76f4c86182e6.fields.695d690f-eac6-448e-b32a-399a64f36c2d.type', '\"craft\\\\fields\\\\PlainText\"'),
('matrixBlockTypes.2a4797dc-df0a-4834-ab6d-76f4c86182e6.handle', '\"price\"'),
('matrixBlockTypes.2a4797dc-df0a-4834-ab6d-76f4c86182e6.name', '\"Price\"'),
('matrixBlockTypes.2a4797dc-df0a-4834-ab6d-76f4c86182e6.sortOrder', '1'),
('matrixBlockTypes.3bace5b2-b349-43e4-8abb-441e7be0b37a.field', '\"65c4e659-4d8f-4705-a2e9-46a81807c120\"'),
('matrixBlockTypes.3bace5b2-b349-43e4-8abb-441e7be0b37a.fieldLayouts.45935bee-5d0e-4364-bbc9-e6e1d3815940.tabs.0.elements.0.fieldUid', '\"e7938175-a108-436a-9651-c3fc691e20cb\"'),
('matrixBlockTypes.3bace5b2-b349-43e4-8abb-441e7be0b37a.fieldLayouts.45935bee-5d0e-4364-bbc9-e6e1d3815940.tabs.0.elements.0.instructions', 'null'),
('matrixBlockTypes.3bace5b2-b349-43e4-8abb-441e7be0b37a.fieldLayouts.45935bee-5d0e-4364-bbc9-e6e1d3815940.tabs.0.elements.0.label', 'null'),
('matrixBlockTypes.3bace5b2-b349-43e4-8abb-441e7be0b37a.fieldLayouts.45935bee-5d0e-4364-bbc9-e6e1d3815940.tabs.0.elements.0.required', 'true'),
('matrixBlockTypes.3bace5b2-b349-43e4-8abb-441e7be0b37a.fieldLayouts.45935bee-5d0e-4364-bbc9-e6e1d3815940.tabs.0.elements.0.tip', 'null'),
('matrixBlockTypes.3bace5b2-b349-43e4-8abb-441e7be0b37a.fieldLayouts.45935bee-5d0e-4364-bbc9-e6e1d3815940.tabs.0.elements.0.type', '\"craft\\\\fieldlayoutelements\\\\CustomField\"'),
('matrixBlockTypes.3bace5b2-b349-43e4-8abb-441e7be0b37a.fieldLayouts.45935bee-5d0e-4364-bbc9-e6e1d3815940.tabs.0.elements.0.warning', 'null'),
('matrixBlockTypes.3bace5b2-b349-43e4-8abb-441e7be0b37a.fieldLayouts.45935bee-5d0e-4364-bbc9-e6e1d3815940.tabs.0.elements.0.width', '100'),
('matrixBlockTypes.3bace5b2-b349-43e4-8abb-441e7be0b37a.fieldLayouts.45935bee-5d0e-4364-bbc9-e6e1d3815940.tabs.0.elements.1.fieldUid', '\"998a4cee-1d0b-4b76-bbdc-e03d69e2d0c9\"'),
('matrixBlockTypes.3bace5b2-b349-43e4-8abb-441e7be0b37a.fieldLayouts.45935bee-5d0e-4364-bbc9-e6e1d3815940.tabs.0.elements.1.instructions', 'null'),
('matrixBlockTypes.3bace5b2-b349-43e4-8abb-441e7be0b37a.fieldLayouts.45935bee-5d0e-4364-bbc9-e6e1d3815940.tabs.0.elements.1.label', 'null'),
('matrixBlockTypes.3bace5b2-b349-43e4-8abb-441e7be0b37a.fieldLayouts.45935bee-5d0e-4364-bbc9-e6e1d3815940.tabs.0.elements.1.required', 'false'),
('matrixBlockTypes.3bace5b2-b349-43e4-8abb-441e7be0b37a.fieldLayouts.45935bee-5d0e-4364-bbc9-e6e1d3815940.tabs.0.elements.1.tip', 'null'),
('matrixBlockTypes.3bace5b2-b349-43e4-8abb-441e7be0b37a.fieldLayouts.45935bee-5d0e-4364-bbc9-e6e1d3815940.tabs.0.elements.1.type', '\"craft\\\\fieldlayoutelements\\\\CustomField\"'),
('matrixBlockTypes.3bace5b2-b349-43e4-8abb-441e7be0b37a.fieldLayouts.45935bee-5d0e-4364-bbc9-e6e1d3815940.tabs.0.elements.1.warning', 'null'),
('matrixBlockTypes.3bace5b2-b349-43e4-8abb-441e7be0b37a.fieldLayouts.45935bee-5d0e-4364-bbc9-e6e1d3815940.tabs.0.elements.1.width', '100'),
('matrixBlockTypes.3bace5b2-b349-43e4-8abb-441e7be0b37a.fieldLayouts.45935bee-5d0e-4364-bbc9-e6e1d3815940.tabs.0.elements.2.fieldUid', '\"e4903fce-9829-467c-b5a0-534501cd79fb\"'),
('matrixBlockTypes.3bace5b2-b349-43e4-8abb-441e7be0b37a.fieldLayouts.45935bee-5d0e-4364-bbc9-e6e1d3815940.tabs.0.elements.2.instructions', 'null'),
('matrixBlockTypes.3bace5b2-b349-43e4-8abb-441e7be0b37a.fieldLayouts.45935bee-5d0e-4364-bbc9-e6e1d3815940.tabs.0.elements.2.label', 'null'),
('matrixBlockTypes.3bace5b2-b349-43e4-8abb-441e7be0b37a.fieldLayouts.45935bee-5d0e-4364-bbc9-e6e1d3815940.tabs.0.elements.2.required', 'false'),
('matrixBlockTypes.3bace5b2-b349-43e4-8abb-441e7be0b37a.fieldLayouts.45935bee-5d0e-4364-bbc9-e6e1d3815940.tabs.0.elements.2.tip', 'null'),
('matrixBlockTypes.3bace5b2-b349-43e4-8abb-441e7be0b37a.fieldLayouts.45935bee-5d0e-4364-bbc9-e6e1d3815940.tabs.0.elements.2.type', '\"craft\\\\fieldlayoutelements\\\\CustomField\"'),
('matrixBlockTypes.3bace5b2-b349-43e4-8abb-441e7be0b37a.fieldLayouts.45935bee-5d0e-4364-bbc9-e6e1d3815940.tabs.0.elements.2.warning', 'null'),
('matrixBlockTypes.3bace5b2-b349-43e4-8abb-441e7be0b37a.fieldLayouts.45935bee-5d0e-4364-bbc9-e6e1d3815940.tabs.0.elements.2.width', '100'),
('matrixBlockTypes.3bace5b2-b349-43e4-8abb-441e7be0b37a.fieldLayouts.45935bee-5d0e-4364-bbc9-e6e1d3815940.tabs.0.name', '\"Content\"'),
('matrixBlockTypes.3bace5b2-b349-43e4-8abb-441e7be0b37a.fieldLayouts.45935bee-5d0e-4364-bbc9-e6e1d3815940.tabs.0.sortOrder', '1'),
('matrixBlockTypes.3bace5b2-b349-43e4-8abb-441e7be0b37a.fields.998a4cee-1d0b-4b76-bbdc-e03d69e2d0c9.columnSuffix', 'null'),
('matrixBlockTypes.3bace5b2-b349-43e4-8abb-441e7be0b37a.fields.998a4cee-1d0b-4b76-bbdc-e03d69e2d0c9.contentColumnType', '\"text\"'),
('matrixBlockTypes.3bace5b2-b349-43e4-8abb-441e7be0b37a.fields.998a4cee-1d0b-4b76-bbdc-e03d69e2d0c9.fieldGroup', 'null'),
('matrixBlockTypes.3bace5b2-b349-43e4-8abb-441e7be0b37a.fields.998a4cee-1d0b-4b76-bbdc-e03d69e2d0c9.handle', '\"infoCardMobileH2\"'),
('matrixBlockTypes.3bace5b2-b349-43e4-8abb-441e7be0b37a.fields.998a4cee-1d0b-4b76-bbdc-e03d69e2d0c9.instructions', '\"\"'),
('matrixBlockTypes.3bace5b2-b349-43e4-8abb-441e7be0b37a.fields.998a4cee-1d0b-4b76-bbdc-e03d69e2d0c9.name', '\"Info Card Mobile h2\"'),
('matrixBlockTypes.3bace5b2-b349-43e4-8abb-441e7be0b37a.fields.998a4cee-1d0b-4b76-bbdc-e03d69e2d0c9.searchable', 'false'),
('matrixBlockTypes.3bace5b2-b349-43e4-8abb-441e7be0b37a.fields.998a4cee-1d0b-4b76-bbdc-e03d69e2d0c9.settings.byteLimit', 'null'),
('matrixBlockTypes.3bace5b2-b349-43e4-8abb-441e7be0b37a.fields.998a4cee-1d0b-4b76-bbdc-e03d69e2d0c9.settings.charLimit', 'null'),
('matrixBlockTypes.3bace5b2-b349-43e4-8abb-441e7be0b37a.fields.998a4cee-1d0b-4b76-bbdc-e03d69e2d0c9.settings.code', '\"\"'),
('matrixBlockTypes.3bace5b2-b349-43e4-8abb-441e7be0b37a.fields.998a4cee-1d0b-4b76-bbdc-e03d69e2d0c9.settings.columnType', 'null'),
('matrixBlockTypes.3bace5b2-b349-43e4-8abb-441e7be0b37a.fields.998a4cee-1d0b-4b76-bbdc-e03d69e2d0c9.settings.initialRows', '\"4\"'),
('matrixBlockTypes.3bace5b2-b349-43e4-8abb-441e7be0b37a.fields.998a4cee-1d0b-4b76-bbdc-e03d69e2d0c9.settings.multiline', '\"\"'),
('matrixBlockTypes.3bace5b2-b349-43e4-8abb-441e7be0b37a.fields.998a4cee-1d0b-4b76-bbdc-e03d69e2d0c9.settings.placeholder', 'null'),
('matrixBlockTypes.3bace5b2-b349-43e4-8abb-441e7be0b37a.fields.998a4cee-1d0b-4b76-bbdc-e03d69e2d0c9.settings.uiMode', '\"normal\"'),
('matrixBlockTypes.3bace5b2-b349-43e4-8abb-441e7be0b37a.fields.998a4cee-1d0b-4b76-bbdc-e03d69e2d0c9.translationKeyFormat', 'null'),
('matrixBlockTypes.3bace5b2-b349-43e4-8abb-441e7be0b37a.fields.998a4cee-1d0b-4b76-bbdc-e03d69e2d0c9.translationMethod', '\"none\"'),
('matrixBlockTypes.3bace5b2-b349-43e4-8abb-441e7be0b37a.fields.998a4cee-1d0b-4b76-bbdc-e03d69e2d0c9.type', '\"craft\\\\fields\\\\PlainText\"'),
('matrixBlockTypes.3bace5b2-b349-43e4-8abb-441e7be0b37a.fields.e4903fce-9829-467c-b5a0-534501cd79fb.columnSuffix', 'null'),
('matrixBlockTypes.3bace5b2-b349-43e4-8abb-441e7be0b37a.fields.e4903fce-9829-467c-b5a0-534501cd79fb.contentColumnType', '\"text\"'),
('matrixBlockTypes.3bace5b2-b349-43e4-8abb-441e7be0b37a.fields.e4903fce-9829-467c-b5a0-534501cd79fb.fieldGroup', 'null'),
('matrixBlockTypes.3bace5b2-b349-43e4-8abb-441e7be0b37a.fields.e4903fce-9829-467c-b5a0-534501cd79fb.handle', '\"infoCardMobileDescription\"'),
('matrixBlockTypes.3bace5b2-b349-43e4-8abb-441e7be0b37a.fields.e4903fce-9829-467c-b5a0-534501cd79fb.instructions', '\"\"'),
('matrixBlockTypes.3bace5b2-b349-43e4-8abb-441e7be0b37a.fields.e4903fce-9829-467c-b5a0-534501cd79fb.name', '\"Info Card Mobile Description\"'),
('matrixBlockTypes.3bace5b2-b349-43e4-8abb-441e7be0b37a.fields.e4903fce-9829-467c-b5a0-534501cd79fb.searchable', 'false'),
('matrixBlockTypes.3bace5b2-b349-43e4-8abb-441e7be0b37a.fields.e4903fce-9829-467c-b5a0-534501cd79fb.settings.availableTransforms', '\"\"'),
('matrixBlockTypes.3bace5b2-b349-43e4-8abb-441e7be0b37a.fields.e4903fce-9829-467c-b5a0-534501cd79fb.settings.availableVolumes', '\"\"'),
('matrixBlockTypes.3bace5b2-b349-43e4-8abb-441e7be0b37a.fields.e4903fce-9829-467c-b5a0-534501cd79fb.settings.cleanupHtml', 'true'),
('matrixBlockTypes.3bace5b2-b349-43e4-8abb-441e7be0b37a.fields.e4903fce-9829-467c-b5a0-534501cd79fb.settings.columnType', '\"text\"'),
('matrixBlockTypes.3bace5b2-b349-43e4-8abb-441e7be0b37a.fields.e4903fce-9829-467c-b5a0-534501cd79fb.settings.configSelectionMode', '\"choose\"'),
('matrixBlockTypes.3bace5b2-b349-43e4-8abb-441e7be0b37a.fields.e4903fce-9829-467c-b5a0-534501cd79fb.settings.defaultTransform', '\"\"'),
('matrixBlockTypes.3bace5b2-b349-43e4-8abb-441e7be0b37a.fields.e4903fce-9829-467c-b5a0-534501cd79fb.settings.manualConfig', '\"\"'),
('matrixBlockTypes.3bace5b2-b349-43e4-8abb-441e7be0b37a.fields.e4903fce-9829-467c-b5a0-534501cd79fb.settings.purifierConfig', '\"\"'),
('matrixBlockTypes.3bace5b2-b349-43e4-8abb-441e7be0b37a.fields.e4903fce-9829-467c-b5a0-534501cd79fb.settings.purifyHtml', '\"1\"'),
('matrixBlockTypes.3bace5b2-b349-43e4-8abb-441e7be0b37a.fields.e4903fce-9829-467c-b5a0-534501cd79fb.settings.redactorConfig', '\"\"'),
('matrixBlockTypes.3bace5b2-b349-43e4-8abb-441e7be0b37a.fields.e4903fce-9829-467c-b5a0-534501cd79fb.settings.removeEmptyTags', '\"1\"'),
('matrixBlockTypes.3bace5b2-b349-43e4-8abb-441e7be0b37a.fields.e4903fce-9829-467c-b5a0-534501cd79fb.settings.removeInlineStyles', '\"1\"'),
('matrixBlockTypes.3bace5b2-b349-43e4-8abb-441e7be0b37a.fields.e4903fce-9829-467c-b5a0-534501cd79fb.settings.removeNbsp', '\"1\"'),
('matrixBlockTypes.3bace5b2-b349-43e4-8abb-441e7be0b37a.fields.e4903fce-9829-467c-b5a0-534501cd79fb.settings.showHtmlButtonForNonAdmins', '\"1\"'),
('matrixBlockTypes.3bace5b2-b349-43e4-8abb-441e7be0b37a.fields.e4903fce-9829-467c-b5a0-534501cd79fb.settings.showUnpermittedFiles', 'false'),
('matrixBlockTypes.3bace5b2-b349-43e4-8abb-441e7be0b37a.fields.e4903fce-9829-467c-b5a0-534501cd79fb.settings.showUnpermittedVolumes', 'false'),
('matrixBlockTypes.3bace5b2-b349-43e4-8abb-441e7be0b37a.fields.e4903fce-9829-467c-b5a0-534501cd79fb.settings.uiMode', '\"enlarged\"'),
('matrixBlockTypes.3bace5b2-b349-43e4-8abb-441e7be0b37a.fields.e4903fce-9829-467c-b5a0-534501cd79fb.translationKeyFormat', 'null'),
('matrixBlockTypes.3bace5b2-b349-43e4-8abb-441e7be0b37a.fields.e4903fce-9829-467c-b5a0-534501cd79fb.translationMethod', '\"none\"'),
('matrixBlockTypes.3bace5b2-b349-43e4-8abb-441e7be0b37a.fields.e4903fce-9829-467c-b5a0-534501cd79fb.type', '\"craft\\\\redactor\\\\Field\"'),
('matrixBlockTypes.3bace5b2-b349-43e4-8abb-441e7be0b37a.fields.e7938175-a108-436a-9651-c3fc691e20cb.columnSuffix', 'null'),
('matrixBlockTypes.3bace5b2-b349-43e4-8abb-441e7be0b37a.fields.e7938175-a108-436a-9651-c3fc691e20cb.contentColumnType', '\"string\"'),
('matrixBlockTypes.3bace5b2-b349-43e4-8abb-441e7be0b37a.fields.e7938175-a108-436a-9651-c3fc691e20cb.fieldGroup', 'null'),
('matrixBlockTypes.3bace5b2-b349-43e4-8abb-441e7be0b37a.fields.e7938175-a108-436a-9651-c3fc691e20cb.handle', '\"infoCardMobileImage\"'),
('matrixBlockTypes.3bace5b2-b349-43e4-8abb-441e7be0b37a.fields.e7938175-a108-436a-9651-c3fc691e20cb.instructions', '\"\"'),
('matrixBlockTypes.3bace5b2-b349-43e4-8abb-441e7be0b37a.fields.e7938175-a108-436a-9651-c3fc691e20cb.name', '\"Info Card Mobile Image\"'),
('matrixBlockTypes.3bace5b2-b349-43e4-8abb-441e7be0b37a.fields.e7938175-a108-436a-9651-c3fc691e20cb.searchable', 'false'),
('matrixBlockTypes.3bace5b2-b349-43e4-8abb-441e7be0b37a.fields.e7938175-a108-436a-9651-c3fc691e20cb.settings.allowedKinds', 'null'),
('matrixBlockTypes.3bace5b2-b349-43e4-8abb-441e7be0b37a.fields.e7938175-a108-436a-9651-c3fc691e20cb.settings.allowSelfRelations', 'false'),
('matrixBlockTypes.3bace5b2-b349-43e4-8abb-441e7be0b37a.fields.e7938175-a108-436a-9651-c3fc691e20cb.settings.allowUploads', 'true'),
('matrixBlockTypes.3bace5b2-b349-43e4-8abb-441e7be0b37a.fields.e7938175-a108-436a-9651-c3fc691e20cb.settings.defaultUploadLocationSource', '\"volume:5cce6b80-a35c-4207-82e0-3940c9091376\"'),
('matrixBlockTypes.3bace5b2-b349-43e4-8abb-441e7be0b37a.fields.e7938175-a108-436a-9651-c3fc691e20cb.settings.defaultUploadLocationSubpath', '\"\"'),
('matrixBlockTypes.3bace5b2-b349-43e4-8abb-441e7be0b37a.fields.e7938175-a108-436a-9651-c3fc691e20cb.settings.limit', '\"1\"'),
('matrixBlockTypes.3bace5b2-b349-43e4-8abb-441e7be0b37a.fields.e7938175-a108-436a-9651-c3fc691e20cb.settings.localizeRelations', 'false'),
('matrixBlockTypes.3bace5b2-b349-43e4-8abb-441e7be0b37a.fields.e7938175-a108-436a-9651-c3fc691e20cb.settings.previewMode', '\"full\"'),
('matrixBlockTypes.3bace5b2-b349-43e4-8abb-441e7be0b37a.fields.e7938175-a108-436a-9651-c3fc691e20cb.settings.restrictFiles', '\"\"'),
('matrixBlockTypes.3bace5b2-b349-43e4-8abb-441e7be0b37a.fields.e7938175-a108-436a-9651-c3fc691e20cb.settings.selectionLabel', '\"\"'),
('matrixBlockTypes.3bace5b2-b349-43e4-8abb-441e7be0b37a.fields.e7938175-a108-436a-9651-c3fc691e20cb.settings.showSiteMenu', 'true'),
('matrixBlockTypes.3bace5b2-b349-43e4-8abb-441e7be0b37a.fields.e7938175-a108-436a-9651-c3fc691e20cb.settings.showUnpermittedFiles', 'false'),
('matrixBlockTypes.3bace5b2-b349-43e4-8abb-441e7be0b37a.fields.e7938175-a108-436a-9651-c3fc691e20cb.settings.showUnpermittedVolumes', 'false'),
('matrixBlockTypes.3bace5b2-b349-43e4-8abb-441e7be0b37a.fields.e7938175-a108-436a-9651-c3fc691e20cb.settings.singleUploadLocationSource', '\"volume:5cce6b80-a35c-4207-82e0-3940c9091376\"'),
('matrixBlockTypes.3bace5b2-b349-43e4-8abb-441e7be0b37a.fields.e7938175-a108-436a-9651-c3fc691e20cb.settings.singleUploadLocationSubpath', '\"\"'),
('matrixBlockTypes.3bace5b2-b349-43e4-8abb-441e7be0b37a.fields.e7938175-a108-436a-9651-c3fc691e20cb.settings.source', 'null'),
('matrixBlockTypes.3bace5b2-b349-43e4-8abb-441e7be0b37a.fields.e7938175-a108-436a-9651-c3fc691e20cb.settings.sources.0', '\"volume:5cce6b80-a35c-4207-82e0-3940c9091376\"'),
('matrixBlockTypes.3bace5b2-b349-43e4-8abb-441e7be0b37a.fields.e7938175-a108-436a-9651-c3fc691e20cb.settings.targetSiteId', 'null'),
('matrixBlockTypes.3bace5b2-b349-43e4-8abb-441e7be0b37a.fields.e7938175-a108-436a-9651-c3fc691e20cb.settings.useSingleFolder', 'false'),
('matrixBlockTypes.3bace5b2-b349-43e4-8abb-441e7be0b37a.fields.e7938175-a108-436a-9651-c3fc691e20cb.settings.validateRelatedElements', 'false'),
('matrixBlockTypes.3bace5b2-b349-43e4-8abb-441e7be0b37a.fields.e7938175-a108-436a-9651-c3fc691e20cb.settings.viewMode', '\"list\"'),
('matrixBlockTypes.3bace5b2-b349-43e4-8abb-441e7be0b37a.fields.e7938175-a108-436a-9651-c3fc691e20cb.translationKeyFormat', 'null'),
('matrixBlockTypes.3bace5b2-b349-43e4-8abb-441e7be0b37a.fields.e7938175-a108-436a-9651-c3fc691e20cb.translationMethod', '\"site\"'),
('matrixBlockTypes.3bace5b2-b349-43e4-8abb-441e7be0b37a.fields.e7938175-a108-436a-9651-c3fc691e20cb.type', '\"craft\\\\fields\\\\Assets\"'),
('matrixBlockTypes.3bace5b2-b349-43e4-8abb-441e7be0b37a.handle', '\"infoCardMobile\"'),
('matrixBlockTypes.3bace5b2-b349-43e4-8abb-441e7be0b37a.name', '\"Info Card Mobile\"'),
('matrixBlockTypes.3bace5b2-b349-43e4-8abb-441e7be0b37a.sortOrder', '1'),
('matrixBlockTypes.6d9587dd-3c88-43bd-a6d1-a406042f785c.field', '\"e4414be5-ec53-440a-b818-1a381e65c433\"'),
('matrixBlockTypes.6d9587dd-3c88-43bd-a6d1-a406042f785c.fieldLayouts.84d693b2-0565-4309-a8c5-914f5cad5df1.tabs.0.elements.0.fieldUid', '\"9353bfe0-77ec-4c96-afc1-3cc85bc6959b\"'),
('matrixBlockTypes.6d9587dd-3c88-43bd-a6d1-a406042f785c.fieldLayouts.84d693b2-0565-4309-a8c5-914f5cad5df1.tabs.0.elements.0.instructions', 'null'),
('matrixBlockTypes.6d9587dd-3c88-43bd-a6d1-a406042f785c.fieldLayouts.84d693b2-0565-4309-a8c5-914f5cad5df1.tabs.0.elements.0.label', 'null'),
('matrixBlockTypes.6d9587dd-3c88-43bd-a6d1-a406042f785c.fieldLayouts.84d693b2-0565-4309-a8c5-914f5cad5df1.tabs.0.elements.0.required', 'true'),
('matrixBlockTypes.6d9587dd-3c88-43bd-a6d1-a406042f785c.fieldLayouts.84d693b2-0565-4309-a8c5-914f5cad5df1.tabs.0.elements.0.tip', 'null'),
('matrixBlockTypes.6d9587dd-3c88-43bd-a6d1-a406042f785c.fieldLayouts.84d693b2-0565-4309-a8c5-914f5cad5df1.tabs.0.elements.0.type', '\"craft\\\\fieldlayoutelements\\\\CustomField\"'),
('matrixBlockTypes.6d9587dd-3c88-43bd-a6d1-a406042f785c.fieldLayouts.84d693b2-0565-4309-a8c5-914f5cad5df1.tabs.0.elements.0.warning', 'null'),
('matrixBlockTypes.6d9587dd-3c88-43bd-a6d1-a406042f785c.fieldLayouts.84d693b2-0565-4309-a8c5-914f5cad5df1.tabs.0.elements.0.width', '100'),
('matrixBlockTypes.6d9587dd-3c88-43bd-a6d1-a406042f785c.fieldLayouts.84d693b2-0565-4309-a8c5-914f5cad5df1.tabs.0.elements.1.fieldUid', '\"bf6b89d9-e068-4a04-9f43-1a7a2d42bd79\"'),
('matrixBlockTypes.6d9587dd-3c88-43bd-a6d1-a406042f785c.fieldLayouts.84d693b2-0565-4309-a8c5-914f5cad5df1.tabs.0.elements.1.instructions', 'null'),
('matrixBlockTypes.6d9587dd-3c88-43bd-a6d1-a406042f785c.fieldLayouts.84d693b2-0565-4309-a8c5-914f5cad5df1.tabs.0.elements.1.label', 'null'),
('matrixBlockTypes.6d9587dd-3c88-43bd-a6d1-a406042f785c.fieldLayouts.84d693b2-0565-4309-a8c5-914f5cad5df1.tabs.0.elements.1.required', 'true'),
('matrixBlockTypes.6d9587dd-3c88-43bd-a6d1-a406042f785c.fieldLayouts.84d693b2-0565-4309-a8c5-914f5cad5df1.tabs.0.elements.1.tip', 'null'),
('matrixBlockTypes.6d9587dd-3c88-43bd-a6d1-a406042f785c.fieldLayouts.84d693b2-0565-4309-a8c5-914f5cad5df1.tabs.0.elements.1.type', '\"craft\\\\fieldlayoutelements\\\\CustomField\"'),
('matrixBlockTypes.6d9587dd-3c88-43bd-a6d1-a406042f785c.fieldLayouts.84d693b2-0565-4309-a8c5-914f5cad5df1.tabs.0.elements.1.warning', 'null'),
('matrixBlockTypes.6d9587dd-3c88-43bd-a6d1-a406042f785c.fieldLayouts.84d693b2-0565-4309-a8c5-914f5cad5df1.tabs.0.elements.1.width', '100'),
('matrixBlockTypes.6d9587dd-3c88-43bd-a6d1-a406042f785c.fieldLayouts.84d693b2-0565-4309-a8c5-914f5cad5df1.tabs.0.name', '\"Content\"'),
('matrixBlockTypes.6d9587dd-3c88-43bd-a6d1-a406042f785c.fieldLayouts.84d693b2-0565-4309-a8c5-914f5cad5df1.tabs.0.sortOrder', '1'),
('matrixBlockTypes.6d9587dd-3c88-43bd-a6d1-a406042f785c.fields.9353bfe0-77ec-4c96-afc1-3cc85bc6959b.columnSuffix', 'null'),
('matrixBlockTypes.6d9587dd-3c88-43bd-a6d1-a406042f785c.fields.9353bfe0-77ec-4c96-afc1-3cc85bc6959b.contentColumnType', '\"text\"'),
('matrixBlockTypes.6d9587dd-3c88-43bd-a6d1-a406042f785c.fields.9353bfe0-77ec-4c96-afc1-3cc85bc6959b.fieldGroup', 'null'),
('matrixBlockTypes.6d9587dd-3c88-43bd-a6d1-a406042f785c.fields.9353bfe0-77ec-4c96-afc1-3cc85bc6959b.handle', '\"linkText\"'),
('matrixBlockTypes.6d9587dd-3c88-43bd-a6d1-a406042f785c.fields.9353bfe0-77ec-4c96-afc1-3cc85bc6959b.instructions', '\"\"'),
('matrixBlockTypes.6d9587dd-3c88-43bd-a6d1-a406042f785c.fields.9353bfe0-77ec-4c96-afc1-3cc85bc6959b.name', '\"Link Text\"'),
('matrixBlockTypes.6d9587dd-3c88-43bd-a6d1-a406042f785c.fields.9353bfe0-77ec-4c96-afc1-3cc85bc6959b.searchable', 'false'),
('matrixBlockTypes.6d9587dd-3c88-43bd-a6d1-a406042f785c.fields.9353bfe0-77ec-4c96-afc1-3cc85bc6959b.settings.byteLimit', 'null'),
('matrixBlockTypes.6d9587dd-3c88-43bd-a6d1-a406042f785c.fields.9353bfe0-77ec-4c96-afc1-3cc85bc6959b.settings.charLimit', 'null'),
('matrixBlockTypes.6d9587dd-3c88-43bd-a6d1-a406042f785c.fields.9353bfe0-77ec-4c96-afc1-3cc85bc6959b.settings.code', '\"\"'),
('matrixBlockTypes.6d9587dd-3c88-43bd-a6d1-a406042f785c.fields.9353bfe0-77ec-4c96-afc1-3cc85bc6959b.settings.columnType', 'null'),
('matrixBlockTypes.6d9587dd-3c88-43bd-a6d1-a406042f785c.fields.9353bfe0-77ec-4c96-afc1-3cc85bc6959b.settings.initialRows', '\"4\"'),
('matrixBlockTypes.6d9587dd-3c88-43bd-a6d1-a406042f785c.fields.9353bfe0-77ec-4c96-afc1-3cc85bc6959b.settings.multiline', '\"\"'),
('matrixBlockTypes.6d9587dd-3c88-43bd-a6d1-a406042f785c.fields.9353bfe0-77ec-4c96-afc1-3cc85bc6959b.settings.placeholder', 'null'),
('matrixBlockTypes.6d9587dd-3c88-43bd-a6d1-a406042f785c.fields.9353bfe0-77ec-4c96-afc1-3cc85bc6959b.settings.uiMode', '\"normal\"'),
('matrixBlockTypes.6d9587dd-3c88-43bd-a6d1-a406042f785c.fields.9353bfe0-77ec-4c96-afc1-3cc85bc6959b.translationKeyFormat', 'null'),
('matrixBlockTypes.6d9587dd-3c88-43bd-a6d1-a406042f785c.fields.9353bfe0-77ec-4c96-afc1-3cc85bc6959b.translationMethod', '\"none\"'),
('matrixBlockTypes.6d9587dd-3c88-43bd-a6d1-a406042f785c.fields.9353bfe0-77ec-4c96-afc1-3cc85bc6959b.type', '\"craft\\\\fields\\\\PlainText\"'),
('matrixBlockTypes.6d9587dd-3c88-43bd-a6d1-a406042f785c.fields.bf6b89d9-e068-4a04-9f43-1a7a2d42bd79.columnSuffix', 'null'),
('matrixBlockTypes.6d9587dd-3c88-43bd-a6d1-a406042f785c.fields.bf6b89d9-e068-4a04-9f43-1a7a2d42bd79.contentColumnType', '\"string\"'),
('matrixBlockTypes.6d9587dd-3c88-43bd-a6d1-a406042f785c.fields.bf6b89d9-e068-4a04-9f43-1a7a2d42bd79.fieldGroup', 'null'),
('matrixBlockTypes.6d9587dd-3c88-43bd-a6d1-a406042f785c.fields.bf6b89d9-e068-4a04-9f43-1a7a2d42bd79.handle', '\"linkDestination\"'),
('matrixBlockTypes.6d9587dd-3c88-43bd-a6d1-a406042f785c.fields.bf6b89d9-e068-4a04-9f43-1a7a2d42bd79.instructions', '\"\"'),
('matrixBlockTypes.6d9587dd-3c88-43bd-a6d1-a406042f785c.fields.bf6b89d9-e068-4a04-9f43-1a7a2d42bd79.name', '\"Link Destination\"'),
('matrixBlockTypes.6d9587dd-3c88-43bd-a6d1-a406042f785c.fields.bf6b89d9-e068-4a04-9f43-1a7a2d42bd79.searchable', 'false'),
('matrixBlockTypes.6d9587dd-3c88-43bd-a6d1-a406042f785c.fields.bf6b89d9-e068-4a04-9f43-1a7a2d42bd79.settings.allowSelfRelations', 'false'),
('matrixBlockTypes.6d9587dd-3c88-43bd-a6d1-a406042f785c.fields.bf6b89d9-e068-4a04-9f43-1a7a2d42bd79.settings.limit', '\"1\"'),
('matrixBlockTypes.6d9587dd-3c88-43bd-a6d1-a406042f785c.fields.bf6b89d9-e068-4a04-9f43-1a7a2d42bd79.settings.localizeRelations', 'false'),
('matrixBlockTypes.6d9587dd-3c88-43bd-a6d1-a406042f785c.fields.bf6b89d9-e068-4a04-9f43-1a7a2d42bd79.settings.selectionLabel', '\"Whlen Sie eine Seite aus\"'),
('matrixBlockTypes.6d9587dd-3c88-43bd-a6d1-a406042f785c.fields.bf6b89d9-e068-4a04-9f43-1a7a2d42bd79.settings.showSiteMenu', 'false'),
('matrixBlockTypes.6d9587dd-3c88-43bd-a6d1-a406042f785c.fields.bf6b89d9-e068-4a04-9f43-1a7a2d42bd79.settings.source', 'null'),
('matrixBlockTypes.6d9587dd-3c88-43bd-a6d1-a406042f785c.fields.bf6b89d9-e068-4a04-9f43-1a7a2d42bd79.settings.sources', '\"*\"'),
('matrixBlockTypes.6d9587dd-3c88-43bd-a6d1-a406042f785c.fields.bf6b89d9-e068-4a04-9f43-1a7a2d42bd79.settings.targetSiteId', 'null'),
('matrixBlockTypes.6d9587dd-3c88-43bd-a6d1-a406042f785c.fields.bf6b89d9-e068-4a04-9f43-1a7a2d42bd79.settings.validateRelatedElements', 'false'),
('matrixBlockTypes.6d9587dd-3c88-43bd-a6d1-a406042f785c.fields.bf6b89d9-e068-4a04-9f43-1a7a2d42bd79.settings.viewMode', 'null'),
('matrixBlockTypes.6d9587dd-3c88-43bd-a6d1-a406042f785c.fields.bf6b89d9-e068-4a04-9f43-1a7a2d42bd79.translationKeyFormat', 'null'),
('matrixBlockTypes.6d9587dd-3c88-43bd-a6d1-a406042f785c.fields.bf6b89d9-e068-4a04-9f43-1a7a2d42bd79.translationMethod', '\"site\"'),
('matrixBlockTypes.6d9587dd-3c88-43bd-a6d1-a406042f785c.fields.bf6b89d9-e068-4a04-9f43-1a7a2d42bd79.type', '\"craft\\\\fields\\\\Entries\"'),
('matrixBlockTypes.6d9587dd-3c88-43bd-a6d1-a406042f785c.handle', '\"link\"'),
('matrixBlockTypes.6d9587dd-3c88-43bd-a6d1-a406042f785c.name', '\"Link\"'),
('matrixBlockTypes.6d9587dd-3c88-43bd-a6d1-a406042f785c.sortOrder', '1'),
('matrixBlockTypes.a5cbfbab-d6bd-4853-b176-faf454b6bf2a.field', '\"3c305284-1691-42f8-b66f-fe348952a2ab\"'),
('matrixBlockTypes.a5cbfbab-d6bd-4853-b176-faf454b6bf2a.fieldLayouts.54386133-22ec-46fc-b5fb-a0fbc17edbc0.tabs.0.elements.0.fieldUid', '\"667df206-c61a-4eb6-8f2f-6f123144a644\"'),
('matrixBlockTypes.a5cbfbab-d6bd-4853-b176-faf454b6bf2a.fieldLayouts.54386133-22ec-46fc-b5fb-a0fbc17edbc0.tabs.0.elements.0.instructions', 'null'),
('matrixBlockTypes.a5cbfbab-d6bd-4853-b176-faf454b6bf2a.fieldLayouts.54386133-22ec-46fc-b5fb-a0fbc17edbc0.tabs.0.elements.0.label', 'null'),
('matrixBlockTypes.a5cbfbab-d6bd-4853-b176-faf454b6bf2a.fieldLayouts.54386133-22ec-46fc-b5fb-a0fbc17edbc0.tabs.0.elements.0.required', 'false'),
('matrixBlockTypes.a5cbfbab-d6bd-4853-b176-faf454b6bf2a.fieldLayouts.54386133-22ec-46fc-b5fb-a0fbc17edbc0.tabs.0.elements.0.tip', 'null'),
('matrixBlockTypes.a5cbfbab-d6bd-4853-b176-faf454b6bf2a.fieldLayouts.54386133-22ec-46fc-b5fb-a0fbc17edbc0.tabs.0.elements.0.type', '\"craft\\\\fieldlayoutelements\\\\CustomField\"'),
('matrixBlockTypes.a5cbfbab-d6bd-4853-b176-faf454b6bf2a.fieldLayouts.54386133-22ec-46fc-b5fb-a0fbc17edbc0.tabs.0.elements.0.warning', 'null'),
('matrixBlockTypes.a5cbfbab-d6bd-4853-b176-faf454b6bf2a.fieldLayouts.54386133-22ec-46fc-b5fb-a0fbc17edbc0.tabs.0.elements.0.width', '100'),
('matrixBlockTypes.a5cbfbab-d6bd-4853-b176-faf454b6bf2a.fieldLayouts.54386133-22ec-46fc-b5fb-a0fbc17edbc0.tabs.0.name', '\"Content\"'),
('matrixBlockTypes.a5cbfbab-d6bd-4853-b176-faf454b6bf2a.fieldLayouts.54386133-22ec-46fc-b5fb-a0fbc17edbc0.tabs.0.sortOrder', '1'),
('matrixBlockTypes.a5cbfbab-d6bd-4853-b176-faf454b6bf2a.fields.667df206-c61a-4eb6-8f2f-6f123144a644.columnSuffix', '\"zhfttumn\"'),
('matrixBlockTypes.a5cbfbab-d6bd-4853-b176-faf454b6bf2a.fields.667df206-c61a-4eb6-8f2f-6f123144a644.contentColumnType', '\"text\"'),
('matrixBlockTypes.a5cbfbab-d6bd-4853-b176-faf454b6bf2a.fields.667df206-c61a-4eb6-8f2f-6f123144a644.fieldGroup', 'null'),
('matrixBlockTypes.a5cbfbab-d6bd-4853-b176-faf454b6bf2a.fields.667df206-c61a-4eb6-8f2f-6f123144a644.handle', '\"sliderContent\"'),
('matrixBlockTypes.a5cbfbab-d6bd-4853-b176-faf454b6bf2a.fields.667df206-c61a-4eb6-8f2f-6f123144a644.instructions', '\"\"'),
('matrixBlockTypes.a5cbfbab-d6bd-4853-b176-faf454b6bf2a.fields.667df206-c61a-4eb6-8f2f-6f123144a644.name', '\"Slider Content\"'),
('matrixBlockTypes.a5cbfbab-d6bd-4853-b176-faf454b6bf2a.fields.667df206-c61a-4eb6-8f2f-6f123144a644.searchable', 'false'),
('matrixBlockTypes.a5cbfbab-d6bd-4853-b176-faf454b6bf2a.fields.667df206-c61a-4eb6-8f2f-6f123144a644.settings.availableTransforms', '\"\"'),
('matrixBlockTypes.a5cbfbab-d6bd-4853-b176-faf454b6bf2a.fields.667df206-c61a-4eb6-8f2f-6f123144a644.settings.availableVolumes', '\"\"'),
('matrixBlockTypes.a5cbfbab-d6bd-4853-b176-faf454b6bf2a.fields.667df206-c61a-4eb6-8f2f-6f123144a644.settings.cleanupHtml', 'true'),
('matrixBlockTypes.a5cbfbab-d6bd-4853-b176-faf454b6bf2a.fields.667df206-c61a-4eb6-8f2f-6f123144a644.settings.columnType', '\"text\"'),
('matrixBlockTypes.a5cbfbab-d6bd-4853-b176-faf454b6bf2a.fields.667df206-c61a-4eb6-8f2f-6f123144a644.settings.configSelectionMode', '\"choose\"'),
('matrixBlockTypes.a5cbfbab-d6bd-4853-b176-faf454b6bf2a.fields.667df206-c61a-4eb6-8f2f-6f123144a644.settings.defaultTransform', '\"\"'),
('matrixBlockTypes.a5cbfbab-d6bd-4853-b176-faf454b6bf2a.fields.667df206-c61a-4eb6-8f2f-6f123144a644.settings.manualConfig', '\"\"'),
('matrixBlockTypes.a5cbfbab-d6bd-4853-b176-faf454b6bf2a.fields.667df206-c61a-4eb6-8f2f-6f123144a644.settings.purifierConfig', '\"\"'),
('matrixBlockTypes.a5cbfbab-d6bd-4853-b176-faf454b6bf2a.fields.667df206-c61a-4eb6-8f2f-6f123144a644.settings.purifyHtml', '\"1\"'),
('matrixBlockTypes.a5cbfbab-d6bd-4853-b176-faf454b6bf2a.fields.667df206-c61a-4eb6-8f2f-6f123144a644.settings.redactorConfig', '\"\"'),
('matrixBlockTypes.a5cbfbab-d6bd-4853-b176-faf454b6bf2a.fields.667df206-c61a-4eb6-8f2f-6f123144a644.settings.removeEmptyTags', '\"1\"'),
('matrixBlockTypes.a5cbfbab-d6bd-4853-b176-faf454b6bf2a.fields.667df206-c61a-4eb6-8f2f-6f123144a644.settings.removeInlineStyles', '\"1\"'),
('matrixBlockTypes.a5cbfbab-d6bd-4853-b176-faf454b6bf2a.fields.667df206-c61a-4eb6-8f2f-6f123144a644.settings.removeNbsp', '\"1\"'),
('matrixBlockTypes.a5cbfbab-d6bd-4853-b176-faf454b6bf2a.fields.667df206-c61a-4eb6-8f2f-6f123144a644.settings.showHtmlButtonForNonAdmins', '\"1\"'),
('matrixBlockTypes.a5cbfbab-d6bd-4853-b176-faf454b6bf2a.fields.667df206-c61a-4eb6-8f2f-6f123144a644.settings.showUnpermittedFiles', 'false'),
('matrixBlockTypes.a5cbfbab-d6bd-4853-b176-faf454b6bf2a.fields.667df206-c61a-4eb6-8f2f-6f123144a644.settings.showUnpermittedVolumes', 'false'),
('matrixBlockTypes.a5cbfbab-d6bd-4853-b176-faf454b6bf2a.fields.667df206-c61a-4eb6-8f2f-6f123144a644.settings.uiMode', '\"enlarged\"'),
('matrixBlockTypes.a5cbfbab-d6bd-4853-b176-faf454b6bf2a.fields.667df206-c61a-4eb6-8f2f-6f123144a644.translationKeyFormat', 'null'),
('matrixBlockTypes.a5cbfbab-d6bd-4853-b176-faf454b6bf2a.fields.667df206-c61a-4eb6-8f2f-6f123144a644.translationMethod', '\"none\"'),
('matrixBlockTypes.a5cbfbab-d6bd-4853-b176-faf454b6bf2a.fields.667df206-c61a-4eb6-8f2f-6f123144a644.type', '\"craft\\\\redactor\\\\Field\"'),
('matrixBlockTypes.a5cbfbab-d6bd-4853-b176-faf454b6bf2a.handle', '\"slidertext\"'),
('matrixBlockTypes.a5cbfbab-d6bd-4853-b176-faf454b6bf2a.name', '\"SliderText\"'),
('matrixBlockTypes.a5cbfbab-d6bd-4853-b176-faf454b6bf2a.sortOrder', '1'),
('matrixBlockTypes.d9f25314-9fad-4839-b8bb-8159c7bda381.field', '\"dcc9f2a5-4960-4468-9ca0-ed97af8aabd0\"'),
('matrixBlockTypes.d9f25314-9fad-4839-b8bb-8159c7bda381.fieldLayouts.4cb70e23-9ac5-440e-85ff-61858805333e.tabs.0.elements.0.fieldUid', '\"93f562ec-f7bd-4dcb-85c7-20f346147cae\"'),
('matrixBlockTypes.d9f25314-9fad-4839-b8bb-8159c7bda381.fieldLayouts.4cb70e23-9ac5-440e-85ff-61858805333e.tabs.0.elements.0.instructions', 'null'),
('matrixBlockTypes.d9f25314-9fad-4839-b8bb-8159c7bda381.fieldLayouts.4cb70e23-9ac5-440e-85ff-61858805333e.tabs.0.elements.0.label', 'null'),
('matrixBlockTypes.d9f25314-9fad-4839-b8bb-8159c7bda381.fieldLayouts.4cb70e23-9ac5-440e-85ff-61858805333e.tabs.0.elements.0.required', 'true'),
('matrixBlockTypes.d9f25314-9fad-4839-b8bb-8159c7bda381.fieldLayouts.4cb70e23-9ac5-440e-85ff-61858805333e.tabs.0.elements.0.tip', 'null'),
('matrixBlockTypes.d9f25314-9fad-4839-b8bb-8159c7bda381.fieldLayouts.4cb70e23-9ac5-440e-85ff-61858805333e.tabs.0.elements.0.type', '\"craft\\\\fieldlayoutelements\\\\CustomField\"'),
('matrixBlockTypes.d9f25314-9fad-4839-b8bb-8159c7bda381.fieldLayouts.4cb70e23-9ac5-440e-85ff-61858805333e.tabs.0.elements.0.warning', 'null'),
('matrixBlockTypes.d9f25314-9fad-4839-b8bb-8159c7bda381.fieldLayouts.4cb70e23-9ac5-440e-85ff-61858805333e.tabs.0.elements.0.width', '100'),
('matrixBlockTypes.d9f25314-9fad-4839-b8bb-8159c7bda381.fieldLayouts.4cb70e23-9ac5-440e-85ff-61858805333e.tabs.0.elements.1.fieldUid', '\"f20e251a-1359-4e87-8868-4cf0e570f518\"'),
('matrixBlockTypes.d9f25314-9fad-4839-b8bb-8159c7bda381.fieldLayouts.4cb70e23-9ac5-440e-85ff-61858805333e.tabs.0.elements.1.instructions', 'null'),
('matrixBlockTypes.d9f25314-9fad-4839-b8bb-8159c7bda381.fieldLayouts.4cb70e23-9ac5-440e-85ff-61858805333e.tabs.0.elements.1.label', 'null'),
('matrixBlockTypes.d9f25314-9fad-4839-b8bb-8159c7bda381.fieldLayouts.4cb70e23-9ac5-440e-85ff-61858805333e.tabs.0.elements.1.required', 'true'),
('matrixBlockTypes.d9f25314-9fad-4839-b8bb-8159c7bda381.fieldLayouts.4cb70e23-9ac5-440e-85ff-61858805333e.tabs.0.elements.1.tip', 'null'),
('matrixBlockTypes.d9f25314-9fad-4839-b8bb-8159c7bda381.fieldLayouts.4cb70e23-9ac5-440e-85ff-61858805333e.tabs.0.elements.1.type', '\"craft\\\\fieldlayoutelements\\\\CustomField\"'),
('matrixBlockTypes.d9f25314-9fad-4839-b8bb-8159c7bda381.fieldLayouts.4cb70e23-9ac5-440e-85ff-61858805333e.tabs.0.elements.1.warning', 'null'),
('matrixBlockTypes.d9f25314-9fad-4839-b8bb-8159c7bda381.fieldLayouts.4cb70e23-9ac5-440e-85ff-61858805333e.tabs.0.elements.1.width', '100'),
('matrixBlockTypes.d9f25314-9fad-4839-b8bb-8159c7bda381.fieldLayouts.4cb70e23-9ac5-440e-85ff-61858805333e.tabs.0.name', '\"Content\"'),
('matrixBlockTypes.d9f25314-9fad-4839-b8bb-8159c7bda381.fieldLayouts.4cb70e23-9ac5-440e-85ff-61858805333e.tabs.0.sortOrder', '1'),
('matrixBlockTypes.d9f25314-9fad-4839-b8bb-8159c7bda381.fields.93f562ec-f7bd-4dcb-85c7-20f346147cae.columnSuffix', '\"nrdnyegy\"');

INSERT INTO `projectconfig` (`path`, `value`) VALUES
('matrixBlockTypes.d9f25314-9fad-4839-b8bb-8159c7bda381.fields.93f562ec-f7bd-4dcb-85c7-20f346147cae.contentColumnType', '\"text\"'),
('matrixBlockTypes.d9f25314-9fad-4839-b8bb-8159c7bda381.fields.93f562ec-f7bd-4dcb-85c7-20f346147cae.fieldGroup', 'null'),
('matrixBlockTypes.d9f25314-9fad-4839-b8bb-8159c7bda381.fields.93f562ec-f7bd-4dcb-85c7-20f346147cae.handle', '\"linkTextFooter\"'),
('matrixBlockTypes.d9f25314-9fad-4839-b8bb-8159c7bda381.fields.93f562ec-f7bd-4dcb-85c7-20f346147cae.instructions', '\"\"'),
('matrixBlockTypes.d9f25314-9fad-4839-b8bb-8159c7bda381.fields.93f562ec-f7bd-4dcb-85c7-20f346147cae.name', '\"Link Text Footer\"'),
('matrixBlockTypes.d9f25314-9fad-4839-b8bb-8159c7bda381.fields.93f562ec-f7bd-4dcb-85c7-20f346147cae.searchable', 'false'),
('matrixBlockTypes.d9f25314-9fad-4839-b8bb-8159c7bda381.fields.93f562ec-f7bd-4dcb-85c7-20f346147cae.settings.byteLimit', 'null'),
('matrixBlockTypes.d9f25314-9fad-4839-b8bb-8159c7bda381.fields.93f562ec-f7bd-4dcb-85c7-20f346147cae.settings.charLimit', 'null'),
('matrixBlockTypes.d9f25314-9fad-4839-b8bb-8159c7bda381.fields.93f562ec-f7bd-4dcb-85c7-20f346147cae.settings.code', '\"\"'),
('matrixBlockTypes.d9f25314-9fad-4839-b8bb-8159c7bda381.fields.93f562ec-f7bd-4dcb-85c7-20f346147cae.settings.columnType', 'null'),
('matrixBlockTypes.d9f25314-9fad-4839-b8bb-8159c7bda381.fields.93f562ec-f7bd-4dcb-85c7-20f346147cae.settings.initialRows', '\"4\"'),
('matrixBlockTypes.d9f25314-9fad-4839-b8bb-8159c7bda381.fields.93f562ec-f7bd-4dcb-85c7-20f346147cae.settings.multiline', '\"\"'),
('matrixBlockTypes.d9f25314-9fad-4839-b8bb-8159c7bda381.fields.93f562ec-f7bd-4dcb-85c7-20f346147cae.settings.placeholder', 'null'),
('matrixBlockTypes.d9f25314-9fad-4839-b8bb-8159c7bda381.fields.93f562ec-f7bd-4dcb-85c7-20f346147cae.settings.uiMode', '\"normal\"'),
('matrixBlockTypes.d9f25314-9fad-4839-b8bb-8159c7bda381.fields.93f562ec-f7bd-4dcb-85c7-20f346147cae.translationKeyFormat', 'null'),
('matrixBlockTypes.d9f25314-9fad-4839-b8bb-8159c7bda381.fields.93f562ec-f7bd-4dcb-85c7-20f346147cae.translationMethod', '\"none\"'),
('matrixBlockTypes.d9f25314-9fad-4839-b8bb-8159c7bda381.fields.93f562ec-f7bd-4dcb-85c7-20f346147cae.type', '\"craft\\\\fields\\\\PlainText\"'),
('matrixBlockTypes.d9f25314-9fad-4839-b8bb-8159c7bda381.fields.f20e251a-1359-4e87-8868-4cf0e570f518.columnSuffix', 'null'),
('matrixBlockTypes.d9f25314-9fad-4839-b8bb-8159c7bda381.fields.f20e251a-1359-4e87-8868-4cf0e570f518.contentColumnType', '\"string\"'),
('matrixBlockTypes.d9f25314-9fad-4839-b8bb-8159c7bda381.fields.f20e251a-1359-4e87-8868-4cf0e570f518.fieldGroup', 'null'),
('matrixBlockTypes.d9f25314-9fad-4839-b8bb-8159c7bda381.fields.f20e251a-1359-4e87-8868-4cf0e570f518.handle', '\"linkDestinationFooter\"'),
('matrixBlockTypes.d9f25314-9fad-4839-b8bb-8159c7bda381.fields.f20e251a-1359-4e87-8868-4cf0e570f518.instructions', '\"\"'),
('matrixBlockTypes.d9f25314-9fad-4839-b8bb-8159c7bda381.fields.f20e251a-1359-4e87-8868-4cf0e570f518.name', '\"link Destination Footer\"'),
('matrixBlockTypes.d9f25314-9fad-4839-b8bb-8159c7bda381.fields.f20e251a-1359-4e87-8868-4cf0e570f518.searchable', 'false'),
('matrixBlockTypes.d9f25314-9fad-4839-b8bb-8159c7bda381.fields.f20e251a-1359-4e87-8868-4cf0e570f518.settings.allowSelfRelations', 'false'),
('matrixBlockTypes.d9f25314-9fad-4839-b8bb-8159c7bda381.fields.f20e251a-1359-4e87-8868-4cf0e570f518.settings.limit', '\"1\"'),
('matrixBlockTypes.d9f25314-9fad-4839-b8bb-8159c7bda381.fields.f20e251a-1359-4e87-8868-4cf0e570f518.settings.localizeRelations', 'false'),
('matrixBlockTypes.d9f25314-9fad-4839-b8bb-8159c7bda381.fields.f20e251a-1359-4e87-8868-4cf0e570f518.settings.selectionLabel', '\"\"'),
('matrixBlockTypes.d9f25314-9fad-4839-b8bb-8159c7bda381.fields.f20e251a-1359-4e87-8868-4cf0e570f518.settings.showSiteMenu', 'false'),
('matrixBlockTypes.d9f25314-9fad-4839-b8bb-8159c7bda381.fields.f20e251a-1359-4e87-8868-4cf0e570f518.settings.source', 'null'),
('matrixBlockTypes.d9f25314-9fad-4839-b8bb-8159c7bda381.fields.f20e251a-1359-4e87-8868-4cf0e570f518.settings.sources', '\"*\"'),
('matrixBlockTypes.d9f25314-9fad-4839-b8bb-8159c7bda381.fields.f20e251a-1359-4e87-8868-4cf0e570f518.settings.targetSiteId', 'null'),
('matrixBlockTypes.d9f25314-9fad-4839-b8bb-8159c7bda381.fields.f20e251a-1359-4e87-8868-4cf0e570f518.settings.validateRelatedElements', 'false'),
('matrixBlockTypes.d9f25314-9fad-4839-b8bb-8159c7bda381.fields.f20e251a-1359-4e87-8868-4cf0e570f518.settings.viewMode', 'null'),
('matrixBlockTypes.d9f25314-9fad-4839-b8bb-8159c7bda381.fields.f20e251a-1359-4e87-8868-4cf0e570f518.translationKeyFormat', 'null'),
('matrixBlockTypes.d9f25314-9fad-4839-b8bb-8159c7bda381.fields.f20e251a-1359-4e87-8868-4cf0e570f518.translationMethod', '\"site\"'),
('matrixBlockTypes.d9f25314-9fad-4839-b8bb-8159c7bda381.fields.f20e251a-1359-4e87-8868-4cf0e570f518.type', '\"craft\\\\fields\\\\Entries\"'),
('matrixBlockTypes.d9f25314-9fad-4839-b8bb-8159c7bda381.handle', '\"linkFooter\"'),
('matrixBlockTypes.d9f25314-9fad-4839-b8bb-8159c7bda381.name', '\"Link Footer\"'),
('matrixBlockTypes.d9f25314-9fad-4839-b8bb-8159c7bda381.sortOrder', '1'),
('matrixBlockTypes.e983668e-da41-4c60-8f3f-1062d10a2093.field', '\"d645fef7-04c9-4031-ab1b-44743af9f212\"'),
('matrixBlockTypes.e983668e-da41-4c60-8f3f-1062d10a2093.fieldLayouts.248a08b7-04f3-4ed0-acec-762912224cea.tabs.0.elements.0.fieldUid', '\"509010ae-76d8-4d0a-ba38-9a5a004c6e8b\"'),
('matrixBlockTypes.e983668e-da41-4c60-8f3f-1062d10a2093.fieldLayouts.248a08b7-04f3-4ed0-acec-762912224cea.tabs.0.elements.0.instructions', 'null'),
('matrixBlockTypes.e983668e-da41-4c60-8f3f-1062d10a2093.fieldLayouts.248a08b7-04f3-4ed0-acec-762912224cea.tabs.0.elements.0.label', 'null'),
('matrixBlockTypes.e983668e-da41-4c60-8f3f-1062d10a2093.fieldLayouts.248a08b7-04f3-4ed0-acec-762912224cea.tabs.0.elements.0.required', 'true'),
('matrixBlockTypes.e983668e-da41-4c60-8f3f-1062d10a2093.fieldLayouts.248a08b7-04f3-4ed0-acec-762912224cea.tabs.0.elements.0.tip', 'null'),
('matrixBlockTypes.e983668e-da41-4c60-8f3f-1062d10a2093.fieldLayouts.248a08b7-04f3-4ed0-acec-762912224cea.tabs.0.elements.0.type', '\"craft\\\\fieldlayoutelements\\\\CustomField\"'),
('matrixBlockTypes.e983668e-da41-4c60-8f3f-1062d10a2093.fieldLayouts.248a08b7-04f3-4ed0-acec-762912224cea.tabs.0.elements.0.warning', 'null'),
('matrixBlockTypes.e983668e-da41-4c60-8f3f-1062d10a2093.fieldLayouts.248a08b7-04f3-4ed0-acec-762912224cea.tabs.0.elements.0.width', '100'),
('matrixBlockTypes.e983668e-da41-4c60-8f3f-1062d10a2093.fieldLayouts.248a08b7-04f3-4ed0-acec-762912224cea.tabs.0.elements.1.fieldUid', '\"b821f21f-77d9-4f76-aafd-b3c5aed17a5c\"'),
('matrixBlockTypes.e983668e-da41-4c60-8f3f-1062d10a2093.fieldLayouts.248a08b7-04f3-4ed0-acec-762912224cea.tabs.0.elements.1.instructions', 'null'),
('matrixBlockTypes.e983668e-da41-4c60-8f3f-1062d10a2093.fieldLayouts.248a08b7-04f3-4ed0-acec-762912224cea.tabs.0.elements.1.label', 'null'),
('matrixBlockTypes.e983668e-da41-4c60-8f3f-1062d10a2093.fieldLayouts.248a08b7-04f3-4ed0-acec-762912224cea.tabs.0.elements.1.required', 'true'),
('matrixBlockTypes.e983668e-da41-4c60-8f3f-1062d10a2093.fieldLayouts.248a08b7-04f3-4ed0-acec-762912224cea.tabs.0.elements.1.tip', 'null'),
('matrixBlockTypes.e983668e-da41-4c60-8f3f-1062d10a2093.fieldLayouts.248a08b7-04f3-4ed0-acec-762912224cea.tabs.0.elements.1.type', '\"craft\\\\fieldlayoutelements\\\\CustomField\"'),
('matrixBlockTypes.e983668e-da41-4c60-8f3f-1062d10a2093.fieldLayouts.248a08b7-04f3-4ed0-acec-762912224cea.tabs.0.elements.1.warning', 'null'),
('matrixBlockTypes.e983668e-da41-4c60-8f3f-1062d10a2093.fieldLayouts.248a08b7-04f3-4ed0-acec-762912224cea.tabs.0.elements.1.width', '100'),
('matrixBlockTypes.e983668e-da41-4c60-8f3f-1062d10a2093.fieldLayouts.248a08b7-04f3-4ed0-acec-762912224cea.tabs.0.elements.2.fieldUid', '\"b421e9dd-d4d4-4736-8411-ce1963d348f7\"'),
('matrixBlockTypes.e983668e-da41-4c60-8f3f-1062d10a2093.fieldLayouts.248a08b7-04f3-4ed0-acec-762912224cea.tabs.0.elements.2.instructions', 'null'),
('matrixBlockTypes.e983668e-da41-4c60-8f3f-1062d10a2093.fieldLayouts.248a08b7-04f3-4ed0-acec-762912224cea.tabs.0.elements.2.label', 'null'),
('matrixBlockTypes.e983668e-da41-4c60-8f3f-1062d10a2093.fieldLayouts.248a08b7-04f3-4ed0-acec-762912224cea.tabs.0.elements.2.required', 'true'),
('matrixBlockTypes.e983668e-da41-4c60-8f3f-1062d10a2093.fieldLayouts.248a08b7-04f3-4ed0-acec-762912224cea.tabs.0.elements.2.tip', 'null'),
('matrixBlockTypes.e983668e-da41-4c60-8f3f-1062d10a2093.fieldLayouts.248a08b7-04f3-4ed0-acec-762912224cea.tabs.0.elements.2.type', '\"craft\\\\fieldlayoutelements\\\\CustomField\"'),
('matrixBlockTypes.e983668e-da41-4c60-8f3f-1062d10a2093.fieldLayouts.248a08b7-04f3-4ed0-acec-762912224cea.tabs.0.elements.2.warning', 'null'),
('matrixBlockTypes.e983668e-da41-4c60-8f3f-1062d10a2093.fieldLayouts.248a08b7-04f3-4ed0-acec-762912224cea.tabs.0.elements.2.width', '100'),
('matrixBlockTypes.e983668e-da41-4c60-8f3f-1062d10a2093.fieldLayouts.248a08b7-04f3-4ed0-acec-762912224cea.tabs.0.name', '\"Content\"'),
('matrixBlockTypes.e983668e-da41-4c60-8f3f-1062d10a2093.fieldLayouts.248a08b7-04f3-4ed0-acec-762912224cea.tabs.0.sortOrder', '1'),
('matrixBlockTypes.e983668e-da41-4c60-8f3f-1062d10a2093.fields.509010ae-76d8-4d0a-ba38-9a5a004c6e8b.columnSuffix', 'null'),
('matrixBlockTypes.e983668e-da41-4c60-8f3f-1062d10a2093.fields.509010ae-76d8-4d0a-ba38-9a5a004c6e8b.contentColumnType', '\"string\"'),
('matrixBlockTypes.e983668e-da41-4c60-8f3f-1062d10a2093.fields.509010ae-76d8-4d0a-ba38-9a5a004c6e8b.fieldGroup', 'null'),
('matrixBlockTypes.e983668e-da41-4c60-8f3f-1062d10a2093.fields.509010ae-76d8-4d0a-ba38-9a5a004c6e8b.handle', '\"infoImage\"'),
('matrixBlockTypes.e983668e-da41-4c60-8f3f-1062d10a2093.fields.509010ae-76d8-4d0a-ba38-9a5a004c6e8b.instructions', '\"\"'),
('matrixBlockTypes.e983668e-da41-4c60-8f3f-1062d10a2093.fields.509010ae-76d8-4d0a-ba38-9a5a004c6e8b.name', '\"Info Image\"'),
('matrixBlockTypes.e983668e-da41-4c60-8f3f-1062d10a2093.fields.509010ae-76d8-4d0a-ba38-9a5a004c6e8b.searchable', 'false'),
('matrixBlockTypes.e983668e-da41-4c60-8f3f-1062d10a2093.fields.509010ae-76d8-4d0a-ba38-9a5a004c6e8b.settings.allowedKinds', 'null'),
('matrixBlockTypes.e983668e-da41-4c60-8f3f-1062d10a2093.fields.509010ae-76d8-4d0a-ba38-9a5a004c6e8b.settings.allowSelfRelations', 'false'),
('matrixBlockTypes.e983668e-da41-4c60-8f3f-1062d10a2093.fields.509010ae-76d8-4d0a-ba38-9a5a004c6e8b.settings.allowUploads', 'true'),
('matrixBlockTypes.e983668e-da41-4c60-8f3f-1062d10a2093.fields.509010ae-76d8-4d0a-ba38-9a5a004c6e8b.settings.defaultUploadLocationSource', '\"volume:5cce6b80-a35c-4207-82e0-3940c9091376\"'),
('matrixBlockTypes.e983668e-da41-4c60-8f3f-1062d10a2093.fields.509010ae-76d8-4d0a-ba38-9a5a004c6e8b.settings.defaultUploadLocationSubpath', '\"\"'),
('matrixBlockTypes.e983668e-da41-4c60-8f3f-1062d10a2093.fields.509010ae-76d8-4d0a-ba38-9a5a004c6e8b.settings.limit', '\"\"'),
('matrixBlockTypes.e983668e-da41-4c60-8f3f-1062d10a2093.fields.509010ae-76d8-4d0a-ba38-9a5a004c6e8b.settings.localizeRelations', 'false'),
('matrixBlockTypes.e983668e-da41-4c60-8f3f-1062d10a2093.fields.509010ae-76d8-4d0a-ba38-9a5a004c6e8b.settings.previewMode', '\"full\"'),
('matrixBlockTypes.e983668e-da41-4c60-8f3f-1062d10a2093.fields.509010ae-76d8-4d0a-ba38-9a5a004c6e8b.settings.restrictFiles', '\"\"'),
('matrixBlockTypes.e983668e-da41-4c60-8f3f-1062d10a2093.fields.509010ae-76d8-4d0a-ba38-9a5a004c6e8b.settings.selectionLabel', '\"Bild fr die Info ber Massage Arten hinzufgen\"'),
('matrixBlockTypes.e983668e-da41-4c60-8f3f-1062d10a2093.fields.509010ae-76d8-4d0a-ba38-9a5a004c6e8b.settings.showSiteMenu', 'true'),
('matrixBlockTypes.e983668e-da41-4c60-8f3f-1062d10a2093.fields.509010ae-76d8-4d0a-ba38-9a5a004c6e8b.settings.showUnpermittedFiles', 'false'),
('matrixBlockTypes.e983668e-da41-4c60-8f3f-1062d10a2093.fields.509010ae-76d8-4d0a-ba38-9a5a004c6e8b.settings.showUnpermittedVolumes', 'false'),
('matrixBlockTypes.e983668e-da41-4c60-8f3f-1062d10a2093.fields.509010ae-76d8-4d0a-ba38-9a5a004c6e8b.settings.singleUploadLocationSource', '\"volume:5cce6b80-a35c-4207-82e0-3940c9091376\"'),
('matrixBlockTypes.e983668e-da41-4c60-8f3f-1062d10a2093.fields.509010ae-76d8-4d0a-ba38-9a5a004c6e8b.settings.singleUploadLocationSubpath', '\"\"'),
('matrixBlockTypes.e983668e-da41-4c60-8f3f-1062d10a2093.fields.509010ae-76d8-4d0a-ba38-9a5a004c6e8b.settings.source', 'null'),
('matrixBlockTypes.e983668e-da41-4c60-8f3f-1062d10a2093.fields.509010ae-76d8-4d0a-ba38-9a5a004c6e8b.settings.sources.0', '\"volume:5cce6b80-a35c-4207-82e0-3940c9091376\"'),
('matrixBlockTypes.e983668e-da41-4c60-8f3f-1062d10a2093.fields.509010ae-76d8-4d0a-ba38-9a5a004c6e8b.settings.targetSiteId', 'null'),
('matrixBlockTypes.e983668e-da41-4c60-8f3f-1062d10a2093.fields.509010ae-76d8-4d0a-ba38-9a5a004c6e8b.settings.useSingleFolder', 'false'),
('matrixBlockTypes.e983668e-da41-4c60-8f3f-1062d10a2093.fields.509010ae-76d8-4d0a-ba38-9a5a004c6e8b.settings.validateRelatedElements', 'false'),
('matrixBlockTypes.e983668e-da41-4c60-8f3f-1062d10a2093.fields.509010ae-76d8-4d0a-ba38-9a5a004c6e8b.settings.viewMode', '\"list\"'),
('matrixBlockTypes.e983668e-da41-4c60-8f3f-1062d10a2093.fields.509010ae-76d8-4d0a-ba38-9a5a004c6e8b.translationKeyFormat', 'null'),
('matrixBlockTypes.e983668e-da41-4c60-8f3f-1062d10a2093.fields.509010ae-76d8-4d0a-ba38-9a5a004c6e8b.translationMethod', '\"site\"'),
('matrixBlockTypes.e983668e-da41-4c60-8f3f-1062d10a2093.fields.509010ae-76d8-4d0a-ba38-9a5a004c6e8b.type', '\"craft\\\\fields\\\\Assets\"'),
('matrixBlockTypes.e983668e-da41-4c60-8f3f-1062d10a2093.fields.b421e9dd-d4d4-4736-8411-ce1963d348f7.columnSuffix', 'null'),
('matrixBlockTypes.e983668e-da41-4c60-8f3f-1062d10a2093.fields.b421e9dd-d4d4-4736-8411-ce1963d348f7.contentColumnType', '\"string(1000)\"'),
('matrixBlockTypes.e983668e-da41-4c60-8f3f-1062d10a2093.fields.b421e9dd-d4d4-4736-8411-ce1963d348f7.fieldGroup', 'null'),
('matrixBlockTypes.e983668e-da41-4c60-8f3f-1062d10a2093.fields.b421e9dd-d4d4-4736-8411-ce1963d348f7.handle', '\"infoDescription\"'),
('matrixBlockTypes.e983668e-da41-4c60-8f3f-1062d10a2093.fields.b421e9dd-d4d4-4736-8411-ce1963d348f7.instructions', '\"\"'),
('matrixBlockTypes.e983668e-da41-4c60-8f3f-1062d10a2093.fields.b421e9dd-d4d4-4736-8411-ce1963d348f7.name', '\"Info Description\"'),
('matrixBlockTypes.e983668e-da41-4c60-8f3f-1062d10a2093.fields.b421e9dd-d4d4-4736-8411-ce1963d348f7.searchable', 'false'),
('matrixBlockTypes.e983668e-da41-4c60-8f3f-1062d10a2093.fields.b421e9dd-d4d4-4736-8411-ce1963d348f7.settings.byteLimit', 'null'),
('matrixBlockTypes.e983668e-da41-4c60-8f3f-1062d10a2093.fields.b421e9dd-d4d4-4736-8411-ce1963d348f7.settings.charLimit', '250'),
('matrixBlockTypes.e983668e-da41-4c60-8f3f-1062d10a2093.fields.b421e9dd-d4d4-4736-8411-ce1963d348f7.settings.code', '\"\"'),
('matrixBlockTypes.e983668e-da41-4c60-8f3f-1062d10a2093.fields.b421e9dd-d4d4-4736-8411-ce1963d348f7.settings.columnType', 'null'),
('matrixBlockTypes.e983668e-da41-4c60-8f3f-1062d10a2093.fields.b421e9dd-d4d4-4736-8411-ce1963d348f7.settings.initialRows', '\"\"'),
('matrixBlockTypes.e983668e-da41-4c60-8f3f-1062d10a2093.fields.b421e9dd-d4d4-4736-8411-ce1963d348f7.settings.multiline', '\"\"'),
('matrixBlockTypes.e983668e-da41-4c60-8f3f-1062d10a2093.fields.b421e9dd-d4d4-4736-8411-ce1963d348f7.settings.placeholder', '\"Beschreibung der Massageart\"'),
('matrixBlockTypes.e983668e-da41-4c60-8f3f-1062d10a2093.fields.b421e9dd-d4d4-4736-8411-ce1963d348f7.settings.uiMode', '\"normal\"'),
('matrixBlockTypes.e983668e-da41-4c60-8f3f-1062d10a2093.fields.b421e9dd-d4d4-4736-8411-ce1963d348f7.translationKeyFormat', 'null'),
('matrixBlockTypes.e983668e-da41-4c60-8f3f-1062d10a2093.fields.b421e9dd-d4d4-4736-8411-ce1963d348f7.translationMethod', '\"none\"'),
('matrixBlockTypes.e983668e-da41-4c60-8f3f-1062d10a2093.fields.b421e9dd-d4d4-4736-8411-ce1963d348f7.type', '\"craft\\\\fields\\\\PlainText\"'),
('matrixBlockTypes.e983668e-da41-4c60-8f3f-1062d10a2093.fields.b821f21f-77d9-4f76-aafd-b3c5aed17a5c.columnSuffix', 'null'),
('matrixBlockTypes.e983668e-da41-4c60-8f3f-1062d10a2093.fields.b821f21f-77d9-4f76-aafd-b3c5aed17a5c.contentColumnType', '\"text\"'),
('matrixBlockTypes.e983668e-da41-4c60-8f3f-1062d10a2093.fields.b821f21f-77d9-4f76-aafd-b3c5aed17a5c.fieldGroup', 'null'),
('matrixBlockTypes.e983668e-da41-4c60-8f3f-1062d10a2093.fields.b821f21f-77d9-4f76-aafd-b3c5aed17a5c.handle', '\"infoHeadline\"'),
('matrixBlockTypes.e983668e-da41-4c60-8f3f-1062d10a2093.fields.b821f21f-77d9-4f76-aafd-b3c5aed17a5c.instructions', '\"\"'),
('matrixBlockTypes.e983668e-da41-4c60-8f3f-1062d10a2093.fields.b821f21f-77d9-4f76-aafd-b3c5aed17a5c.name', '\"Info Headline\"'),
('matrixBlockTypes.e983668e-da41-4c60-8f3f-1062d10a2093.fields.b821f21f-77d9-4f76-aafd-b3c5aed17a5c.searchable', 'false'),
('matrixBlockTypes.e983668e-da41-4c60-8f3f-1062d10a2093.fields.b821f21f-77d9-4f76-aafd-b3c5aed17a5c.settings.byteLimit', 'null'),
('matrixBlockTypes.e983668e-da41-4c60-8f3f-1062d10a2093.fields.b821f21f-77d9-4f76-aafd-b3c5aed17a5c.settings.charLimit', 'null'),
('matrixBlockTypes.e983668e-da41-4c60-8f3f-1062d10a2093.fields.b821f21f-77d9-4f76-aafd-b3c5aed17a5c.settings.code', '\"\"'),
('matrixBlockTypes.e983668e-da41-4c60-8f3f-1062d10a2093.fields.b821f21f-77d9-4f76-aafd-b3c5aed17a5c.settings.columnType', 'null'),
('matrixBlockTypes.e983668e-da41-4c60-8f3f-1062d10a2093.fields.b821f21f-77d9-4f76-aafd-b3c5aed17a5c.settings.initialRows', '\"4\"'),
('matrixBlockTypes.e983668e-da41-4c60-8f3f-1062d10a2093.fields.b821f21f-77d9-4f76-aafd-b3c5aed17a5c.settings.multiline', '\"\"'),
('matrixBlockTypes.e983668e-da41-4c60-8f3f-1062d10a2093.fields.b821f21f-77d9-4f76-aafd-b3c5aed17a5c.settings.placeholder', '\"Titel von der Massageart\"'),
('matrixBlockTypes.e983668e-da41-4c60-8f3f-1062d10a2093.fields.b821f21f-77d9-4f76-aafd-b3c5aed17a5c.settings.uiMode', '\"normal\"'),
('matrixBlockTypes.e983668e-da41-4c60-8f3f-1062d10a2093.fields.b821f21f-77d9-4f76-aafd-b3c5aed17a5c.translationKeyFormat', 'null'),
('matrixBlockTypes.e983668e-da41-4c60-8f3f-1062d10a2093.fields.b821f21f-77d9-4f76-aafd-b3c5aed17a5c.translationMethod', '\"none\"'),
('matrixBlockTypes.e983668e-da41-4c60-8f3f-1062d10a2093.fields.b821f21f-77d9-4f76-aafd-b3c5aed17a5c.type', '\"craft\\\\fields\\\\PlainText\"'),
('matrixBlockTypes.e983668e-da41-4c60-8f3f-1062d10a2093.handle', '\"infoCard\"'),
('matrixBlockTypes.e983668e-da41-4c60-8f3f-1062d10a2093.name', '\"Info Card\"'),
('matrixBlockTypes.e983668e-da41-4c60-8f3f-1062d10a2093.sortOrder', '1'),
('meta.__names__.05cf1190-eee5-446e-86fb-2f2803720b03', '\"Contact H2\"'),
('meta.__names__.08f7de84-afcb-4315-8282-e7f3e12eb959', '\"Gutscheine\"'),
('meta.__names__.09faf330-8a6d-43fb-8902-634963e2b596', '\"Cards\"'),
('meta.__names__.10beb2fb-9f4c-4f5a-8196-2f65fa1fbb8b', '\"Instagram Link\"'),
('meta.__names__.114adcdf-ab31-4d8f-8fb5-add7702e476a', '\"Icon\"'),
('meta.__names__.17c50b66-f3d0-4d17-a8f1-db8e8761e219', '\"h2 Title Price Section\"'),
('meta.__names__.1854f3be-cac9-430d-bde8-9093b969668c', '\"Errors\"'),
('meta.__names__.1a680df0-fe66-4d73-b7f9-c9eda8c96f05', '\"Size\"'),
('meta.__names__.1ab1524a-50e1-4b29-8ce9-9a3391b6c52f', '\"Email\"'),
('meta.__names__.1bf39833-e1d7-47ad-8cec-0e5f634ecfeb', '\"Gutschein Image\"'),
('meta.__names__.1e51ec97-9959-4860-8d78-a37833c6a526', '\"Common\"'),
('meta.__names__.2043ed76-d48a-4911-ac89-b34387816ebb', '\"Facebook Link\"'),
('meta.__names__.23c98b12-8a47-49e0-bf93-38f9007548bd', '\"Meine Leistungen\"'),
('meta.__names__.25416666-89ae-45f3-bdae-0b78a5309146', '\"h2 Title Info Section\"'),
('meta.__names__.268380d1-da19-45ad-af3e-96da19e5ba85', '\"Datenschutz\"'),
('meta.__names__.2a4797dc-df0a-4834-ab6d-76f4c86182e6', '\"Price\"'),
('meta.__names__.2c9430af-5272-4806-a33f-9364d065ac83', '\"Default\"'),
('meta.__names__.329d3f94-a4e8-4c89-9242-99ad3287d1a5', '\"Navigation\"'),
('meta.__names__.338f718b-7f68-4c2c-9eac-e8898e37b8a3', '\"Footer\"'),
('meta.__names__.3646d014-05d7-44d6-ac01-1930aade6203', '\"Text\"'),
('meta.__names__.3a741c4b-6ec9-42e1-8baf-16ee0d35e092', '\"Contact Form\"'),
('meta.__names__.3bace5b2-b349-43e4-8abb-441e7be0b37a', '\"Info Card Mobile\"'),
('meta.__names__.3bd74465-5f86-4a4e-8e11-284e7c2e92eb', '\"Image\"'),
('meta.__names__.3c305284-1691-42f8-b66f-fe348952a2ab', '\"Slider Texts\"'),
('meta.__names__.42fda29a-485e-47ea-8f31-8d3f398a7b6d', '\"seo Description\"'),
('meta.__names__.4ba32469-66ba-4233-8faf-e5f819134881', '\"Headline\"'),
('meta.__names__.4e364be5-bc5a-4257-8479-5e7685e6cd9d', '\"Euronen\"'),
('meta.__names__.509010ae-76d8-4d0a-ba38-9a5a004c6e8b', '\"Info Image\"'),
('meta.__names__.5502ecc3-271c-47e8-99ff-d06fe1a603a2', '\"Editors\"'),
('meta.__names__.5725c7ca-a4df-44ff-94f0-7f649c96ded4', '\"Meine Leistungen\"'),
('meta.__names__.572db231-fb3a-4729-82dd-898c7a612e53', '\"Rich Text About Section\"'),
('meta.__names__.5a1f7399-c9af-4cf1-a877-b9918fabb768', '\"Gutschein Img\"'),
('meta.__names__.5ad60c02-6d3c-4b01-8a1f-174445a272ce', '\"Telefonnummer\"'),
('meta.__names__.5cccf762-54f8-44cf-ad6e-b3504b30f9c2', '\"Email\"'),
('meta.__names__.5cce6b80-a35c-4207-82e0-3940c9091376', '\"Images\"'),
('meta.__names__.5f1f6003-d657-40fc-9ea8-c3dc936958cd', '\"Slider Content\"'),
('meta.__names__.6064b14c-104b-493b-893f-55f095596408', '\"h3 Title Price Section\"'),
('meta.__names__.61c4e9a1-fd34-4f08-9280-407d23e513ee', '\"User Information\"'),
('meta.__names__.65c4e659-4d8f-4705-a2e9-46a81807c120', '\"Info Cards Mobile\"'),
('meta.__names__.667df206-c61a-4eb6-8f2f-6f123144a644', '\"Slider Content\"'),
('meta.__names__.67ea3ad6-5894-4622-8a04-84e1cf8ea798', '\"Prices\"'),
('meta.__names__.683a4e58-0d04-4452-9b24-4f228753d538', '\"Text\"'),
('meta.__names__.695d690f-eac6-448e-b32a-399a64f36c2d', '\"stunden\"'),
('meta.__names__.695fdc9b-7cb6-4172-ad4a-2194854c587e', '\"Text\"'),
('meta.__names__.6d9587dd-3c88-43bd-a6d1-a406042f785c', '\"Link\"'),
('meta.__names__.6f19a805-c660-4a23-98bc-883a1772b93c', '\"Content Image\"'),
('meta.__names__.709d1f4c-cde7-4279-b196-7dbd0d3c1d4a', '\"HeroSection\"'),
('meta.__names__.722da717-5c9d-4ac6-bfa0-08134732dc4c', '\"Header\"'),
('meta.__names__.745244db-cd1b-4b14-ab0f-07d6ddcf070f', '\"Home\"'),
('meta.__names__.7662cd3a-0217-4164-bff5-a804bce29648', '\"switched\"'),
('meta.__names__.78eb4c24-9ee0-4fe1-85b6-902352ffc6af', '\"Code\"'),
('meta.__names__.7e3b3ae6-f422-47dc-96c7-602eef92f190', '\"Gutschein Text\"'),
('meta.__names__.807abb3e-a1e9-4460-8230-38bae828aa37', '\"Titel\"'),
('meta.__names__.8258f0ad-064f-4205-918e-d5f606659a0e', '\"Contact Text\"'),
('meta.__names__.8352538e-0d17-48be-bf6d-c03a439cb40a', '\"Template Images\"'),
('meta.__names__.8561ac4c-c848-4660-a546-010bd2e8d9a7', '\"Hero Title\"'),
('meta.__names__.866a0917-591e-4c6c-8e26-b548063bbc13', '\"Info-Slider\"'),
('meta.__names__.88d123f3-1fe8-4858-b7f7-39ad8b15a5fc', '\"Impressum\"'),
('meta.__names__.8fb0e979-e646-40cc-afe3-721a8cf8d77e', '\"Rich Text\"'),
('meta.__names__.91b13390-ca65-49a0-9d7f-9bd2795e15d8', '\"Datenschutz\"'),
('meta.__names__.9353bfe0-77ec-4c96-afc1-3cc85bc6959b', '\"Link Text\"'),
('meta.__names__.93f562ec-f7bd-4dcb-85c7-20f346147cae', '\"Link Text Footer\"'),
('meta.__names__.998a4cee-1d0b-4b76-bbdc-e03d69e2d0c9', '\"Info Card Mobile h2\"'),
('meta.__names__.9b8f35b7-0309-476b-9ca6-654d6d620e69', '\"Public Schema\"'),
('meta.__names__.9eb431c5-7fe6-4c45-be5d-6c94ade7993e', '\"Assets\"'),
('meta.__names__.a1d469ad-3f70-49ce-aa72-447b35b47384', '\"Image About\"'),
('meta.__names__.a5cbfbab-d6bd-4853-b176-faf454b6bf2a', '\"SliderText\"'),
('meta.__names__.a667ccc8-419c-4833-aa0f-d8e3fb653ad2', '\"Aboutme Page\"'),
('meta.__names__.af236ed7-2045-4ee4-b6c9-fa700fec2aae', '\"seo Title\"'),
('meta.__names__.af2f78ad-694f-4f2c-9c6f-a24a5297b71e', '\"Gutscheine\"'),
('meta.__names__.b421e9dd-d4d4-4736-8411-ce1963d348f7', '\"Info Description\"'),
('meta.__names__.b821f21f-77d9-4f76-aafd-b3c5aed17a5c', '\"Info Headline\"'),
('meta.__names__.bd67bf27-4250-46ec-86a0-f94172ca1cd8', '\"Aboutme Page\"'),
('meta.__names__.be62c9df-631a-4395-99fc-94e2eda37b7b', '\"ContentBuilder\"'),
('meta.__names__.bf6b89d9-e068-4a04-9f43-1a7a2d42bd79', '\"Link Destination\"'),
('meta.__names__.bfd38180-5ad7-4644-a0a0-598e5dbed5fa', '\"Image\"'),
('meta.__names__.c50f1c8e-3b3c-429a-8e0d-ff677581fce0', '\"SEO\"'),
('meta.__names__.c5b55746-9b95-40a4-9e04-178618e02cff', '\"Graphics\"'),
('meta.__names__.c5b7a7bd-25d9-46e8-aa20-0b2cbee36c42', '\"Youtube Link\"'),
('meta.__names__.c93f785e-a2de-4be1-b982-2b15a9ecfb52', '\"Home\"'),
('meta.__names__.cc7d01e7-6d4f-4329-8f74-68b700b031d0', '\"Gutschein Section\"'),
('meta.__names__.ce43a48b-9462-4aea-abc9-3c7cac31d01d', '\"Telefonnummer\"'),
('meta.__names__.d0345c1f-4c41-48f5-9235-31cd644f6b30', '\"Hero\"'),
('meta.__names__.d0b81f54-9f0b-47ff-8b70-ede217a82e9d', '\"voi-entspannt\"'),
('meta.__names__.d645fef7-04c9-4031-ab1b-44743af9f212', '\"Info Cards\"'),
('meta.__names__.d955bedd-4720-4536-84d6-fa27e730d27a', '\"Default\"'),
('meta.__names__.d99f9653-f764-42e2-8722-2d17f41c2367', '\"Size\"'),
('meta.__names__.d9acb357-0bae-493c-920c-a7a137bc18db', '\"Kontakt\"'),
('meta.__names__.d9f25314-9fad-4839-b8bb-8159c7bda381', '\"Link Footer\"'),
('meta.__names__.dcc9f2a5-4960-4468-9ca0-ed97af8aabd0', '\"Nav Link Footer\"'),
('meta.__names__.df95f934-8e81-47f2-9a8e-6e3afefb968c', '\"Gutscheine\"'),
('meta.__names__.e4414be5-ec53-440a-b818-1a381e65c433', '\"Nav Link\"'),
('meta.__names__.e4903fce-9829-467c-b5a0-534501cd79fb', '\"Info Card Mobile Description\"'),
('meta.__names__.e5fdc1b5-cf05-4bb5-b0e7-fde823b6baa0', '\"Destination\"'),
('meta.__names__.e7938175-a108-436a-9651-c3fc691e20cb', '\"Info Card Mobile Image\"'),
('meta.__names__.e9673d58-ed0a-4be7-bb0f-0f4654358814', '\"Kontakt\"'),
('meta.__names__.e983668e-da41-4c60-8f3f-1062d10a2093', '\"Info Card\"'),
('meta.__names__.edceac26-29e6-4527-a8dc-66076a59ed58', '\"About Img\"'),
('meta.__names__.f20e251a-1359-4e87-8868-4cf0e570f518', '\"link Destination Footer\"'),
('meta.__names__.f237f023-4145-4676-8d9f-09615487f06e', '\"Impressum\"'),
('meta.__names__.f8880613-ce1c-42ee-adaa-3a49591c464f', '\"Logos\"'),
('meta.__names__.f935160c-f13f-4345-a1b2-964ccaf23ef6', '\"Slider Content\"'),
('meta.__names__.f98ce2cd-2b94-426d-91e4-8718a72c9953', '\"Hero Image\"'),
('plugins.contact-form.edition', '\"standard\"'),
('plugins.contact-form.enabled', 'true'),
('plugins.contact-form.schemaVersion', '\"1.0.0\"'),
('plugins.contact-form.settings.allowAttachments', '\"\"'),
('plugins.contact-form.settings.allowedMessageFields', 'null'),
('plugins.contact-form.settings.prependSender', '\"Mitteilung von\"'),
('plugins.contact-form.settings.prependSubject', '\"New message from voi-entspannt\"'),
('plugins.contact-form.settings.successFlashMessage', '\"Ihre Nachricht wurde versendet.\"'),
('plugins.contact-form.settings.toEmail', '\"sami.reichoer@gmail.com\"'),
('plugins.cookie-consent-banner.edition', '\"standard\"'),
('plugins.cookie-consent-banner.enabled', 'true'),
('plugins.cookie-consent-banner.schemaVersion', '\"1.0.1\"'),
('plugins.cookie-consent-banner.settings.allow', '\"Allow cookies\"'),
('plugins.cookie-consent-banner.settings.async_js', '\"\"'),
('plugins.cookie-consent-banner.settings.auto_inject', '\"1\"'),
('plugins.cookie-consent-banner.settings.decline', '\"Decline\"'),
('plugins.cookie-consent-banner.settings.defer_js', '\"\"'),
('plugins.cookie-consent-banner.settings.disable_in_live_preview', '\"\"'),
('plugins.cookie-consent-banner.settings.dismiss', '\"Got it!\"'),
('plugins.cookie-consent-banner.settings.dismiss_on_scroll', '\"\"'),
('plugins.cookie-consent-banner.settings.dismiss_on_timeout', '\"\"'),
('plugins.cookie-consent-banner.settings.excluded_categories', 'null'),
('plugins.cookie-consent-banner.settings.excluded_entry_types', 'null'),
('plugins.cookie-consent-banner.settings.expiry_days', '\"365\"'),
('plugins.cookie-consent-banner.settings.honour_do_not_track_header', '\"\"'),
('plugins.cookie-consent-banner.settings.layout', '\"block\"'),
('plugins.cookie-consent-banner.settings.learn', '\"Learn More\"'),
('plugins.cookie-consent-banner.settings.learn_more_link', '\"https://voi-entspannt.at/datenschutz\"'),
('plugins.cookie-consent-banner.settings.message', '\"Diese Internetseite verwendet Cookies und Google Analytics fr die Analyse und Statistik.\"'),
('plugins.cookie-consent-banner.settings.palette', '\"default\"'),
('plugins.cookie-consent-banner.settings.palette_banner', '\"000\"'),
('plugins.cookie-consent-banner.settings.palette_banner_text', '\"ffffff\"'),
('plugins.cookie-consent-banner.settings.palette_button', '\"37BFED\"'),
('plugins.cookie-consent-banner.settings.palette_button_text', '\"fff\"'),
('plugins.cookie-consent-banner.settings.palette_left_button_bg', '\"f8e71c\"'),
('plugins.cookie-consent-banner.settings.palette_left_button_text', '\"000000\"'),
('plugins.cookie-consent-banner.settings.palette_link', '\"ffffff\"'),
('plugins.cookie-consent-banner.settings.position', '\"top\"'),
('plugins.cookie-consent-banner.settings.preload_css', '\"1\"'),
('plugins.cookie-consent-banner.settings.revokable', '\"\"'),
('plugins.cookie-consent-banner.settings.secure_only', '\"\"'),
('plugins.cookie-consent-banner.settings.target', '\"_blank\"'),
('plugins.cookie-consent-banner.settings.type', '\"info\"'),
('plugins.cp-css.edition', '\"standard\"'),
('plugins.cp-css.enabled', 'true'),
('plugins.cp-css.schemaVersion', '\"2.0.0\"'),
('plugins.redactor.edition', '\"standard\"'),
('plugins.redactor.enabled', 'true'),
('plugins.redactor.schemaVersion', '\"2.3.0\"'),
('plugins.seomatic.edition', '\"standard\"'),
('plugins.seomatic.enabled', 'true'),
('plugins.seomatic.licenseKey', '\"$PLUGIN_SEOMATIC\"'),
('plugins.seomatic.schemaVersion', '\"3.0.11\"'),
('plugins.smith.edition', '\"standard\"'),
('plugins.smith.enabled', 'true'),
('plugins.smith.schemaVersion', '\"1.0.0\"'),
('plugins.super-table.edition', '\"standard\"'),
('plugins.super-table.enabled', 'true'),
('plugins.super-table.schemaVersion', '\"2.2.1\"'),
('plugins.typedlinkfield.edition', '\"standard\"'),
('plugins.typedlinkfield.enabled', 'true'),
('plugins.typedlinkfield.schemaVersion', '\"1.0.0\"'),
('plugins.vite.edition', '\"standard\"'),
('plugins.vite.enabled', 'true'),
('plugins.vite.schemaVersion', '\"1.0.0\"'),
('routes.713b2ffd-ba71-4e76-999b-9540be07870c.siteUid', 'null'),
('routes.713b2ffd-ba71-4e76-999b-9540be07870c.sortOrder', '1'),
('routes.713b2ffd-ba71-4e76-999b-9540be07870c.template', '\"_pages/pages/aboutme.twig\"'),
('routes.713b2ffd-ba71-4e76-999b-9540be07870c.uriParts.1.0', '\"slug\"'),
('routes.713b2ffd-ba71-4e76-999b-9540be07870c.uriParts.1.1', '\"[^\\\\/]+\"'),
('routes.713b2ffd-ba71-4e76-999b-9540be07870c.uriParts.2', '\"aboutme/\"'),
('routes.713b2ffd-ba71-4e76-999b-9540be07870c.uriPattern', '\"<slug:[^\\\\/]+>aboutme/\"'),
('routes.7d4a5075-5d57-4ebd-b2ff-f81f50e768b1.siteUid', 'null'),
('routes.7d4a5075-5d57-4ebd-b2ff-f81f50e768b1.sortOrder', '2'),
('routes.7d4a5075-5d57-4ebd-b2ff-f81f50e768b1.template', '\"_pages/pages/services.twig\"'),
('routes.7d4a5075-5d57-4ebd-b2ff-f81f50e768b1.uriParts.0', '\"services/\"'),
('routes.7d4a5075-5d57-4ebd-b2ff-f81f50e768b1.uriPattern', '\"services/\"'),
('sections.1854f3be-cac9-430d-bde8-9093b969668c.defaultPlacement', '\"end\"'),
('sections.1854f3be-cac9-430d-bde8-9093b969668c.enableVersioning', 'true'),
('sections.1854f3be-cac9-430d-bde8-9093b969668c.handle', '\"errorPages\"'),
('sections.1854f3be-cac9-430d-bde8-9093b969668c.name', '\"Errors\"'),
('sections.1854f3be-cac9-430d-bde8-9093b969668c.previewTargets.0.__assoc__.0.0', '\"label\"'),
('sections.1854f3be-cac9-430d-bde8-9093b969668c.previewTargets.0.__assoc__.0.1', '\"Primary entry page\"'),
('sections.1854f3be-cac9-430d-bde8-9093b969668c.previewTargets.0.__assoc__.1.0', '\"urlFormat\"'),
('sections.1854f3be-cac9-430d-bde8-9093b969668c.previewTargets.0.__assoc__.1.1', '\"{url}\"'),
('sections.1854f3be-cac9-430d-bde8-9093b969668c.previewTargets.0.__assoc__.2.0', '\"refresh\"'),
('sections.1854f3be-cac9-430d-bde8-9093b969668c.previewTargets.0.__assoc__.2.1', '\"1\"'),
('sections.1854f3be-cac9-430d-bde8-9093b969668c.propagationMethod', '\"all\"'),
('sections.1854f3be-cac9-430d-bde8-9093b969668c.siteSettings.d0b81f54-9f0b-47ff-8b70-ede217a82e9d.enabledByDefault', 'false'),
('sections.1854f3be-cac9-430d-bde8-9093b969668c.siteSettings.d0b81f54-9f0b-47ff-8b70-ede217a82e9d.hasUrls', 'true'),
('sections.1854f3be-cac9-430d-bde8-9093b969668c.siteSettings.d0b81f54-9f0b-47ff-8b70-ede217a82e9d.template', '\"_pages/entry.twig\"'),
('sections.1854f3be-cac9-430d-bde8-9093b969668c.siteSettings.d0b81f54-9f0b-47ff-8b70-ede217a82e9d.uriFormat', '\"errors/{slug}\"'),
('sections.1854f3be-cac9-430d-bde8-9093b969668c.type', '\"channel\"'),
('sections.23c98b12-8a47-49e0-bf93-38f9007548bd.defaultPlacement', '\"end\"'),
('sections.23c98b12-8a47-49e0-bf93-38f9007548bd.enableVersioning', 'true'),
('sections.23c98b12-8a47-49e0-bf93-38f9007548bd.handle', '\"meineLeistungen\"'),
('sections.23c98b12-8a47-49e0-bf93-38f9007548bd.name', '\"Meine Leistungen\"'),
('sections.23c98b12-8a47-49e0-bf93-38f9007548bd.previewTargets.0.__assoc__.0.0', '\"label\"'),
('sections.23c98b12-8a47-49e0-bf93-38f9007548bd.previewTargets.0.__assoc__.0.1', '\"Primre eintrag Seite\"'),
('sections.23c98b12-8a47-49e0-bf93-38f9007548bd.previewTargets.0.__assoc__.1.0', '\"urlFormat\"'),
('sections.23c98b12-8a47-49e0-bf93-38f9007548bd.previewTargets.0.__assoc__.1.1', '\"{url}\"'),
('sections.23c98b12-8a47-49e0-bf93-38f9007548bd.previewTargets.0.__assoc__.2.0', '\"refresh\"'),
('sections.23c98b12-8a47-49e0-bf93-38f9007548bd.previewTargets.0.__assoc__.2.1', '\"1\"'),
('sections.23c98b12-8a47-49e0-bf93-38f9007548bd.propagationMethod', '\"all\"'),
('sections.23c98b12-8a47-49e0-bf93-38f9007548bd.siteSettings.d0b81f54-9f0b-47ff-8b70-ede217a82e9d.enabledByDefault', 'true'),
('sections.23c98b12-8a47-49e0-bf93-38f9007548bd.siteSettings.d0b81f54-9f0b-47ff-8b70-ede217a82e9d.hasUrls', 'true'),
('sections.23c98b12-8a47-49e0-bf93-38f9007548bd.siteSettings.d0b81f54-9f0b-47ff-8b70-ede217a82e9d.template', '\"_pages/pages/leistungen.twig\"'),
('sections.23c98b12-8a47-49e0-bf93-38f9007548bd.siteSettings.d0b81f54-9f0b-47ff-8b70-ede217a82e9d.uriFormat', '\"leistungen\"'),
('sections.23c98b12-8a47-49e0-bf93-38f9007548bd.type', '\"single\"'),
('sections.268380d1-da19-45ad-af3e-96da19e5ba85.defaultPlacement', '\"end\"'),
('sections.268380d1-da19-45ad-af3e-96da19e5ba85.enableVersioning', 'true'),
('sections.268380d1-da19-45ad-af3e-96da19e5ba85.handle', '\"datenschutz\"'),
('sections.268380d1-da19-45ad-af3e-96da19e5ba85.name', '\"Datenschutz\"'),
('sections.268380d1-da19-45ad-af3e-96da19e5ba85.previewTargets.0.__assoc__.0.0', '\"label\"'),
('sections.268380d1-da19-45ad-af3e-96da19e5ba85.previewTargets.0.__assoc__.0.1', '\"Primre eintrag Seite\"'),
('sections.268380d1-da19-45ad-af3e-96da19e5ba85.previewTargets.0.__assoc__.1.0', '\"urlFormat\"'),
('sections.268380d1-da19-45ad-af3e-96da19e5ba85.previewTargets.0.__assoc__.1.1', '\"{url}\"'),
('sections.268380d1-da19-45ad-af3e-96da19e5ba85.previewTargets.0.__assoc__.2.0', '\"refresh\"'),
('sections.268380d1-da19-45ad-af3e-96da19e5ba85.previewTargets.0.__assoc__.2.1', '\"1\"'),
('sections.268380d1-da19-45ad-af3e-96da19e5ba85.propagationMethod', '\"all\"'),
('sections.268380d1-da19-45ad-af3e-96da19e5ba85.siteSettings.d0b81f54-9f0b-47ff-8b70-ede217a82e9d.enabledByDefault', 'true'),
('sections.268380d1-da19-45ad-af3e-96da19e5ba85.siteSettings.d0b81f54-9f0b-47ff-8b70-ede217a82e9d.hasUrls', 'true'),
('sections.268380d1-da19-45ad-af3e-96da19e5ba85.siteSettings.d0b81f54-9f0b-47ff-8b70-ede217a82e9d.template', '\"_pages/pages/rechtstexte/datenschutz.twig\"'),
('sections.268380d1-da19-45ad-af3e-96da19e5ba85.siteSettings.d0b81f54-9f0b-47ff-8b70-ede217a82e9d.uriFormat', '\"datenschutz\"'),
('sections.268380d1-da19-45ad-af3e-96da19e5ba85.type', '\"single\"'),
('sections.745244db-cd1b-4b14-ab0f-07d6ddcf070f.defaultPlacement', '\"end\"'),
('sections.745244db-cd1b-4b14-ab0f-07d6ddcf070f.enableVersioning', 'true'),
('sections.745244db-cd1b-4b14-ab0f-07d6ddcf070f.handle', '\"home\"'),
('sections.745244db-cd1b-4b14-ab0f-07d6ddcf070f.name', '\"Home\"'),
('sections.745244db-cd1b-4b14-ab0f-07d6ddcf070f.previewTargets.0.__assoc__.0.0', '\"label\"'),
('sections.745244db-cd1b-4b14-ab0f-07d6ddcf070f.previewTargets.0.__assoc__.0.1', '\"Primary entry page\"'),
('sections.745244db-cd1b-4b14-ab0f-07d6ddcf070f.previewTargets.0.__assoc__.1.0', '\"urlFormat\"'),
('sections.745244db-cd1b-4b14-ab0f-07d6ddcf070f.previewTargets.0.__assoc__.1.1', '\"{url}\"'),
('sections.745244db-cd1b-4b14-ab0f-07d6ddcf070f.previewTargets.0.__assoc__.2.0', '\"refresh\"'),
('sections.745244db-cd1b-4b14-ab0f-07d6ddcf070f.previewTargets.0.__assoc__.2.1', '\"1\"'),
('sections.745244db-cd1b-4b14-ab0f-07d6ddcf070f.propagationMethod', '\"all\"'),
('sections.745244db-cd1b-4b14-ab0f-07d6ddcf070f.siteSettings.d0b81f54-9f0b-47ff-8b70-ede217a82e9d.enabledByDefault', 'true'),
('sections.745244db-cd1b-4b14-ab0f-07d6ddcf070f.siteSettings.d0b81f54-9f0b-47ff-8b70-ede217a82e9d.hasUrls', 'true'),
('sections.745244db-cd1b-4b14-ab0f-07d6ddcf070f.siteSettings.d0b81f54-9f0b-47ff-8b70-ede217a82e9d.template', '\"_pages/entry.twig\"'),
('sections.745244db-cd1b-4b14-ab0f-07d6ddcf070f.siteSettings.d0b81f54-9f0b-47ff-8b70-ede217a82e9d.uriFormat', '\"__home__\"'),
('sections.745244db-cd1b-4b14-ab0f-07d6ddcf070f.type', '\"single\"'),
('sections.af2f78ad-694f-4f2c-9c6f-a24a5297b71e.defaultPlacement', '\"end\"'),
('sections.af2f78ad-694f-4f2c-9c6f-a24a5297b71e.enableVersioning', 'true'),
('sections.af2f78ad-694f-4f2c-9c6f-a24a5297b71e.handle', '\"gutscheine\"'),
('sections.af2f78ad-694f-4f2c-9c6f-a24a5297b71e.name', '\"Gutscheine\"'),
('sections.af2f78ad-694f-4f2c-9c6f-a24a5297b71e.previewTargets.0.__assoc__.0.0', '\"label\"'),
('sections.af2f78ad-694f-4f2c-9c6f-a24a5297b71e.previewTargets.0.__assoc__.0.1', '\"Primre eintrag Seite\"'),
('sections.af2f78ad-694f-4f2c-9c6f-a24a5297b71e.previewTargets.0.__assoc__.1.0', '\"urlFormat\"'),
('sections.af2f78ad-694f-4f2c-9c6f-a24a5297b71e.previewTargets.0.__assoc__.1.1', '\"{url}\"'),
('sections.af2f78ad-694f-4f2c-9c6f-a24a5297b71e.previewTargets.0.__assoc__.2.0', '\"refresh\"'),
('sections.af2f78ad-694f-4f2c-9c6f-a24a5297b71e.previewTargets.0.__assoc__.2.1', '\"1\"'),
('sections.af2f78ad-694f-4f2c-9c6f-a24a5297b71e.propagationMethod', '\"all\"'),
('sections.af2f78ad-694f-4f2c-9c6f-a24a5297b71e.siteSettings.d0b81f54-9f0b-47ff-8b70-ede217a82e9d.enabledByDefault', 'true'),
('sections.af2f78ad-694f-4f2c-9c6f-a24a5297b71e.siteSettings.d0b81f54-9f0b-47ff-8b70-ede217a82e9d.hasUrls', 'true'),
('sections.af2f78ad-694f-4f2c-9c6f-a24a5297b71e.siteSettings.d0b81f54-9f0b-47ff-8b70-ede217a82e9d.template', '\"_pages/pages/gutscheine.twig\"'),
('sections.af2f78ad-694f-4f2c-9c6f-a24a5297b71e.siteSettings.d0b81f54-9f0b-47ff-8b70-ede217a82e9d.uriFormat', '\"gutscheine\"'),
('sections.af2f78ad-694f-4f2c-9c6f-a24a5297b71e.type', '\"single\"'),
('sections.bd67bf27-4250-46ec-86a0-f94172ca1cd8.defaultPlacement', '\"end\"'),
('sections.bd67bf27-4250-46ec-86a0-f94172ca1cd8.enableVersioning', 'true'),
('sections.bd67bf27-4250-46ec-86a0-f94172ca1cd8.handle', '\"AboutmePage\"'),
('sections.bd67bf27-4250-46ec-86a0-f94172ca1cd8.name', '\"Aboutme Page\"'),
('sections.bd67bf27-4250-46ec-86a0-f94172ca1cd8.previewTargets.0.__assoc__.0.0', '\"label\"'),
('sections.bd67bf27-4250-46ec-86a0-f94172ca1cd8.previewTargets.0.__assoc__.0.1', '\"Primre eintrag Seite\"'),
('sections.bd67bf27-4250-46ec-86a0-f94172ca1cd8.previewTargets.0.__assoc__.1.0', '\"urlFormat\"'),
('sections.bd67bf27-4250-46ec-86a0-f94172ca1cd8.previewTargets.0.__assoc__.1.1', '\"{url}\"'),
('sections.bd67bf27-4250-46ec-86a0-f94172ca1cd8.previewTargets.0.__assoc__.2.0', '\"refresh\"'),
('sections.bd67bf27-4250-46ec-86a0-f94172ca1cd8.previewTargets.0.__assoc__.2.1', '\"1\"'),
('sections.bd67bf27-4250-46ec-86a0-f94172ca1cd8.propagationMethod', '\"all\"'),
('sections.bd67bf27-4250-46ec-86a0-f94172ca1cd8.siteSettings.d0b81f54-9f0b-47ff-8b70-ede217a82e9d.enabledByDefault', 'true'),
('sections.bd67bf27-4250-46ec-86a0-f94172ca1cd8.siteSettings.d0b81f54-9f0b-47ff-8b70-ede217a82e9d.hasUrls', 'true'),
('sections.bd67bf27-4250-46ec-86a0-f94172ca1cd8.siteSettings.d0b81f54-9f0b-47ff-8b70-ede217a82e9d.template', '\"_pages/pages/aboutme.twig\"'),
('sections.bd67bf27-4250-46ec-86a0-f94172ca1cd8.siteSettings.d0b81f54-9f0b-47ff-8b70-ede217a82e9d.uriFormat', '\"ueber-mich\"'),
('sections.bd67bf27-4250-46ec-86a0-f94172ca1cd8.type', '\"single\"'),
('sections.e9673d58-ed0a-4be7-bb0f-0f4654358814.defaultPlacement', '\"end\"'),
('sections.e9673d58-ed0a-4be7-bb0f-0f4654358814.enableVersioning', 'true'),
('sections.e9673d58-ed0a-4be7-bb0f-0f4654358814.handle', '\"kontakt\"'),
('sections.e9673d58-ed0a-4be7-bb0f-0f4654358814.name', '\"Kontakt\"'),
('sections.e9673d58-ed0a-4be7-bb0f-0f4654358814.previewTargets.0.__assoc__.0.0', '\"label\"'),
('sections.e9673d58-ed0a-4be7-bb0f-0f4654358814.previewTargets.0.__assoc__.0.1', '\"Primre eintrag Seite\"'),
('sections.e9673d58-ed0a-4be7-bb0f-0f4654358814.previewTargets.0.__assoc__.1.0', '\"urlFormat\"'),
('sections.e9673d58-ed0a-4be7-bb0f-0f4654358814.previewTargets.0.__assoc__.1.1', '\"{url}\"'),
('sections.e9673d58-ed0a-4be7-bb0f-0f4654358814.previewTargets.0.__assoc__.2.0', '\"refresh\"'),
('sections.e9673d58-ed0a-4be7-bb0f-0f4654358814.previewTargets.0.__assoc__.2.1', '\"1\"'),
('sections.e9673d58-ed0a-4be7-bb0f-0f4654358814.propagationMethod', '\"all\"'),
('sections.e9673d58-ed0a-4be7-bb0f-0f4654358814.siteSettings.d0b81f54-9f0b-47ff-8b70-ede217a82e9d.enabledByDefault', 'true'),
('sections.e9673d58-ed0a-4be7-bb0f-0f4654358814.siteSettings.d0b81f54-9f0b-47ff-8b70-ede217a82e9d.hasUrls', 'true'),
('sections.e9673d58-ed0a-4be7-bb0f-0f4654358814.siteSettings.d0b81f54-9f0b-47ff-8b70-ede217a82e9d.template', '\"_pages/pages/contact.twig\"'),
('sections.e9673d58-ed0a-4be7-bb0f-0f4654358814.siteSettings.d0b81f54-9f0b-47ff-8b70-ede217a82e9d.uriFormat', '\"kontaktiere-mich\"'),
('sections.e9673d58-ed0a-4be7-bb0f-0f4654358814.type', '\"single\"'),
('sections.f237f023-4145-4676-8d9f-09615487f06e.defaultPlacement', '\"end\"'),
('sections.f237f023-4145-4676-8d9f-09615487f06e.enableVersioning', 'true'),
('sections.f237f023-4145-4676-8d9f-09615487f06e.handle', '\"impressum\"'),
('sections.f237f023-4145-4676-8d9f-09615487f06e.name', '\"Impressum\"'),
('sections.f237f023-4145-4676-8d9f-09615487f06e.previewTargets.0.__assoc__.0.0', '\"label\"'),
('sections.f237f023-4145-4676-8d9f-09615487f06e.previewTargets.0.__assoc__.0.1', '\"Primre eintrag Seite\"'),
('sections.f237f023-4145-4676-8d9f-09615487f06e.previewTargets.0.__assoc__.1.0', '\"urlFormat\"'),
('sections.f237f023-4145-4676-8d9f-09615487f06e.previewTargets.0.__assoc__.1.1', '\"{url}\"'),
('sections.f237f023-4145-4676-8d9f-09615487f06e.previewTargets.0.__assoc__.2.0', '\"refresh\"'),
('sections.f237f023-4145-4676-8d9f-09615487f06e.previewTargets.0.__assoc__.2.1', '\"1\"'),
('sections.f237f023-4145-4676-8d9f-09615487f06e.propagationMethod', '\"all\"'),
('sections.f237f023-4145-4676-8d9f-09615487f06e.siteSettings.d0b81f54-9f0b-47ff-8b70-ede217a82e9d.enabledByDefault', 'true'),
('sections.f237f023-4145-4676-8d9f-09615487f06e.siteSettings.d0b81f54-9f0b-47ff-8b70-ede217a82e9d.hasUrls', 'true'),
('sections.f237f023-4145-4676-8d9f-09615487f06e.siteSettings.d0b81f54-9f0b-47ff-8b70-ede217a82e9d.template', '\"_pages/pages/rechtstexte/impressum.twig\"'),
('sections.f237f023-4145-4676-8d9f-09615487f06e.siteSettings.d0b81f54-9f0b-47ff-8b70-ede217a82e9d.uriFormat', '\"impressum\"'),
('sections.f237f023-4145-4676-8d9f-09615487f06e.type', '\"single\"'),
('siteGroups.2c9430af-5272-4806-a33f-9364d065ac83.name', '\"Default\"'),
('sites.d0b81f54-9f0b-47ff-8b70-ede217a82e9d.baseUrl', '\"$PRIMARY_SITE_URL\"'),
('sites.d0b81f54-9f0b-47ff-8b70-ede217a82e9d.enabled', 'true'),
('sites.d0b81f54-9f0b-47ff-8b70-ede217a82e9d.handle', '\"default\"'),
('sites.d0b81f54-9f0b-47ff-8b70-ede217a82e9d.hasUrls', 'true'),
('sites.d0b81f54-9f0b-47ff-8b70-ede217a82e9d.language', '\"de-DE\"'),
('sites.d0b81f54-9f0b-47ff-8b70-ede217a82e9d.name', '\"voi-entspannt\"'),
('sites.d0b81f54-9f0b-47ff-8b70-ede217a82e9d.primary', 'true'),
('sites.d0b81f54-9f0b-47ff-8b70-ede217a82e9d.siteGroup', '\"2c9430af-5272-4806-a33f-9364d065ac83\"'),
('sites.d0b81f54-9f0b-47ff-8b70-ede217a82e9d.sortOrder', '1'),
('system.edition', '\"pro\"'),
('system.live', 'true'),
('system.name', '\"$SITE_NAME\"'),
('system.retryDuration', 'null'),
('system.schemaVersion', '\"3.7.8\"'),
('system.timeZone', '\"Europe/Vienna\"'),
('users.allowPublicRegistration', 'false'),
('users.defaultGroup', 'null'),
('users.groups.5502ecc3-271c-47e8-99ff-d06fe1a603a2.description', '\"\"'),
('users.groups.5502ecc3-271c-47e8-99ff-d06fe1a603a2.handle', '\"editors\"'),
('users.groups.5502ecc3-271c-47e8-99ff-d06fe1a603a2.name', '\"Editors\"'),
('users.groups.5502ecc3-271c-47e8-99ff-d06fe1a603a2.permissions.0', '\"accesscp\"'),
('users.groups.5502ecc3-271c-47e8-99ff-d06fe1a603a2.permissions.1', '\"createentries:a94c302a-1da9-4e98-96b1-36d23ce0235b\"'),
('users.groups.5502ecc3-271c-47e8-99ff-d06fe1a603a2.permissions.10', '\"deletefilesandfoldersinvolume:c5b55746-9b95-40a4-9e04-178618e02cff\"'),
('users.groups.5502ecc3-271c-47e8-99ff-d06fe1a603a2.permissions.11', '\"deletepeerentries:a94c302a-1da9-4e98-96b1-36d23ce0235b\"'),
('users.groups.5502ecc3-271c-47e8-99ff-d06fe1a603a2.permissions.12', '\"deletepeerentries:cc6d2bf8-1e58-42b4-a6fd-530931643cc5\"'),
('users.groups.5502ecc3-271c-47e8-99ff-d06fe1a603a2.permissions.13', '\"deletepeerentries:dffb8692-e75f-4079-b9b6-00ffb0d73d37\"'),
('users.groups.5502ecc3-271c-47e8-99ff-d06fe1a603a2.permissions.14', '\"deletepeerentrydrafts:745244db-cd1b-4b14-ab0f-07d6ddcf070f\"'),
('users.groups.5502ecc3-271c-47e8-99ff-d06fe1a603a2.permissions.15', '\"deletepeerentrydrafts:a94c302a-1da9-4e98-96b1-36d23ce0235b\"'),
('users.groups.5502ecc3-271c-47e8-99ff-d06fe1a603a2.permissions.16', '\"deletepeerentrydrafts:cc6d2bf8-1e58-42b4-a6fd-530931643cc5\"'),
('users.groups.5502ecc3-271c-47e8-99ff-d06fe1a603a2.permissions.17', '\"deletepeerentrydrafts:dffb8692-e75f-4079-b9b6-00ffb0d73d37\"'),
('users.groups.5502ecc3-271c-47e8-99ff-d06fe1a603a2.permissions.18', '\"deletepeerfilesinvolume:5cce6b80-a35c-4207-82e0-3940c9091376\"'),
('users.groups.5502ecc3-271c-47e8-99ff-d06fe1a603a2.permissions.19', '\"deletepeerfilesinvolume:c5b55746-9b95-40a4-9e04-178618e02cff\"'),
('users.groups.5502ecc3-271c-47e8-99ff-d06fe1a603a2.permissions.2', '\"createentries:cc6d2bf8-1e58-42b4-a6fd-530931643cc5\"'),
('users.groups.5502ecc3-271c-47e8-99ff-d06fe1a603a2.permissions.20', '\"editentries:1854f3be-cac9-430d-bde8-9093b969668c\"'),
('users.groups.5502ecc3-271c-47e8-99ff-d06fe1a603a2.permissions.21', '\"editentries:745244db-cd1b-4b14-ab0f-07d6ddcf070f\"'),
('users.groups.5502ecc3-271c-47e8-99ff-d06fe1a603a2.permissions.22', '\"editentries:a94c302a-1da9-4e98-96b1-36d23ce0235b\"'),
('users.groups.5502ecc3-271c-47e8-99ff-d06fe1a603a2.permissions.23', '\"editentries:cc6d2bf8-1e58-42b4-a6fd-530931643cc5\"'),
('users.groups.5502ecc3-271c-47e8-99ff-d06fe1a603a2.permissions.24', '\"editentries:dffb8692-e75f-4079-b9b6-00ffb0d73d37\"'),
('users.groups.5502ecc3-271c-47e8-99ff-d06fe1a603a2.permissions.25', '\"editimagesinvolume:5cce6b80-a35c-4207-82e0-3940c9091376\"'),
('users.groups.5502ecc3-271c-47e8-99ff-d06fe1a603a2.permissions.26', '\"editimagesinvolume:c5b55746-9b95-40a4-9e04-178618e02cff\"'),
('users.groups.5502ecc3-271c-47e8-99ff-d06fe1a603a2.permissions.27', '\"editpeerentries:1854f3be-cac9-430d-bde8-9093b969668c\"'),
('users.groups.5502ecc3-271c-47e8-99ff-d06fe1a603a2.permissions.28', '\"editpeerentries:a94c302a-1da9-4e98-96b1-36d23ce0235b\"'),
('users.groups.5502ecc3-271c-47e8-99ff-d06fe1a603a2.permissions.29', '\"editpeerentries:cc6d2bf8-1e58-42b4-a6fd-530931643cc5\"'),
('users.groups.5502ecc3-271c-47e8-99ff-d06fe1a603a2.permissions.3', '\"createentries:dffb8692-e75f-4079-b9b6-00ffb0d73d37\"'),
('users.groups.5502ecc3-271c-47e8-99ff-d06fe1a603a2.permissions.30', '\"editpeerentries:dffb8692-e75f-4079-b9b6-00ffb0d73d37\"'),
('users.groups.5502ecc3-271c-47e8-99ff-d06fe1a603a2.permissions.31', '\"editpeerentrydrafts:1854f3be-cac9-430d-bde8-9093b969668c\"'),
('users.groups.5502ecc3-271c-47e8-99ff-d06fe1a603a2.permissions.32', '\"editpeerentrydrafts:745244db-cd1b-4b14-ab0f-07d6ddcf070f\"'),
('users.groups.5502ecc3-271c-47e8-99ff-d06fe1a603a2.permissions.33', '\"editpeerentrydrafts:a94c302a-1da9-4e98-96b1-36d23ce0235b\"'),
('users.groups.5502ecc3-271c-47e8-99ff-d06fe1a603a2.permissions.34', '\"editpeerentrydrafts:cc6d2bf8-1e58-42b4-a6fd-530931643cc5\"'),
('users.groups.5502ecc3-271c-47e8-99ff-d06fe1a603a2.permissions.35', '\"editpeerentrydrafts:dffb8692-e75f-4079-b9b6-00ffb0d73d37\"'),
('users.groups.5502ecc3-271c-47e8-99ff-d06fe1a603a2.permissions.36', '\"editpeerfilesinvolume:5cce6b80-a35c-4207-82e0-3940c9091376\"'),
('users.groups.5502ecc3-271c-47e8-99ff-d06fe1a603a2.permissions.37', '\"editpeerfilesinvolume:c5b55746-9b95-40a4-9e04-178618e02cff\"'),
('users.groups.5502ecc3-271c-47e8-99ff-d06fe1a603a2.permissions.38', '\"editpeerimagesinvolume:5cce6b80-a35c-4207-82e0-3940c9091376\"'),
('users.groups.5502ecc3-271c-47e8-99ff-d06fe1a603a2.permissions.39', '\"editpeerimagesinvolume:c5b55746-9b95-40a4-9e04-178618e02cff\"');

INSERT INTO `projectconfig` (`path`, `value`) VALUES
('users.groups.5502ecc3-271c-47e8-99ff-d06fe1a603a2.permissions.4', '\"createfoldersinvolume:5cce6b80-a35c-4207-82e0-3940c9091376\"'),
('users.groups.5502ecc3-271c-47e8-99ff-d06fe1a603a2.permissions.40', '\"publishentries:1854f3be-cac9-430d-bde8-9093b969668c\"'),
('users.groups.5502ecc3-271c-47e8-99ff-d06fe1a603a2.permissions.41', '\"publishentries:745244db-cd1b-4b14-ab0f-07d6ddcf070f\"'),
('users.groups.5502ecc3-271c-47e8-99ff-d06fe1a603a2.permissions.42', '\"publishentries:a94c302a-1da9-4e98-96b1-36d23ce0235b\"'),
('users.groups.5502ecc3-271c-47e8-99ff-d06fe1a603a2.permissions.43', '\"publishentries:cc6d2bf8-1e58-42b4-a6fd-530931643cc5\"'),
('users.groups.5502ecc3-271c-47e8-99ff-d06fe1a603a2.permissions.44', '\"publishentries:dffb8692-e75f-4079-b9b6-00ffb0d73d37\"'),
('users.groups.5502ecc3-271c-47e8-99ff-d06fe1a603a2.permissions.45', '\"publishpeerentries:1854f3be-cac9-430d-bde8-9093b969668c\"'),
('users.groups.5502ecc3-271c-47e8-99ff-d06fe1a603a2.permissions.46', '\"publishpeerentries:a94c302a-1da9-4e98-96b1-36d23ce0235b\"'),
('users.groups.5502ecc3-271c-47e8-99ff-d06fe1a603a2.permissions.47', '\"publishpeerentries:cc6d2bf8-1e58-42b4-a6fd-530931643cc5\"'),
('users.groups.5502ecc3-271c-47e8-99ff-d06fe1a603a2.permissions.48', '\"publishpeerentries:dffb8692-e75f-4079-b9b6-00ffb0d73d37\"'),
('users.groups.5502ecc3-271c-47e8-99ff-d06fe1a603a2.permissions.49', '\"publishpeerentrydrafts:1854f3be-cac9-430d-bde8-9093b969668c\"'),
('users.groups.5502ecc3-271c-47e8-99ff-d06fe1a603a2.permissions.5', '\"createfoldersinvolume:c5b55746-9b95-40a4-9e04-178618e02cff\"'),
('users.groups.5502ecc3-271c-47e8-99ff-d06fe1a603a2.permissions.50', '\"publishpeerentrydrafts:745244db-cd1b-4b14-ab0f-07d6ddcf070f\"'),
('users.groups.5502ecc3-271c-47e8-99ff-d06fe1a603a2.permissions.51', '\"publishpeerentrydrafts:a94c302a-1da9-4e98-96b1-36d23ce0235b\"'),
('users.groups.5502ecc3-271c-47e8-99ff-d06fe1a603a2.permissions.52', '\"publishpeerentrydrafts:cc6d2bf8-1e58-42b4-a6fd-530931643cc5\"'),
('users.groups.5502ecc3-271c-47e8-99ff-d06fe1a603a2.permissions.53', '\"publishpeerentrydrafts:dffb8692-e75f-4079-b9b6-00ffb0d73d37\"'),
('users.groups.5502ecc3-271c-47e8-99ff-d06fe1a603a2.permissions.54', '\"replacefilesinvolume:5cce6b80-a35c-4207-82e0-3940c9091376\"'),
('users.groups.5502ecc3-271c-47e8-99ff-d06fe1a603a2.permissions.55', '\"replacefilesinvolume:c5b55746-9b95-40a4-9e04-178618e02cff\"'),
('users.groups.5502ecc3-271c-47e8-99ff-d06fe1a603a2.permissions.56', '\"replacepeerfilesinvolume:5cce6b80-a35c-4207-82e0-3940c9091376\"'),
('users.groups.5502ecc3-271c-47e8-99ff-d06fe1a603a2.permissions.57', '\"replacepeerfilesinvolume:c5b55746-9b95-40a4-9e04-178618e02cff\"'),
('users.groups.5502ecc3-271c-47e8-99ff-d06fe1a603a2.permissions.58', '\"saveassetinvolume:5cce6b80-a35c-4207-82e0-3940c9091376\"'),
('users.groups.5502ecc3-271c-47e8-99ff-d06fe1a603a2.permissions.59', '\"saveassetinvolume:c5b55746-9b95-40a4-9e04-178618e02cff\"'),
('users.groups.5502ecc3-271c-47e8-99ff-d06fe1a603a2.permissions.6', '\"deleteentries:a94c302a-1da9-4e98-96b1-36d23ce0235b\"'),
('users.groups.5502ecc3-271c-47e8-99ff-d06fe1a603a2.permissions.60', '\"viewpeerfilesinvolume:5cce6b80-a35c-4207-82e0-3940c9091376\"'),
('users.groups.5502ecc3-271c-47e8-99ff-d06fe1a603a2.permissions.61', '\"viewpeerfilesinvolume:c5b55746-9b95-40a4-9e04-178618e02cff\"'),
('users.groups.5502ecc3-271c-47e8-99ff-d06fe1a603a2.permissions.62', '\"viewvolume:5cce6b80-a35c-4207-82e0-3940c9091376\"'),
('users.groups.5502ecc3-271c-47e8-99ff-d06fe1a603a2.permissions.63', '\"viewvolume:c5b55746-9b95-40a4-9e04-178618e02cff\"'),
('users.groups.5502ecc3-271c-47e8-99ff-d06fe1a603a2.permissions.7', '\"deleteentries:cc6d2bf8-1e58-42b4-a6fd-530931643cc5\"'),
('users.groups.5502ecc3-271c-47e8-99ff-d06fe1a603a2.permissions.8', '\"deleteentries:dffb8692-e75f-4079-b9b6-00ffb0d73d37\"'),
('users.groups.5502ecc3-271c-47e8-99ff-d06fe1a603a2.permissions.9', '\"deletefilesandfoldersinvolume:5cce6b80-a35c-4207-82e0-3940c9091376\"'),
('users.photoSubpath', 'null'),
('users.photoVolumeUid', 'null'),
('users.requireEmailVerification', 'true'),
('volumes.5cce6b80-a35c-4207-82e0-3940c9091376.fieldLayouts.f69faf1a-4a8d-42c3-8d90-4a88169e5001.tabs.0.elements.0.autocapitalize', 'true'),
('volumes.5cce6b80-a35c-4207-82e0-3940c9091376.fieldLayouts.f69faf1a-4a8d-42c3-8d90-4a88169e5001.tabs.0.elements.0.autocomplete', 'false'),
('volumes.5cce6b80-a35c-4207-82e0-3940c9091376.fieldLayouts.f69faf1a-4a8d-42c3-8d90-4a88169e5001.tabs.0.elements.0.autocorrect', 'true'),
('volumes.5cce6b80-a35c-4207-82e0-3940c9091376.fieldLayouts.f69faf1a-4a8d-42c3-8d90-4a88169e5001.tabs.0.elements.0.class', 'null'),
('volumes.5cce6b80-a35c-4207-82e0-3940c9091376.fieldLayouts.f69faf1a-4a8d-42c3-8d90-4a88169e5001.tabs.0.elements.0.disabled', 'false'),
('volumes.5cce6b80-a35c-4207-82e0-3940c9091376.fieldLayouts.f69faf1a-4a8d-42c3-8d90-4a88169e5001.tabs.0.elements.0.id', 'null'),
('volumes.5cce6b80-a35c-4207-82e0-3940c9091376.fieldLayouts.f69faf1a-4a8d-42c3-8d90-4a88169e5001.tabs.0.elements.0.instructions', 'null'),
('volumes.5cce6b80-a35c-4207-82e0-3940c9091376.fieldLayouts.f69faf1a-4a8d-42c3-8d90-4a88169e5001.tabs.0.elements.0.label', 'null'),
('volumes.5cce6b80-a35c-4207-82e0-3940c9091376.fieldLayouts.f69faf1a-4a8d-42c3-8d90-4a88169e5001.tabs.0.elements.0.max', 'null'),
('volumes.5cce6b80-a35c-4207-82e0-3940c9091376.fieldLayouts.f69faf1a-4a8d-42c3-8d90-4a88169e5001.tabs.0.elements.0.min', 'null'),
('volumes.5cce6b80-a35c-4207-82e0-3940c9091376.fieldLayouts.f69faf1a-4a8d-42c3-8d90-4a88169e5001.tabs.0.elements.0.name', 'null'),
('volumes.5cce6b80-a35c-4207-82e0-3940c9091376.fieldLayouts.f69faf1a-4a8d-42c3-8d90-4a88169e5001.tabs.0.elements.0.orientation', 'null'),
('volumes.5cce6b80-a35c-4207-82e0-3940c9091376.fieldLayouts.f69faf1a-4a8d-42c3-8d90-4a88169e5001.tabs.0.elements.0.placeholder', 'null'),
('volumes.5cce6b80-a35c-4207-82e0-3940c9091376.fieldLayouts.f69faf1a-4a8d-42c3-8d90-4a88169e5001.tabs.0.elements.0.readonly', 'false'),
('volumes.5cce6b80-a35c-4207-82e0-3940c9091376.fieldLayouts.f69faf1a-4a8d-42c3-8d90-4a88169e5001.tabs.0.elements.0.requirable', 'false'),
('volumes.5cce6b80-a35c-4207-82e0-3940c9091376.fieldLayouts.f69faf1a-4a8d-42c3-8d90-4a88169e5001.tabs.0.elements.0.size', 'null'),
('volumes.5cce6b80-a35c-4207-82e0-3940c9091376.fieldLayouts.f69faf1a-4a8d-42c3-8d90-4a88169e5001.tabs.0.elements.0.step', 'null'),
('volumes.5cce6b80-a35c-4207-82e0-3940c9091376.fieldLayouts.f69faf1a-4a8d-42c3-8d90-4a88169e5001.tabs.0.elements.0.tip', 'null'),
('volumes.5cce6b80-a35c-4207-82e0-3940c9091376.fieldLayouts.f69faf1a-4a8d-42c3-8d90-4a88169e5001.tabs.0.elements.0.title', 'null'),
('volumes.5cce6b80-a35c-4207-82e0-3940c9091376.fieldLayouts.f69faf1a-4a8d-42c3-8d90-4a88169e5001.tabs.0.elements.0.type', '\"craft\\\\fieldlayoutelements\\\\AssetTitleField\"'),
('volumes.5cce6b80-a35c-4207-82e0-3940c9091376.fieldLayouts.f69faf1a-4a8d-42c3-8d90-4a88169e5001.tabs.0.elements.0.warning', 'null'),
('volumes.5cce6b80-a35c-4207-82e0-3940c9091376.fieldLayouts.f69faf1a-4a8d-42c3-8d90-4a88169e5001.tabs.0.elements.0.width', '100'),
('volumes.5cce6b80-a35c-4207-82e0-3940c9091376.fieldLayouts.f69faf1a-4a8d-42c3-8d90-4a88169e5001.tabs.0.elements.1.fieldUid', '\"7cf93427-349c-4537-91e1-0a36f24c20fe\"'),
('volumes.5cce6b80-a35c-4207-82e0-3940c9091376.fieldLayouts.f69faf1a-4a8d-42c3-8d90-4a88169e5001.tabs.0.elements.1.instructions', 'null'),
('volumes.5cce6b80-a35c-4207-82e0-3940c9091376.fieldLayouts.f69faf1a-4a8d-42c3-8d90-4a88169e5001.tabs.0.elements.1.label', 'null'),
('volumes.5cce6b80-a35c-4207-82e0-3940c9091376.fieldLayouts.f69faf1a-4a8d-42c3-8d90-4a88169e5001.tabs.0.elements.1.required', 'false'),
('volumes.5cce6b80-a35c-4207-82e0-3940c9091376.fieldLayouts.f69faf1a-4a8d-42c3-8d90-4a88169e5001.tabs.0.elements.1.tip', 'null'),
('volumes.5cce6b80-a35c-4207-82e0-3940c9091376.fieldLayouts.f69faf1a-4a8d-42c3-8d90-4a88169e5001.tabs.0.elements.1.type', '\"craft\\\\fieldlayoutelements\\\\CustomField\"'),
('volumes.5cce6b80-a35c-4207-82e0-3940c9091376.fieldLayouts.f69faf1a-4a8d-42c3-8d90-4a88169e5001.tabs.0.elements.1.warning', 'null'),
('volumes.5cce6b80-a35c-4207-82e0-3940c9091376.fieldLayouts.f69faf1a-4a8d-42c3-8d90-4a88169e5001.tabs.0.elements.1.width', '100'),
('volumes.5cce6b80-a35c-4207-82e0-3940c9091376.fieldLayouts.f69faf1a-4a8d-42c3-8d90-4a88169e5001.tabs.0.elements.2.fieldUid', '\"1a6fb051-ad40-4976-811b-de8f4ae5d694\"'),
('volumes.5cce6b80-a35c-4207-82e0-3940c9091376.fieldLayouts.f69faf1a-4a8d-42c3-8d90-4a88169e5001.tabs.0.elements.2.instructions', 'null'),
('volumes.5cce6b80-a35c-4207-82e0-3940c9091376.fieldLayouts.f69faf1a-4a8d-42c3-8d90-4a88169e5001.tabs.0.elements.2.label', 'null'),
('volumes.5cce6b80-a35c-4207-82e0-3940c9091376.fieldLayouts.f69faf1a-4a8d-42c3-8d90-4a88169e5001.tabs.0.elements.2.required', 'false'),
('volumes.5cce6b80-a35c-4207-82e0-3940c9091376.fieldLayouts.f69faf1a-4a8d-42c3-8d90-4a88169e5001.tabs.0.elements.2.tip', 'null'),
('volumes.5cce6b80-a35c-4207-82e0-3940c9091376.fieldLayouts.f69faf1a-4a8d-42c3-8d90-4a88169e5001.tabs.0.elements.2.type', '\"craft\\\\fieldlayoutelements\\\\CustomField\"'),
('volumes.5cce6b80-a35c-4207-82e0-3940c9091376.fieldLayouts.f69faf1a-4a8d-42c3-8d90-4a88169e5001.tabs.0.elements.2.warning', 'null'),
('volumes.5cce6b80-a35c-4207-82e0-3940c9091376.fieldLayouts.f69faf1a-4a8d-42c3-8d90-4a88169e5001.tabs.0.elements.2.width', '100'),
('volumes.5cce6b80-a35c-4207-82e0-3940c9091376.fieldLayouts.f69faf1a-4a8d-42c3-8d90-4a88169e5001.tabs.0.name', '\"Content\"'),
('volumes.5cce6b80-a35c-4207-82e0-3940c9091376.fieldLayouts.f69faf1a-4a8d-42c3-8d90-4a88169e5001.tabs.0.sortOrder', '1'),
('volumes.5cce6b80-a35c-4207-82e0-3940c9091376.handle', '\"images\"'),
('volumes.5cce6b80-a35c-4207-82e0-3940c9091376.hasUrls', 'true'),
('volumes.5cce6b80-a35c-4207-82e0-3940c9091376.name', '\"Images\"'),
('volumes.5cce6b80-a35c-4207-82e0-3940c9091376.settings.path', '\"@webroot/assets/images\"'),
('volumes.5cce6b80-a35c-4207-82e0-3940c9091376.sortOrder', '1'),
('volumes.5cce6b80-a35c-4207-82e0-3940c9091376.titleTranslationKeyFormat', 'null'),
('volumes.5cce6b80-a35c-4207-82e0-3940c9091376.titleTranslationMethod', '\"site\"'),
('volumes.5cce6b80-a35c-4207-82e0-3940c9091376.type', '\"craft\\\\volumes\\\\Local\"'),
('volumes.5cce6b80-a35c-4207-82e0-3940c9091376.url', '\"@web/assets/images\"'),
('volumes.8352538e-0d17-48be-bf6d-c03a439cb40a.fieldLayouts.5acf4152-cc48-47d5-b4ec-56e129cd2994.tabs.0.elements.0.autocapitalize', 'true'),
('volumes.8352538e-0d17-48be-bf6d-c03a439cb40a.fieldLayouts.5acf4152-cc48-47d5-b4ec-56e129cd2994.tabs.0.elements.0.autocomplete', 'false'),
('volumes.8352538e-0d17-48be-bf6d-c03a439cb40a.fieldLayouts.5acf4152-cc48-47d5-b4ec-56e129cd2994.tabs.0.elements.0.autocorrect', 'true'),
('volumes.8352538e-0d17-48be-bf6d-c03a439cb40a.fieldLayouts.5acf4152-cc48-47d5-b4ec-56e129cd2994.tabs.0.elements.0.class', 'null'),
('volumes.8352538e-0d17-48be-bf6d-c03a439cb40a.fieldLayouts.5acf4152-cc48-47d5-b4ec-56e129cd2994.tabs.0.elements.0.disabled', 'false'),
('volumes.8352538e-0d17-48be-bf6d-c03a439cb40a.fieldLayouts.5acf4152-cc48-47d5-b4ec-56e129cd2994.tabs.0.elements.0.id', 'null'),
('volumes.8352538e-0d17-48be-bf6d-c03a439cb40a.fieldLayouts.5acf4152-cc48-47d5-b4ec-56e129cd2994.tabs.0.elements.0.instructions', 'null'),
('volumes.8352538e-0d17-48be-bf6d-c03a439cb40a.fieldLayouts.5acf4152-cc48-47d5-b4ec-56e129cd2994.tabs.0.elements.0.label', 'null'),
('volumes.8352538e-0d17-48be-bf6d-c03a439cb40a.fieldLayouts.5acf4152-cc48-47d5-b4ec-56e129cd2994.tabs.0.elements.0.max', 'null'),
('volumes.8352538e-0d17-48be-bf6d-c03a439cb40a.fieldLayouts.5acf4152-cc48-47d5-b4ec-56e129cd2994.tabs.0.elements.0.min', 'null'),
('volumes.8352538e-0d17-48be-bf6d-c03a439cb40a.fieldLayouts.5acf4152-cc48-47d5-b4ec-56e129cd2994.tabs.0.elements.0.name', 'null'),
('volumes.8352538e-0d17-48be-bf6d-c03a439cb40a.fieldLayouts.5acf4152-cc48-47d5-b4ec-56e129cd2994.tabs.0.elements.0.orientation', 'null'),
('volumes.8352538e-0d17-48be-bf6d-c03a439cb40a.fieldLayouts.5acf4152-cc48-47d5-b4ec-56e129cd2994.tabs.0.elements.0.placeholder', 'null'),
('volumes.8352538e-0d17-48be-bf6d-c03a439cb40a.fieldLayouts.5acf4152-cc48-47d5-b4ec-56e129cd2994.tabs.0.elements.0.readonly', 'false'),
('volumes.8352538e-0d17-48be-bf6d-c03a439cb40a.fieldLayouts.5acf4152-cc48-47d5-b4ec-56e129cd2994.tabs.0.elements.0.requirable', 'false'),
('volumes.8352538e-0d17-48be-bf6d-c03a439cb40a.fieldLayouts.5acf4152-cc48-47d5-b4ec-56e129cd2994.tabs.0.elements.0.size', 'null'),
('volumes.8352538e-0d17-48be-bf6d-c03a439cb40a.fieldLayouts.5acf4152-cc48-47d5-b4ec-56e129cd2994.tabs.0.elements.0.step', 'null'),
('volumes.8352538e-0d17-48be-bf6d-c03a439cb40a.fieldLayouts.5acf4152-cc48-47d5-b4ec-56e129cd2994.tabs.0.elements.0.tip', 'null'),
('volumes.8352538e-0d17-48be-bf6d-c03a439cb40a.fieldLayouts.5acf4152-cc48-47d5-b4ec-56e129cd2994.tabs.0.elements.0.title', 'null'),
('volumes.8352538e-0d17-48be-bf6d-c03a439cb40a.fieldLayouts.5acf4152-cc48-47d5-b4ec-56e129cd2994.tabs.0.elements.0.type', '\"craft\\\\fieldlayoutelements\\\\AssetTitleField\"'),
('volumes.8352538e-0d17-48be-bf6d-c03a439cb40a.fieldLayouts.5acf4152-cc48-47d5-b4ec-56e129cd2994.tabs.0.elements.0.warning', 'null'),
('volumes.8352538e-0d17-48be-bf6d-c03a439cb40a.fieldLayouts.5acf4152-cc48-47d5-b4ec-56e129cd2994.tabs.0.elements.0.width', '100'),
('volumes.8352538e-0d17-48be-bf6d-c03a439cb40a.fieldLayouts.5acf4152-cc48-47d5-b4ec-56e129cd2994.tabs.0.name', '\"Content\"'),
('volumes.8352538e-0d17-48be-bf6d-c03a439cb40a.fieldLayouts.5acf4152-cc48-47d5-b4ec-56e129cd2994.tabs.0.sortOrder', '1'),
('volumes.8352538e-0d17-48be-bf6d-c03a439cb40a.handle', '\"templateImages\"'),
('volumes.8352538e-0d17-48be-bf6d-c03a439cb40a.hasUrls', 'true'),
('volumes.8352538e-0d17-48be-bf6d-c03a439cb40a.name', '\"Template Images\"'),
('volumes.8352538e-0d17-48be-bf6d-c03a439cb40a.settings.path', '\"@webroot/assets/templateImages\"'),
('volumes.8352538e-0d17-48be-bf6d-c03a439cb40a.sortOrder', '2'),
('volumes.8352538e-0d17-48be-bf6d-c03a439cb40a.titleTranslationKeyFormat', 'null'),
('volumes.8352538e-0d17-48be-bf6d-c03a439cb40a.titleTranslationMethod', '\"site\"'),
('volumes.8352538e-0d17-48be-bf6d-c03a439cb40a.type', '\"craft\\\\volumes\\\\Local\"'),
('volumes.8352538e-0d17-48be-bf6d-c03a439cb40a.url', '\"@web/assets/templateImages\"'),
('volumes.c5b55746-9b95-40a4-9e04-178618e02cff.fieldLayouts.b6d794da-b613-4e05-8fae-6fb46137865a.tabs.0.elements.0.autocapitalize', 'true'),
('volumes.c5b55746-9b95-40a4-9e04-178618e02cff.fieldLayouts.b6d794da-b613-4e05-8fae-6fb46137865a.tabs.0.elements.0.autocomplete', 'false'),
('volumes.c5b55746-9b95-40a4-9e04-178618e02cff.fieldLayouts.b6d794da-b613-4e05-8fae-6fb46137865a.tabs.0.elements.0.autocorrect', 'true'),
('volumes.c5b55746-9b95-40a4-9e04-178618e02cff.fieldLayouts.b6d794da-b613-4e05-8fae-6fb46137865a.tabs.0.elements.0.class', 'null'),
('volumes.c5b55746-9b95-40a4-9e04-178618e02cff.fieldLayouts.b6d794da-b613-4e05-8fae-6fb46137865a.tabs.0.elements.0.disabled', 'false'),
('volumes.c5b55746-9b95-40a4-9e04-178618e02cff.fieldLayouts.b6d794da-b613-4e05-8fae-6fb46137865a.tabs.0.elements.0.id', 'null'),
('volumes.c5b55746-9b95-40a4-9e04-178618e02cff.fieldLayouts.b6d794da-b613-4e05-8fae-6fb46137865a.tabs.0.elements.0.instructions', 'null'),
('volumes.c5b55746-9b95-40a4-9e04-178618e02cff.fieldLayouts.b6d794da-b613-4e05-8fae-6fb46137865a.tabs.0.elements.0.label', 'null'),
('volumes.c5b55746-9b95-40a4-9e04-178618e02cff.fieldLayouts.b6d794da-b613-4e05-8fae-6fb46137865a.tabs.0.elements.0.max', 'null'),
('volumes.c5b55746-9b95-40a4-9e04-178618e02cff.fieldLayouts.b6d794da-b613-4e05-8fae-6fb46137865a.tabs.0.elements.0.min', 'null'),
('volumes.c5b55746-9b95-40a4-9e04-178618e02cff.fieldLayouts.b6d794da-b613-4e05-8fae-6fb46137865a.tabs.0.elements.0.name', 'null'),
('volumes.c5b55746-9b95-40a4-9e04-178618e02cff.fieldLayouts.b6d794da-b613-4e05-8fae-6fb46137865a.tabs.0.elements.0.orientation', 'null'),
('volumes.c5b55746-9b95-40a4-9e04-178618e02cff.fieldLayouts.b6d794da-b613-4e05-8fae-6fb46137865a.tabs.0.elements.0.placeholder', 'null'),
('volumes.c5b55746-9b95-40a4-9e04-178618e02cff.fieldLayouts.b6d794da-b613-4e05-8fae-6fb46137865a.tabs.0.elements.0.readonly', 'false'),
('volumes.c5b55746-9b95-40a4-9e04-178618e02cff.fieldLayouts.b6d794da-b613-4e05-8fae-6fb46137865a.tabs.0.elements.0.requirable', 'false'),
('volumes.c5b55746-9b95-40a4-9e04-178618e02cff.fieldLayouts.b6d794da-b613-4e05-8fae-6fb46137865a.tabs.0.elements.0.size', 'null'),
('volumes.c5b55746-9b95-40a4-9e04-178618e02cff.fieldLayouts.b6d794da-b613-4e05-8fae-6fb46137865a.tabs.0.elements.0.step', 'null'),
('volumes.c5b55746-9b95-40a4-9e04-178618e02cff.fieldLayouts.b6d794da-b613-4e05-8fae-6fb46137865a.tabs.0.elements.0.tip', 'null'),
('volumes.c5b55746-9b95-40a4-9e04-178618e02cff.fieldLayouts.b6d794da-b613-4e05-8fae-6fb46137865a.tabs.0.elements.0.title', 'null'),
('volumes.c5b55746-9b95-40a4-9e04-178618e02cff.fieldLayouts.b6d794da-b613-4e05-8fae-6fb46137865a.tabs.0.elements.0.type', '\"craft\\\\fieldlayoutelements\\\\AssetTitleField\"'),
('volumes.c5b55746-9b95-40a4-9e04-178618e02cff.fieldLayouts.b6d794da-b613-4e05-8fae-6fb46137865a.tabs.0.elements.0.warning', 'null'),
('volumes.c5b55746-9b95-40a4-9e04-178618e02cff.fieldLayouts.b6d794da-b613-4e05-8fae-6fb46137865a.tabs.0.elements.0.width', '100'),
('volumes.c5b55746-9b95-40a4-9e04-178618e02cff.fieldLayouts.b6d794da-b613-4e05-8fae-6fb46137865a.tabs.0.elements.1.fieldUid', '\"7cf93427-349c-4537-91e1-0a36f24c20fe\"'),
('volumes.c5b55746-9b95-40a4-9e04-178618e02cff.fieldLayouts.b6d794da-b613-4e05-8fae-6fb46137865a.tabs.0.elements.1.instructions', 'null'),
('volumes.c5b55746-9b95-40a4-9e04-178618e02cff.fieldLayouts.b6d794da-b613-4e05-8fae-6fb46137865a.tabs.0.elements.1.label', 'null'),
('volumes.c5b55746-9b95-40a4-9e04-178618e02cff.fieldLayouts.b6d794da-b613-4e05-8fae-6fb46137865a.tabs.0.elements.1.required', 'false'),
('volumes.c5b55746-9b95-40a4-9e04-178618e02cff.fieldLayouts.b6d794da-b613-4e05-8fae-6fb46137865a.tabs.0.elements.1.tip', 'null'),
('volumes.c5b55746-9b95-40a4-9e04-178618e02cff.fieldLayouts.b6d794da-b613-4e05-8fae-6fb46137865a.tabs.0.elements.1.type', '\"craft\\\\fieldlayoutelements\\\\CustomField\"'),
('volumes.c5b55746-9b95-40a4-9e04-178618e02cff.fieldLayouts.b6d794da-b613-4e05-8fae-6fb46137865a.tabs.0.elements.1.warning', 'null'),
('volumes.c5b55746-9b95-40a4-9e04-178618e02cff.fieldLayouts.b6d794da-b613-4e05-8fae-6fb46137865a.tabs.0.elements.1.width', '100'),
('volumes.c5b55746-9b95-40a4-9e04-178618e02cff.fieldLayouts.b6d794da-b613-4e05-8fae-6fb46137865a.tabs.0.elements.2.fieldUid', '\"1a6fb051-ad40-4976-811b-de8f4ae5d694\"'),
('volumes.c5b55746-9b95-40a4-9e04-178618e02cff.fieldLayouts.b6d794da-b613-4e05-8fae-6fb46137865a.tabs.0.elements.2.instructions', 'null'),
('volumes.c5b55746-9b95-40a4-9e04-178618e02cff.fieldLayouts.b6d794da-b613-4e05-8fae-6fb46137865a.tabs.0.elements.2.label', 'null'),
('volumes.c5b55746-9b95-40a4-9e04-178618e02cff.fieldLayouts.b6d794da-b613-4e05-8fae-6fb46137865a.tabs.0.elements.2.required', 'false'),
('volumes.c5b55746-9b95-40a4-9e04-178618e02cff.fieldLayouts.b6d794da-b613-4e05-8fae-6fb46137865a.tabs.0.elements.2.tip', 'null'),
('volumes.c5b55746-9b95-40a4-9e04-178618e02cff.fieldLayouts.b6d794da-b613-4e05-8fae-6fb46137865a.tabs.0.elements.2.type', '\"craft\\\\fieldlayoutelements\\\\CustomField\"'),
('volumes.c5b55746-9b95-40a4-9e04-178618e02cff.fieldLayouts.b6d794da-b613-4e05-8fae-6fb46137865a.tabs.0.elements.2.warning', 'null'),
('volumes.c5b55746-9b95-40a4-9e04-178618e02cff.fieldLayouts.b6d794da-b613-4e05-8fae-6fb46137865a.tabs.0.elements.2.width', '100'),
('volumes.c5b55746-9b95-40a4-9e04-178618e02cff.fieldLayouts.b6d794da-b613-4e05-8fae-6fb46137865a.tabs.0.name', '\"Content\"'),
('volumes.c5b55746-9b95-40a4-9e04-178618e02cff.fieldLayouts.b6d794da-b613-4e05-8fae-6fb46137865a.tabs.0.sortOrder', '1'),
('volumes.c5b55746-9b95-40a4-9e04-178618e02cff.handle', '\"graphics\"'),
('volumes.c5b55746-9b95-40a4-9e04-178618e02cff.hasUrls', 'true'),
('volumes.c5b55746-9b95-40a4-9e04-178618e02cff.name', '\"Graphics\"'),
('volumes.c5b55746-9b95-40a4-9e04-178618e02cff.settings.path', '\"@webroot/assets/graphics\"'),
('volumes.c5b55746-9b95-40a4-9e04-178618e02cff.sortOrder', '3'),
('volumes.c5b55746-9b95-40a4-9e04-178618e02cff.titleTranslationKeyFormat', 'null'),
('volumes.c5b55746-9b95-40a4-9e04-178618e02cff.titleTranslationMethod', '\"site\"'),
('volumes.c5b55746-9b95-40a4-9e04-178618e02cff.type', '\"craft\\\\volumes\\\\Local\"'),
('volumes.c5b55746-9b95-40a4-9e04-178618e02cff.url', '\"@web/assets/graphics\"');

INSERT INTO `relations` (`id`, `fieldId`, `sourceId`, `sourceSiteId`, `targetId`, `sortOrder`, `dateCreated`, `dateUpdated`, `uid`) VALUES
(1, 19, 16, NULL, 14, 1, '2022-07-11 14:35:00', '2022-07-11 14:35:00', '67a472e8-2f06-46bf-b981-29b4e11ad326'),
(3, 20, 1, NULL, 19, 1, '2022-07-11 14:50:21', '2022-07-11 14:50:21', '789b7feb-1e48-486f-bb98-76fb6907965e'),
(14, 24, 32, NULL, 31, 1, '2022-07-12 09:56:59', '2022-07-12 09:56:59', 'ae8f8409-ebc8-4d0d-b1b5-116ee266e861'),
(15, 24, 33, NULL, 31, 1, '2022-07-12 09:57:18', '2022-07-12 09:57:18', '7034b4a5-3faa-4946-b0be-a71a4572f3f8'),
(16, 24, 34, NULL, 31, 1, '2022-07-12 09:57:26', '2022-07-12 09:57:26', 'd1f03385-7b7d-4883-8f9a-5681f454d41e'),
(17, 24, 35, NULL, 31, 1, '2022-07-12 09:57:29', '2022-07-12 09:57:29', '0b8c161e-f557-4f7e-bc6d-555819b85eed'),
(18, 24, 36, NULL, 31, 1, '2022-07-12 09:57:34', '2022-07-12 09:57:34', '82cc0b6a-e61c-4fef-b0e4-daea0c5b297b'),
(19, 24, 37, NULL, 31, 1, '2022-07-12 09:57:38', '2022-07-12 09:57:38', 'b576eeeb-6226-4f17-8414-4bd6300e0864'),
(20, 24, 38, NULL, 31, 1, '2022-07-12 09:57:39', '2022-07-12 09:57:39', 'c26422e4-4e8c-42ad-bfb9-b7817f7802b5'),
(21, 24, 39, NULL, 31, 1, '2022-07-12 09:57:42', '2022-07-12 09:57:42', 'dfbf018c-e900-406a-94d4-b601f435955a'),
(28, 24, 47, NULL, 31, 1, '2022-07-12 09:58:16', '2022-07-12 09:58:16', '1f4f6b8a-e858-4e80-b5da-f7cfc87b7387'),
(29, 24, 48, NULL, 31, 1, '2022-07-12 09:58:23', '2022-07-12 09:58:23', '6ad28a70-2ac8-45e1-87b7-c654a2d24c7b'),
(75, 34, 1, NULL, 118, 1, '2022-07-13 07:09:58', '2022-07-13 07:09:58', '5e10cda8-242b-4798-bec4-c78af0bee928'),
(153, 40, 1, NULL, 267, 1, '2022-07-13 13:48:57', '2022-07-13 13:48:57', '234463b2-f280-4b1c-b480-ce246e7ce950'),
(202, 19, 328, NULL, 14, 1, '2022-07-14 17:32:30', '2022-07-14 17:32:30', '9c9bf64e-8cc3-4bd2-869d-db3d7c8a9338'),
(214, 61, 341, NULL, 31, 1, '2022-07-15 16:22:18', '2022-07-15 16:22:18', 'b6489d79-746b-4be5-a9cd-75e8c287fede'),
(215, 61, 342, NULL, 31, 1, '2022-07-15 16:22:32', '2022-07-15 16:22:32', 'ee25eab8-8f65-48dd-a5bb-79f3b5c387ae'),
(217, 61, 344, NULL, 31, 1, '2022-07-15 16:22:41', '2022-07-15 16:22:41', 'df6feb47-f5dc-400a-9a24-0fe8e6a092cf'),
(225, 20, 14, NULL, 362, 1, '2022-07-18 06:33:11', '2022-07-18 06:33:11', '6fc8e60b-43e4-4d73-b41e-a1cf15241df8'),
(251, 20, 387, NULL, 362, 1, '2022-07-18 08:02:12', '2022-07-18 08:02:12', '3cfbf98a-8e24-46d1-b2a3-ec95258a6785'),
(252, 20, 391, NULL, 362, 1, '2022-07-18 08:02:13', '2022-07-18 08:02:13', 'd272a355-dd2c-4e42-aada-c97e98412d99'),
(253, 19, 392, NULL, 387, 1, '2022-07-18 08:02:32', '2022-07-18 08:02:32', '6a6ca8cc-53c2-4ecd-9e03-6113562dde8b'),
(255, 20, 394, NULL, 362, 1, '2022-07-18 08:03:48', '2022-07-18 08:03:48', '22b14b55-c694-40b6-a0c3-949625083823'),
(256, 19, 400, NULL, 395, 1, '2022-07-18 08:07:54', '2022-07-18 08:07:54', 'e7627924-75bb-44c1-a65c-c18d749cfe05'),
(264, 20, 408, NULL, 362, 1, '2022-07-18 09:02:08', '2022-07-18 09:02:08', 'ac519995-b338-4f83-a691-69bc432fd44c'),
(268, 19, 326, NULL, 408, 1, '2022-07-18 09:04:42', '2022-07-18 09:04:42', '6d37aaea-d39d-4b70-9364-715bc93c70ba'),
(277, 24, 424, NULL, 362, 1, '2022-07-18 09:42:24', '2022-07-18 09:42:24', 'ef5c7805-3391-468c-9c11-e3f08a20c005'),
(278, 24, 425, NULL, 362, 1, '2022-07-18 09:42:36', '2022-07-18 09:42:36', '32415a07-299c-47ab-9019-9dce4feaf666'),
(279, 24, 426, NULL, 362, 1, '2022-07-18 09:42:37', '2022-07-18 09:42:37', '63aaf6a4-0e76-4aa5-a165-1e5d9a778b62'),
(280, 24, 427, NULL, 362, 1, '2022-07-18 09:42:42', '2022-07-18 09:42:42', '95e3bb0e-2a3a-4352-b023-9c09f2d57b25'),
(281, 24, 428, NULL, 362, 1, '2022-07-18 09:42:43', '2022-07-18 09:42:43', '5af247b1-b4e1-4e31-b8f2-ca30a9998591'),
(282, 24, 429, NULL, 362, 1, '2022-07-18 09:42:46', '2022-07-18 09:42:46', 'cab7e083-7084-4f0e-bd9b-ed2131f050b4'),
(283, 24, 431, NULL, 362, 1, '2022-07-18 09:42:52', '2022-07-18 09:42:52', '5c463318-3cd3-47d9-b1b4-eb1ceb3a6be5'),
(284, 24, 432, NULL, 362, 1, '2022-07-18 09:42:52', '2022-07-18 09:42:52', 'c3a8b1d3-579e-499c-913e-1bc3b2853b15'),
(285, 24, 433, NULL, 362, 1, '2022-07-18 09:42:56', '2022-07-18 09:42:56', '166edc63-3104-44b1-9094-fb49e593c459'),
(286, 24, 434, NULL, 362, 1, '2022-07-18 09:42:56', '2022-07-18 09:42:56', '74eb177a-f66d-4e35-a1dc-c3bb1cc056eb'),
(287, 24, 435, NULL, 362, 1, '2022-07-18 09:43:00', '2022-07-18 09:43:00', '5f377d02-340f-4e4b-b6a2-ac60e343c13f'),
(288, 24, 436, NULL, 362, 1, '2022-07-18 09:43:01', '2022-07-18 09:43:01', '202c621e-0c3f-48c0-ac3f-3e3ffe0e5f32'),
(289, 24, 437, NULL, 362, 1, '2022-07-18 09:43:04', '2022-07-18 09:43:04', '67c4b540-1471-4dfd-a54f-1c7803a5f780'),
(290, 24, 438, NULL, 362, 1, '2022-07-18 09:43:04', '2022-07-18 09:43:04', '6d4e0fe4-294e-4f53-8c34-64b39e3611c9'),
(293, 24, 441, NULL, 362, 1, '2022-07-18 09:43:09', '2022-07-18 09:43:09', 'f7d7d212-4aca-4a20-9109-b4bc06556923'),
(294, 24, 442, NULL, 362, 1, '2022-07-18 09:43:09', '2022-07-18 09:43:09', '3b7af08d-2441-4c8e-b01a-7ed9fe32e40f'),
(328, 24, 50, NULL, 362, 1, '2022-07-18 09:47:19', '2022-07-18 09:47:19', 'f48a8a32-7da3-4f5e-ba33-a29746315961'),
(338, 40, 486, NULL, 267, 1, '2022-07-18 11:10:35', '2022-07-18 11:10:35', '9c42ecde-2443-49b8-b0c8-4bdc09c5b708'),
(339, 19, 487, NULL, 1, 1, '2022-07-18 22:07:55', '2022-07-18 22:07:55', '7b3ce87a-0a21-4636-b7b6-3c23f5574990'),
(340, 19, 488, NULL, 408, 1, '2022-07-18 22:08:43', '2022-07-18 22:08:43', '09fe77af-cf44-4653-9a81-053f5e6849a6'),
(341, 19, 489, NULL, 387, 1, '2022-07-18 22:08:43', '2022-07-18 22:08:43', 'f4652ca6-db2e-408a-82a1-2d5ac9febd8e'),
(342, 19, 490, NULL, 395, 1, '2022-07-18 22:08:43', '2022-07-18 22:08:43', '4aa729c9-bf91-4d1d-b47e-8a37daec504d'),
(367, 24, 41, NULL, 362, 1, '2022-07-19 07:38:02', '2022-07-19 07:38:02', '44c751a6-3c4f-4e38-bfdb-1cad4f1ab68c'),
(368, 20, 548, NULL, 19, 1, '2022-07-19 07:38:04', '2022-07-19 07:38:04', '542e58ea-fbb5-4d4d-94be-949f1c9a4573'),
(369, 34, 548, NULL, 118, 1, '2022-07-19 07:38:04', '2022-07-19 07:38:04', '7ba87eae-f5c7-4ef0-965c-521981f0077d'),
(370, 40, 548, NULL, 267, 1, '2022-07-19 07:38:04', '2022-07-19 07:38:04', 'e382577d-a3d5-4064-9498-7990a871e637'),
(371, 24, 549, NULL, 362, 1, '2022-07-19 07:38:04', '2022-07-19 07:38:04', '0b47dc65-71ac-4455-addd-ad67edca1e6f'),
(372, 24, 550, NULL, 362, 1, '2022-07-19 07:38:04', '2022-07-19 07:38:04', '0d7a0b10-96c1-42f8-b0f8-36daf588be5c'),
(373, 24, 551, NULL, 362, 1, '2022-07-19 07:38:04', '2022-07-19 07:38:04', 'e4d8d2ad-cabd-4895-a38d-d1e1c3e168cc'),
(374, 24, 552, NULL, 362, 1, '2022-07-19 07:38:04', '2022-07-19 07:38:04', '15fb1ede-23a8-4aac-96e4-4d893651723e'),
(375, 52, 329, NULL, 558, 1, '2022-07-19 08:52:47', '2022-07-19 08:52:47', 'c6b9e4cc-fb8f-4852-a5fd-45f090ef638f'),
(376, 52, 571, NULL, 565, 1, '2022-07-19 08:52:47', '2022-07-19 08:52:47', 'c7bf4f54-38aa-4097-850b-f8af2c56df9b'),
(377, 20, 572, NULL, 19, 1, '2022-07-19 12:10:07', '2022-07-19 12:10:07', '26b109de-d2d3-4054-a2ab-9d69e94537c8'),
(378, 34, 572, NULL, 118, 1, '2022-07-19 12:10:07', '2022-07-19 12:10:07', '7098caf9-3ea7-44f0-bbf8-56627c0f72fd'),
(379, 40, 572, NULL, 267, 1, '2022-07-19 12:10:07', '2022-07-19 12:10:07', 'c94e3d99-5601-4705-9a02-6c541efdc426'),
(380, 24, 573, NULL, 362, 1, '2022-07-19 12:10:07', '2022-07-19 12:10:07', 'a985797b-e788-49f1-b241-97a5d4b87a60'),
(381, 24, 574, NULL, 362, 1, '2022-07-19 12:10:08', '2022-07-19 12:10:08', '9febc688-6862-4978-a960-b3b04e583c74'),
(382, 24, 575, NULL, 362, 1, '2022-07-19 12:10:08', '2022-07-19 12:10:08', '90402c04-6d29-4a40-a454-2d997dbfa80a'),
(383, 24, 576, NULL, 362, 1, '2022-07-19 12:10:08', '2022-07-19 12:10:08', '5aab1960-cf5e-4d51-ba4e-71a1052fd3b8'),
(391, 20, 592, NULL, 19, 1, '2022-07-19 12:11:47', '2022-07-19 12:11:47', 'ccdb6957-ce68-4876-b2c2-b1ff318d3afb'),
(392, 34, 592, NULL, 118, 1, '2022-07-19 12:11:47', '2022-07-19 12:11:47', 'c1370315-9e8f-42d5-9b85-a3b179434ee2'),
(393, 40, 592, NULL, 267, 1, '2022-07-19 12:11:47', '2022-07-19 12:11:47', '091bdbef-9e1e-442a-b8af-378e2e43e8fd'),
(394, 24, 593, NULL, 362, 1, '2022-07-19 12:11:47', '2022-07-19 12:11:47', '48de2bb8-fb57-4cd7-b6f1-63afc94a2497'),
(395, 24, 594, NULL, 362, 1, '2022-07-19 12:11:47', '2022-07-19 12:11:47', 'e8e8c7e5-5520-4571-ae51-b4696fb169b8'),
(396, 24, 595, NULL, 362, 1, '2022-07-19 12:11:47', '2022-07-19 12:11:47', 'f38b2502-8019-4c45-bf4e-8a9d231bd24c'),
(397, 24, 596, NULL, 362, 1, '2022-07-19 12:11:47', '2022-07-19 12:11:47', '7e5bea01-356b-4635-8452-723553993d98'),
(398, 20, 604, NULL, 362, 1, '2022-07-19 12:16:01', '2022-07-19 12:16:01', 'c4c502fb-0f2a-4642-96c0-34939261af12'),
(399, 20, 605, NULL, 362, 1, '2022-07-19 12:16:22', '2022-07-19 12:16:22', '67a3dec5-4721-49e0-8ffe-006d56c00586'),
(401, 20, 607, NULL, 362, 1, '2022-07-19 12:19:07', '2022-07-19 12:19:07', 'bb01ae79-c434-4b0f-bbe5-e6b37c1c7e72'),
(403, 20, 614, NULL, 362, 1, '2022-07-19 12:29:43', '2022-07-19 12:29:43', '418eb8c7-8298-48a4-87be-4350fa5fdfe4'),
(405, 20, 616, NULL, 362, 1, '2022-07-19 13:08:38', '2022-07-19 13:08:38', 'a4c95752-4eed-46c8-918b-65975e76dbfa'),
(410, 24, 619, NULL, 362, 1, '2022-07-24 19:51:16', '2022-07-24 19:51:16', '34ce8b60-4abb-4cdb-896d-2442f4b614ad'),
(411, 24, 620, NULL, 362, 1, '2022-07-24 19:51:16', '2022-07-24 19:51:16', '9c27f3d4-0d4d-43be-99fd-e733bdeb298f'),
(412, 24, 621, NULL, 362, 1, '2022-07-24 19:51:17', '2022-07-24 19:51:17', 'ed8fb7a7-b928-4f11-9bfb-08431799bbb9'),
(413, 20, 628, NULL, 19, 1, '2022-07-24 19:52:11', '2022-07-24 19:52:11', '608c4c04-2b66-435e-9251-7ab9a6050ac0'),
(414, 34, 628, NULL, 118, 1, '2022-07-24 19:52:11', '2022-07-24 19:52:11', '3d2cd476-1b22-446b-9291-d2f8cc0dbd23'),
(415, 40, 628, NULL, 267, 1, '2022-07-24 19:52:11', '2022-07-24 19:52:11', 'b923cbad-a9d0-493c-a0c1-51d53c129029'),
(416, 24, 629, NULL, 362, 1, '2022-07-24 19:52:11', '2022-07-24 19:52:11', '45e055ad-8c84-4d88-b4f2-8ec6efee23ce'),
(421, 24, 643, NULL, 31, 1, '2022-07-24 19:52:45', '2022-07-24 19:52:45', '2018f15b-c05e-4b73-ab8f-f242a93e3cb7'),
(422, 24, 644, NULL, 31, 1, '2022-07-24 19:52:59', '2022-07-24 19:52:59', '10616334-981a-4061-a99e-6af151c58d1e'),
(423, 24, 645, NULL, 31, 1, '2022-07-24 19:53:00', '2022-07-24 19:53:00', '92902ecc-035e-46c7-93de-6ebb5d1ff693'),
(424, 24, 646, NULL, 31, 1, '2022-07-24 19:53:01', '2022-07-24 19:53:01', 'ddf26b0d-78ce-44dc-a8e3-93eb1cc8c5ff'),
(426, 24, 648, NULL, 31, 1, '2022-07-24 19:53:08', '2022-07-24 19:53:08', '2cd86f11-26f2-477a-a042-af8930ec44a3'),
(427, 20, 649, NULL, 19, 1, '2022-07-24 19:53:08', '2022-07-24 19:53:08', 'd5a30f1b-a74b-4ec8-81a5-262f329d29ee'),
(428, 34, 649, NULL, 118, 1, '2022-07-24 19:53:08', '2022-07-24 19:53:08', '721988cb-9cbb-4a80-ae5f-d85917f7ddb4'),
(429, 40, 649, NULL, 267, 1, '2022-07-24 19:53:08', '2022-07-24 19:53:08', '4fce0d38-4bc8-4cce-a406-d5e9fafae412'),
(430, 24, 650, NULL, 362, 1, '2022-07-24 19:53:08', '2022-07-24 19:53:08', '3f4924cd-3330-4836-913c-9f1def6bf56e'),
(431, 24, 651, NULL, 31, 1, '2022-07-24 19:53:09', '2022-07-24 19:53:09', 'cad9c13b-eac0-420d-a530-135ae036bdcc'),
(433, 20, 658, NULL, 362, 1, '2022-07-24 19:59:14', '2022-07-24 19:59:14', '2ca37871-ef66-4bb6-81a9-71a0e7b87409');

INSERT INTO `resourcepaths` (`hash`, `path`) VALUES
('135698fe', '@craft/web/assets/fieldsettings/dist'),
('15193547', '@craft/web/assets/fabric/dist'),
('153f4dc8', '@craft/web/assets/iframeresizer/dist'),
('1702cbe7', '@app/web/assets/elementresizedetector/dist'),
('173aeffc', '@craft/web/assets/generalsettings/dist'),
('1856a491', '@app/web/assets/picturefill/dist'),
('1e15bba7', '@craft/web/assets/updateswidget/dist'),
('1e5e447f', '@craft/web/assets/d3/dist'),
('1f088ebb', '@app/web/assets/xregexp/dist'),
('20aff9c9', '@craft/web/assets/recententries/dist'),
('2107f13c', '@app/web/assets/jqueryui/dist'),
('250bb97a', '@craft/web/assets/fields/dist'),
('290318f3', '@yii/debug/assets'),
('296cbf96', '@craft/web/assets/updater/dist'),
('29fd0a9a', '@craft/web/assets/queuemanager/dist'),
('2c2541af', '@craft/web/assets/admintable/dist'),
('2c57c9ba', '@app/web/assets/focusvisible/dist'),
('2c7126f0', '@craft/web/assets/userpermissions/dist'),
('2e1ef0ba', '@craft/web/assets/utilities/dist'),
('308b5ad9', '@app/web/assets/jquerytouchevents/dist'),
('30c66299', '@craft/web/assets/sites/dist'),
('33c01f16', '@app/web/assets/axios/dist'),
('34ea749d', '@verbb/base/resources/dist'),
('355488f3', '@app/web/assets/vue/dist'),
('385a6c90', '@craft/web/assets/axios/dist'),
('3dab0250', '@craft/web/assets/garnish/dist'),
('3fdd9fc4', '@app/web/assets/plugins/dist'),
('4041c8df', '@craft/web/assets/sites/dist'),
('45f4bdfa', '@craft/web/assets/d3/dist'),
('46b6236', '@craft/web/assets/cp/dist'),
('48fc617b', '@craft/web/assets/fieldsettings/dist'),
('4a6370a4', '@app/web/assets/fabric/dist'),
('4c901679', '@craft/web/assets/generalsettings/dist'),
('4e95b44d', '@craft/web/assets/iframeresizer/dist'),
('4eb3ccc2', '@craft/web/assets/fabric/dist'),
('5028538f', '@craft/web/assets/recententries/dist'),
('50c08c6c', '@bower/yii2-pjax'),
('529232e3', '@app/web/assets/matrix/dist'),
('56428e85', '@craft/web/assets/matrix/dist'),
('59eb15d0', '@craft/web/assets/updater/dist'),
('5cf68cb6', '@craft/web/assets/userpermissions/dist'),
('5d3a2828', '@craft/web/assets/focusvisible/dist'),
('5e995afc', '@craft/web/assets/utilities/dist'),
('5fc19bb3', '@craft/web/assets/cp/dist'),
('63f09515', '@craft/web/assets/axios/dist'),
('6601fbd5', '@craft/web/assets/garnish/dist'),
('690d1ad', '@craft/web/assets/focusvisible/dist'),
('6e9211e1', '@craft/web/assets/updateswidget/dist'),
('71de23ba', '@verbb/smith/resources/dist'),
('778fb82a', '@craft/web/assets/admintable/dist'),
('78a46a38', '@craft/web/assets/selectize/dist'),
('78d9c855', '@app/web/assets/velocity/dist'),
('79ffed45', '@craft/redactor/assets/redactor/dist'),
('7baafee6', '@craft/redactor/assets/redactor-plugins/dist/video'),
('7d16d2d7', '@app/web/assets/dashboard/dist'),
('7d97f80d', '@craft/web/assets/pluginstore/dist'),
('7ea140ff', '@craft/web/assets/fields/dist'),
('813aaff9', '@bower/jquery/dist'),
('82357473', '@craft/web/assets/datepickeri18n/dist'),
('823c07e', '@craft/web/assets/selectize/dist'),
('8395317a', '@adigital/cookieconsentbanner/assetbundles/cookieconsentbanner/dist'),
('84dab011', '@craft/web/assets/elementresizedetector/dist'),
('84e36da4', '@craft/web/assets/editentry/dist'),
('86a39351', '@craft/web/assets/edittransform/dist'),
('89a9ff03', '@craft/web/assets/velocity/dist'),
('8ada4488', '@app/web/assets/selectize/dist'),
('8bdd3fef', '@craft/web/assets/jqueryui/dist'),
('8c3efdb4', '@craft/web/assets/jquerypayment/dist'),
('8c6d22d6', '@craft/web/assets/jquerytouchevents/dist'),
('937e55b9', '@app/web/assets/craftsupport/dist'),
('94da4274', '@app/web/assets/datepickeri18n/dist'),
('95a6e944', '@craft/web/assets/fileupload/dist'),
('96c60f17', '@app/web/assets/iframeresizer/dist'),
('9a50be6c', '@app/web/assets/fileupload/dist'),
('9b088b15', '@craft/web/assets/plugins/dist'),
('9d892758', '@craft/web/assets/vue/dist'),
('9dd1d707', '@craft/web/assets/editsection/dist'),
('9decf978', '@app/web/assets/updateswidget/dist'),
('a356bb16', '@app/web/assets/recententries/dist'),
('a42ebad2', '@app/web/assets/d3/dist'),
('a445afa4', '@craft/web/assets/dashboard/dist'),
('a523d1b0', '@app/web/assets/pluginstore/dist'),
('ab5782f6', '@typedlinkfield/resources'),
('b065276a', '@craft/web/assets/picturefill/dist'),
('b1bffa63', '@craft/web/assets/login/dist'),
('b50399ee', '@craft/web/assets/prismjs/dist'),
('b9b94dae', '@craft/web/assets/craftsupport/dist'),
('ba2589e5', '@app/web/assets/login/dist'),
('bb8f4cc8', '@craft/web/assets/matrixsettings/dist'),
('bbdd9a6a', '@craft/web/assets/xregexp/dist'),
('bd309153', '@vendor/yiisoft/yii2/assets'),
('be1b9c9b', '@app/web/assets/cp/dist'),
('bf17d7d6', '@craft/web/assets/timepicker/dist'),
('bf42acd7', '@craft/web/assets/edituser/dist'),
('c0a27290', '@craft/web/assets/plugins/dist'),
('c2d4ef04', '@app/web/assets/garnish/dist'),
('c58433a8', '@craft/web/assets/prismjs/dist'),
('c63e0977', '@craft/web/assets/updates/dist'),
('c67b2e82', '@craft/web/assets/editsection/dist'),
('c700d725', '@app/web/assets/feed/dist'),
('cb5a302c', '@craft/web/assets/xregexp/dist'),
('ce0c10c1', '@craft/web/assets/fileupload/dist'),
('cf907d90', '@craft/web/assets/timepicker/dist'),
('d077c66a', '@craft/web/assets/jqueryui/dist'),
('d10524b', '@craft/web/assets/pluginstore/dist'),
('d47ba10f', '@craft/redactor/assets/redactor-plugins/dist/fullscreen'),
('d4b0a1c2', '@yii/debug/assets'),
('d7940431', '@craft/web/assets/jquerypayment/dist'),
('d7c7db53', '@craft/web/assets/jquerytouchevents/dist'),
('d99f8df6', '@craft/web/assets/datepickeri18n/dist'),
('da90567c', '@bower/jquery/dist'),
('dd096ad4', '@craft/web/assets/edittransform/dist'),
('dd1f4917', '@craft/web/assets/clearcaches/dist'),
('dda00391', '@craft/web/assets/assetindexes/dist'),
('de87700', '@craft/web/assets/matrix/dist'),
('df499421', '@craft/web/assets/editentry/dist'),
('df704994', '@craft/web/assets/elementresizedetector/dist'),
('e025b54d', '@craft/web/assets/matrixsettings/dist'),
('e213b42b', '@craft/web/assets/craftsupport/dist'),
('e271c47f', '@vendor/yiisoft/yii2/assets'),
('e4e85552', '@craft/web/assets/edituser/dist'),
('e8849327', '@craft/web/assets/dbbackup/dist'),
('ea1503e6', '@craft/web/assets/login/dist'),
('ebcfdeef', '@craft/web/assets/picturefill/dist'),
('ec65d283', '@craft/web/assets/routes/dist'),
('ecf3c6dc', '@craft/redactor/assets/field/dist'),
('ed0e8d1e', '@craft/web/assets/vue/dist'),
('f1b6c999', '@craft/web/assets/systemmessages/dist'),
('f92e5545', '@craft/web/assets/velocity/dist'),
('fc7bf6b', '@app/web/assets/jquerypayment/dist'),
('ffef5621', '@craft/web/assets/dashboard/dist');

INSERT INTO `revisions` (`id`, `sourceId`, `creatorId`, `num`, `notes`) VALUES
(2, 5, 3, 1, NULL),
(3, 5, 3, 2, NULL),
(4, 5, 3, 3, ''),
(5, 4, 3, 1, ''),
(6, 4, 3, 2, 'Verwende Entwurf 1'),
(35, 260, 3, 1, ''),
(39, 283, 3, 1, NULL),
(40, 283, 3, 2, NULL),
(41, 283, 3, 3, NULL),
(42, 283, 3, 4, 'Verwende Entwurf 1'),
(65, 387, 3, 1, NULL),
(66, 387, 3, 2, NULL),
(67, 387, 3, 3, 'Verwende Entwurf 1'),
(69, 14, 3, 17, NULL),
(72, 395, 3, 3, NULL),
(73, 395, 3, 4, ''),
(88, 1, 3, 46, 'Verwende Entwurf 1'),
(90, 558, 3, 2, NULL),
(91, 558, 3, 3, 'Verwende Entwurf 1'),
(92, 558, 3, 4, NULL),
(93, 558, 3, 5, NULL),
(94, 565, 3, 1, NULL),
(95, 565, 3, 2, NULL),
(96, 565, 3, 3, 'Verwende Entwurf 1'),
(97, 558, 3, 6, NULL),
(98, 1, 3, 47, NULL),
(99, 1, 3, 48, 'Verwende Entwurf 1'),
(101, 395, 3, 5, NULL),
(102, 387, 3, 4, NULL),
(103, 14, 3, 18, NULL),
(104, 387, 3, 5, 'Verwende Entwurf 1'),
(105, 395, 3, 6, NULL),
(106, 395, 3, 7, 'Verwende Entwurf 1'),
(108, 14, 3, 19, 'Verwende Entwurf 1'),
(109, 14, 3, 20, 'Verwende Entwurf 1'),
(110, 1, 3, 49, 'Verwende Entwurf 1'),
(111, 1, 3, 50, 'Verwende Entwurf 1'),
(112, 14, 3, 21, 'Verwende Entwurf 1'),
(114, 408, 3, 12, 'Verwende Entwurf 1'),
(115, 408, 3, 13, 'Verwende Entwurf 1'),
(116, 408, 3, 14, 'Verwende Entwurf 1'),
(117, 408, 3, 15, 'Verwende Entwurf 1'),
(118, 408, 3, 16, 'Verwende Entwurf 1');

INSERT INTO `searchindex` (`elementId`, `attribute`, `fieldId`, `siteId`, `keywords`) VALUES
(1, 'slug', 0, 1, ' home '),
(1, 'title', 0, 1, ' home '),
(3, 'email', 0, 1, ' sami reichoer gmail com '),
(3, 'firstname', 0, 1, ''),
(3, 'fullname', 0, 1, ''),
(3, 'lastname', 0, 1, ''),
(3, 'slug', 0, 1, ''),
(3, 'username', 0, 1, ' admin '),
(4, 'slug', 0, 1, ' ueber uns '),
(4, 'title', 0, 1, ' ueber mich '),
(5, 'slug', 0, 1, ' about me '),
(5, 'title', 0, 1, ' about me '),
(12, 'slug', 0, 1, ' ueber uns '),
(12, 'title', 0, 1, ' ueber mich '),
(13, 'slug', 0, 1, ''),
(14, 'slug', 0, 1, ' ueber mich '),
(14, 'title', 0, 1, ' ueber mich '),
(16, 'slug', 0, 1, ''),
(19, 'extension', 0, 1, ' png '),
(19, 'filename', 0, 1, ' arrow prev png '),
(19, 'kind', 0, 1, ' image '),
(19, 'slug', 0, 1, ''),
(19, 'title', 0, 1, ' arrow prev '),
(22, 'extension', 0, 1, ' png '),
(22, 'filename', 0, 1, ' arrow prev 2022 07 11 150100 rbpu png '),
(22, 'kind', 0, 1, ' image '),
(22, 'slug', 0, 1, ''),
(22, 'title', 0, 1, ' arrow prev '),
(30, 'slug', 0, 1, ''),
(31, 'extension', 0, 1, ' png '),
(31, 'filename', 0, 1, ' bild png '),
(31, 'kind', 0, 1, ' image '),
(31, 'slug', 0, 1, ''),
(31, 'title', 0, 1, ' bild '),
(41, 'slug', 0, 1, ''),
(50, 'slug', 0, 1, ''),
(86, 'slug', 0, 1, ''),
(87, 'slug', 0, 1, ''),
(118, 'extension', 0, 1, ' png '),
(118, 'filename', 0, 1, ' me png '),
(118, 'kind', 0, 1, ' image '),
(118, 'slug', 0, 1, ''),
(118, 'title', 0, 1, ' me '),
(182, 'slug', 0, 1, ''),
(183, 'slug', 0, 1, ''),
(184, 'slug', 0, 1, ''),
(260, 'slug', 0, 1, ' 404 error '),
(260, 'title', 0, 1, ' 404 error '),
(267, 'extension', 0, 1, ' png '),
(267, 'filename', 0, 1, ' gutschein png '),
(267, 'kind', 0, 1, ' image '),
(267, 'slug', 0, 1, ''),
(267, 'title', 0, 1, ' gutschein '),
(283, 'slug', 0, 1, ' contact '),
(283, 'title', 0, 1, ' test contact '),
(324, 'slug', 0, 1, ''),
(325, 'slug', 0, 1, ''),
(326, 'slug', 0, 1, ''),
(327, 'slug', 0, 1, ''),
(328, 'slug', 0, 1, ''),
(329, 'slug', 0, 1, ''),
(344, 'slug', 0, 1, ''),
(362, 'extension', 0, 1, ' png '),
(362, 'filename', 0, 1, ' placeholder png '),
(362, 'kind', 0, 1, ' image '),
(362, 'slug', 0, 1, ''),
(362, 'title', 0, 1, ' placeholder '),
(387, 'slug', 0, 1, ' gutscheine '),
(387, 'title', 0, 1, ' gutscheine '),
(392, 'slug', 0, 1, ''),
(395, 'slug', 0, 1, ' kontakt '),
(395, 'title', 0, 1, ' kontakt '),
(400, 'slug', 0, 1, ''),
(401, 'slug', 0, 1, ''),
(408, 'slug', 0, 1, ' leistungen '),
(408, 'title', 0, 1, ' meine leistungen '),
(441, 'slug', 0, 1, ''),
(442, 'slug', 0, 1, ''),
(486, 'slug', 0, 1, ''),
(487, 'slug', 0, 1, ''),
(488, 'slug', 0, 1, ''),
(489, 'slug', 0, 1, ''),
(490, 'slug', 0, 1, ''),
(545, 'slug', 0, 1, ''),
(546, 'slug', 0, 1, ''),
(547, 'slug', 0, 1, ''),
(558, 'slug', 0, 1, ' impressum '),
(558, 'title', 0, 1, ' impressum '),
(565, 'slug', 0, 1, ' datenschutz '),
(565, 'title', 0, 1, ' datenschutz '),
(571, 'slug', 0, 1, ''),
(627, 'slug', 0, 1, ''),
(648, 'slug', 0, 1, '');

INSERT INTO `sections` (`id`, `structureId`, `name`, `handle`, `type`, `enableVersioning`, `propagationMethod`, `defaultPlacement`, `previewTargets`, `dateCreated`, `dateUpdated`, `dateDeleted`, `uid`) VALUES
(1, NULL, 'Pages', 'pages', 'channel', 1, 'all', 'end', '[{\"label\":\"Primary entry page\",\"urlFormat\":\"{url}\",\"refresh\":\"1\"}]', '2022-06-25 12:57:37', '2022-06-25 12:57:37', '2022-07-11 14:21:05', 'a94c302a-1da9-4e98-96b1-36d23ce0235b'),
(2, NULL, 'Home', 'home', 'single', 1, 'all', 'end', '[{\"label\":\"Primary entry page\",\"urlFormat\":\"{url}\",\"refresh\":\"1\"}]', '2022-06-25 12:57:37', '2022-06-25 12:57:37', NULL, '745244db-cd1b-4b14-ab0f-07d6ddcf070f'),
(3, NULL, 'Errors', 'errorPages', 'channel', 1, 'all', 'end', '[{\"label\":\"Primary entry page\",\"urlFormat\":\"{url}\",\"refresh\":\"1\"}]', '2022-06-25 12:57:37', '2022-06-25 12:57:37', NULL, '1854f3be-cac9-430d-bde8-9093b969668c'),
(4, 1, 'Footer Navigation', 'footerNavigation', 'structure', 1, 'all', 'end', NULL, '2022-06-25 12:57:38', '2022-06-25 12:57:38', '2022-07-14 17:18:38', 'dffb8692-e75f-4079-b9b6-00ffb0d73d37'),
(5, 2, 'Header Navigation', 'headerNavigation', 'structure', 1, 'all', 'end', NULL, '2022-06-25 12:57:38', '2022-06-25 12:57:38', '2022-07-11 14:20:58', 'cc6d2bf8-1e58-42b4-a6fd-530931643cc5'),
(6, NULL, 'About Me', 'aboutMe', 'single', 1, 'all', 'end', '[{\"label\":\"Primre eintrag Seite\",\"urlFormat\":\"{url}\",\"refresh\":\"1\"}]', '2022-07-01 06:30:10', '2022-07-01 06:30:10', '2022-07-11 14:20:48', '213d7e68-7e96-42bf-b3b9-a96584f9a1a6'),
(7, NULL, 'Aboutme Page', 'AboutmePage', 'single', 1, 'all', 'end', '[{\"label\":\"Primre eintrag Seite\",\"urlFormat\":\"{url}\",\"refresh\":\"1\"}]', '2022-07-11 14:32:12', '2022-07-18 06:19:42', NULL, 'bd67bf27-4250-46ec-86a0-f94172ca1cd8'),
(8, NULL, 'Contact', 'contact', 'channel', 1, 'all', 'end', '[{\"label\":\"Primre eintrag Seite\",\"urlFormat\":\"{url}\",\"refresh\":\"1\"}]', '2022-07-14 11:16:26', '2022-07-14 11:39:50', '2022-07-14 12:22:09', '4cfed356-442a-4756-94be-d23cf629cd59'),
(9, NULL, 'Gutscheine', 'gutscheine', 'single', 1, 'all', 'end', '[{\"label\":\"Primre eintrag Seite\",\"urlFormat\":\"{url}\",\"refresh\":\"1\"}]', '2022-07-18 08:01:04', '2022-07-18 08:01:04', NULL, 'af2f78ad-694f-4f2c-9c6f-a24a5297b71e'),
(10, NULL, 'Kontakt', 'kontakt', 'single', 1, 'all', 'end', '[{\"label\":\"Primre eintrag Seite\",\"urlFormat\":\"{url}\",\"refresh\":\"1\"}]', '2022-07-18 08:06:46', '2022-07-18 08:06:46', NULL, 'e9673d58-ed0a-4be7-bb0f-0f4654358814'),
(11, NULL, 'Meine Leistungen', 'meineLeistungen', 'single', 1, 'all', 'end', '[{\"label\":\"Primre eintrag Seite\",\"urlFormat\":\"{url}\",\"refresh\":\"1\"}]', '2022-07-18 09:00:29', '2022-07-18 09:00:29', NULL, '23c98b12-8a47-49e0-bf93-38f9007548bd'),
(12, NULL, 'Impressum', 'impressum', 'single', 1, 'all', 'end', '[{\"label\":\"Primre eintrag Seite\",\"urlFormat\":\"{url}\",\"refresh\":\"1\"}]', '2022-07-19 08:42:38', '2022-07-19 08:42:38', NULL, 'f237f023-4145-4676-8d9f-09615487f06e'),
(13, NULL, 'Datenschutz', 'datenschutz', 'single', 1, 'all', 'end', '[{\"label\":\"Primre eintrag Seite\",\"urlFormat\":\"{url}\",\"refresh\":\"1\"}]', '2022-07-19 08:49:02', '2022-07-19 08:49:02', NULL, '268380d1-da19-45ad-af3e-96da19e5ba85');

INSERT INTO `sections_sites` (`id`, `sectionId`, `siteId`, `hasUrls`, `uriFormat`, `template`, `enabledByDefault`, `dateCreated`, `dateUpdated`, `uid`) VALUES
(1, 1, 1, 1, '{slug}', '_pages/entry.twig', 0, '2022-06-25 12:57:37', '2022-06-25 12:57:37', '18385c35-8417-4b2a-b274-e4689d132373'),
(2, 2, 1, 1, '__home__', '_pages/entry.twig', 1, '2022-06-25 12:57:37', '2022-06-25 12:57:37', 'd4c7f234-e8a7-41fb-98d0-98fdbb49b5e5'),
(3, 3, 1, 1, 'errors/{slug}', '_pages/entry.twig', 0, '2022-06-25 12:57:37', '2022-06-25 12:57:37', '94049576-68e7-4daa-8972-8e4770dcecc6'),
(4, 4, 1, 0, NULL, NULL, 0, '2022-06-25 12:57:38', '2022-06-25 12:57:38', 'f2a49a5b-3964-4213-9d87-75bcbd626048'),
(5, 5, 1, 0, NULL, NULL, 0, '2022-06-25 12:57:38', '2022-06-25 12:57:38', '98852237-89fb-4136-8629-253796780559'),
(6, 6, 1, 1, 'aboutme', '_pages/pages/aboutme.twig', 1, '2022-07-01 06:30:10', '2022-07-01 06:30:10', '9c06b926-731f-4785-9206-14b1c847d542'),
(7, 7, 1, 1, 'ueber-mich', '_pages/pages/aboutme.twig', 1, '2022-07-11 14:32:12', '2022-07-18 08:03:47', '2941daa3-b932-4c27-980e-332c03966381'),
(8, 8, 1, 0, NULL, NULL, 1, '2022-07-14 11:16:26', '2022-07-14 11:39:50', '620f2dab-f01f-4f90-867f-1bc7ca530afb'),
(9, 9, 1, 1, 'gutscheine', '_pages/pages/gutscheine.twig', 1, '2022-07-18 08:01:04', '2022-07-18 08:01:04', 'a540361a-3467-421c-ae2c-849abfda5a56'),
(10, 10, 1, 1, 'kontaktiere-mich', '_pages/pages/contact.twig', 1, '2022-07-18 08:06:46', '2022-07-18 08:06:46', '2c91955a-eb1d-419e-8c05-56a7ab9a38de'),
(11, 11, 1, 1, 'leistungen', '_pages/pages/leistungen.twig', 1, '2022-07-18 09:00:29', '2022-07-18 09:00:29', '881af953-33fe-4f9f-95f0-93fcf58cba4c'),
(12, 12, 1, 1, 'impressum', '_pages/pages/rechtstexte/impressum.twig', 1, '2022-07-19 08:42:38', '2022-07-19 08:51:50', 'c70c61b3-7081-44ac-b91a-87b0b7c0cbe8'),
(13, 13, 1, 1, 'datenschutz', '_pages/pages/rechtstexte/datenschutz.twig', 1, '2022-07-19 08:49:02', '2022-07-19 08:49:02', 'ef34d052-6f05-4823-b545-754ed36f45a3');

INSERT INTO `seomatic_metabundles` (`id`, `dateCreated`, `dateUpdated`, `uid`, `bundleVersion`, `sourceBundleType`, `sourceId`, `sourceName`, `sourceHandle`, `sourceType`, `typeId`, `sourceTemplate`, `sourceSiteId`, `sourceAltSiteSettings`, `sourceDateUpdated`, `metaGlobalVars`, `metaSiteVars`, `metaSitemapVars`, `metaContainers`, `redirectsContainer`, `frontendTemplatesContainer`, `metaBundleSettings`) VALUES
(1, '2022-06-25 12:57:34', '2022-06-25 12:57:34', 'dfd33849-1b9c-4442-a854-c86f9b79750d', '1.0.59', '__GLOBAL_BUNDLE__', 1, '__GLOBAL_BUNDLE__', '__GLOBAL_BUNDLE__', '__GLOBAL_BUNDLE__', NULL, '', 1, '[]', '2022-06-25 12:57:34', '{\"language\":null,\"mainEntityOfPage\":\"WebSite\",\"seoTitle\":\"\",\"siteNamePosition\":\"before\",\"seoDescription\":\"\",\"seoKeywords\":\"\",\"seoImage\":\"\",\"seoImageWidth\":\"\",\"seoImageHeight\":\"\",\"seoImageDescription\":\"\",\"canonicalUrl\":\"{seomatic.helper.safeCanonicalUrl()}\",\"robots\":\"all\",\"ogType\":\"website\",\"ogTitle\":\"{seomatic.meta.seoTitle}\",\"ogSiteNamePosition\":\"none\",\"ogDescription\":\"{seomatic.meta.seoDescription}\",\"ogImage\":\"{seomatic.meta.seoImage}\",\"ogImageWidth\":\"{seomatic.meta.seoImageWidth}\",\"ogImageHeight\":\"{seomatic.meta.seoImageHeight}\",\"ogImageDescription\":\"{seomatic.meta.seoImageDescription}\",\"twitterCard\":\"summary\",\"twitterCreator\":\"{seomatic.site.twitterHandle}\",\"twitterTitle\":\"{seomatic.meta.seoTitle}\",\"twitterSiteNamePosition\":\"none\",\"twitterDescription\":\"{seomatic.meta.seoDescription}\",\"twitterImage\":\"{seomatic.meta.seoImage}\",\"twitterImageWidth\":\"{seomatic.meta.seoImageWidth}\",\"twitterImageHeight\":\"{seomatic.meta.seoImageHeight}\",\"twitterImageDescription\":\"{seomatic.meta.seoImageDescription}\",\"inherited\":[],\"overrides\":[]}', '{\"siteName\":\"Default\",\"identity\":{\"siteType\":\"Organization\",\"siteSubType\":\"LocalBusiness\",\"siteSpecificType\":\"\",\"computedType\":\"Organization\",\"genericName\":\"\",\"genericAlternateName\":\"\",\"genericDescription\":\"\",\"genericUrl\":\"\",\"genericImage\":\"\",\"genericImageWidth\":\"\",\"genericImageHeight\":\"\",\"genericImageIds\":[],\"genericTelephone\":\"\",\"genericEmail\":\"\",\"genericStreetAddress\":\"\",\"genericAddressLocality\":\"\",\"genericAddressRegion\":\"\",\"genericPostalCode\":\"\",\"genericAddressCountry\":\"\",\"genericGeoLatitude\":\"\",\"genericGeoLongitude\":\"\",\"personGender\":\"\",\"personBirthPlace\":\"\",\"organizationDuns\":\"\",\"organizationFounder\":\"\",\"organizationFoundingDate\":\"\",\"organizationFoundingLocation\":\"\",\"organizationContactPoints\":[],\"corporationTickerSymbol\":\"\",\"localBusinessPriceRange\":\"\",\"localBusinessOpeningHours\":[],\"restaurantServesCuisine\":\"\",\"restaurantMenuUrl\":\"\",\"restaurantReservationsUrl\":\"\"},\"creator\":{\"siteType\":\"Organization\",\"siteSubType\":\"LocalBusiness\",\"siteSpecificType\":\"\",\"computedType\":\"Organization\",\"genericName\":\"\",\"genericAlternateName\":\"\",\"genericDescription\":\"\",\"genericUrl\":\"\",\"genericImage\":\"\",\"genericImageWidth\":\"\",\"genericImageHeight\":\"\",\"genericImageIds\":[],\"genericTelephone\":\"\",\"genericEmail\":\"\",\"genericStreetAddress\":\"\",\"genericAddressLocality\":\"\",\"genericAddressRegion\":\"\",\"genericPostalCode\":\"\",\"genericAddressCountry\":\"\",\"genericGeoLatitude\":\"\",\"genericGeoLongitude\":\"\",\"personGender\":\"\",\"personBirthPlace\":\"\",\"organizationDuns\":\"\",\"organizationFounder\":\"\",\"organizationFoundingDate\":\"\",\"organizationFoundingLocation\":\"\",\"organizationContactPoints\":[],\"corporationTickerSymbol\":\"\",\"localBusinessPriceRange\":\"\",\"localBusinessOpeningHours\":[],\"restaurantServesCuisine\":\"\",\"restaurantMenuUrl\":\"\",\"restaurantReservationsUrl\":\"\"},\"twitterHandle\":\"\",\"facebookProfileId\":\"\",\"facebookAppId\":\"\",\"googleSiteVerification\":\"\",\"bingSiteVerification\":\"\",\"pinterestSiteVerification\":\"\",\"facebookSiteVerification\":\"\",\"sameAsLinks\":{\"twitter\":{\"siteName\":\"Twitter\",\"handle\":\"twitter\",\"url\":\"\"},\"facebook\":{\"siteName\":\"Facebook\",\"handle\":\"facebook\",\"url\":\"\"},\"wikipedia\":{\"siteName\":\"Wikipedia\",\"handle\":\"wikipedia\",\"url\":\"\"},\"linkedin\":{\"siteName\":\"LinkedIn\",\"handle\":\"linkedin\",\"url\":\"\"},\"googleplus\":{\"siteName\":\"Google+\",\"handle\":\"googleplus\",\"url\":\"\"},\"youtube\":{\"siteName\":\"YouTube\",\"handle\":\"youtube\",\"url\":\"\"},\"instagram\":{\"siteName\":\"Instagram\",\"handle\":\"instagram\",\"url\":\"\"},\"pinterest\":{\"siteName\":\"Pinterest\",\"handle\":\"pinterest\",\"url\":\"\"},\"github\":{\"siteName\":\"GitHub\",\"handle\":\"github\",\"url\":\"\"},\"vimeo\":{\"siteName\":\"Vimeo\",\"handle\":\"vimeo\",\"url\":\"\"}},\"siteLinksSearchTarget\":\"\",\"siteLinksQueryInput\":\"\",\"referrer\":\"no-referrer-when-downgrade\",\"additionalSitemapUrls\":[],\"additionalSitemapUrlsDateUpdated\":null,\"additionalSitemaps\":[]}', '{\"sitemapUrls\":true,\"sitemapAssets\":true,\"sitemapFiles\":true,\"sitemapAltLinks\":true,\"sitemapChangeFreq\":\"weekly\",\"sitemapPriority\":0.5,\"sitemapLimit\":null,\"structureDepth\":null,\"sitemapImageFieldMap\":[{\"property\":\"title\",\"field\":\"title\"},{\"property\":\"caption\",\"field\":\"\"},{\"property\":\"geo_location\",\"field\":\"\"},{\"property\":\"license\",\"field\":\"\"}],\"sitemapVideoFieldMap\":[{\"property\":\"title\",\"field\":\"title\"},{\"property\":\"description\",\"field\":\"\"},{\"property\":\"thumbnailLoc\",\"field\":\"\"},{\"property\":\"duration\",\"field\":\"\"},{\"property\":\"category\",\"field\":\"\"}],\"inherited\":[],\"overrides\":[]}', '{\"MetaTagContainergeneral\":{\"data\":{\"generator\":{\"charset\":\"\",\"content\":\"SEOmatic\",\"httpEquiv\":\"\",\"name\":\"generator\",\"property\":null,\"include\":true,\"key\":\"generator\",\"environment\":null,\"dependencies\":{\"config\":[\"generatorEnabled\"]},\"tagAttrs\":[]},\"keywords\":{\"charset\":\"\",\"content\":\"{seomatic.meta.seoKeywords}\",\"httpEquiv\":\"\",\"name\":\"keywords\",\"property\":null,\"include\":true,\"key\":\"keywords\",\"environment\":null,\"dependencies\":null,\"tagAttrs\":[]},\"description\":{\"charset\":\"\",\"content\":\"{seomatic.meta.seoDescription}\",\"httpEquiv\":\"\",\"name\":\"description\",\"property\":null,\"include\":true,\"key\":\"description\",\"environment\":null,\"dependencies\":null,\"tagAttrs\":[]},\"referrer\":{\"charset\":\"\",\"content\":\"{seomatic.site.referrer}\",\"httpEquiv\":\"\",\"name\":\"referrer\",\"property\":null,\"include\":true,\"key\":\"referrer\",\"environment\":null,\"dependencies\":null,\"tagAttrs\":[]},\"robots\":{\"charset\":\"\",\"content\":\"{seomatic.meta.robots}\",\"httpEquiv\":\"\",\"name\":\"robots\",\"property\":null,\"include\":true,\"key\":\"robots\",\"environment\":{\"live\":{\"content\":\"{seomatic.meta.robots}\"},\"staging\":{\"content\":\"none\"},\"local\":{\"content\":\"none\"}},\"dependencies\":null,\"tagAttrs\":[]}},\"name\":\"General\",\"description\":\"General Meta Tags\",\"class\":\"nystudio107\\\\seomatic\\\\models\\\\MetaTagContainer\",\"handle\":\"general\",\"include\":true,\"dependencies\":[],\"clearCache\":false},\"MetaTagContaineropengraph\":{\"data\":{\"fb:profile_id\":{\"charset\":\"\",\"content\":\"{seomatic.site.facebookProfileId}\",\"httpEquiv\":\"\",\"name\":\"\",\"property\":\"fb:profile_id\",\"include\":true,\"key\":\"fb:profile_id\",\"environment\":null,\"dependencies\":null,\"tagAttrs\":[]},\"fb:app_id\":{\"charset\":\"\",\"content\":\"{seomatic.site.facebookAppId}\",\"httpEquiv\":\"\",\"name\":\"\",\"property\":\"fb:app_id\",\"include\":true,\"key\":\"fb:app_id\",\"environment\":null,\"dependencies\":null,\"tagAttrs\":[]},\"og:locale\":{\"charset\":\"\",\"content\":\"{{ craft.app.language |replace({\\\"-\\\": \\\"_\\\"}) }}\",\"httpEquiv\":\"\",\"name\":\"\",\"property\":\"og:locale\",\"include\":true,\"key\":\"og:locale\",\"environment\":null,\"dependencies\":null,\"tagAttrs\":[]},\"og:locale:alternate\":{\"charset\":\"\",\"content\":\"\",\"httpEquiv\":\"\",\"name\":\"\",\"property\":\"og:locale:alternate\",\"include\":true,\"key\":\"og:locale:alternate\",\"environment\":null,\"dependencies\":null,\"tagAttrs\":[]},\"og:site_name\":{\"charset\":\"\",\"content\":\"{seomatic.site.siteName}\",\"httpEquiv\":\"\",\"name\":\"\",\"property\":\"og:site_name\",\"include\":true,\"key\":\"og:site_name\",\"environment\":null,\"dependencies\":null,\"tagAttrs\":[]},\"og:type\":{\"charset\":\"\",\"content\":\"{seomatic.meta.ogType}\",\"httpEquiv\":\"\",\"name\":\"\",\"property\":\"og:type\",\"include\":true,\"key\":\"og:type\",\"environment\":null,\"dependencies\":null,\"tagAttrs\":[]},\"og:url\":{\"charset\":\"\",\"content\":\"{seomatic.meta.canonicalUrl}\",\"httpEquiv\":\"\",\"name\":\"\",\"property\":\"og:url\",\"include\":true,\"key\":\"og:url\",\"environment\":null,\"dependencies\":null,\"tagAttrs\":[]},\"og:title\":{\"siteName\":\"{seomatic.site.siteName}\",\"siteNamePosition\":\"{seomatic.meta.ogSiteNamePosition}\",\"separatorChar\":\"{seomatic.config.separatorChar}\",\"charset\":\"\",\"content\":\"{seomatic.meta.ogTitle}\",\"httpEquiv\":\"\",\"name\":\"\",\"property\":\"og:title\",\"include\":true,\"key\":\"og:title\",\"environment\":null,\"dependencies\":null,\"tagAttrs\":[]},\"og:description\":{\"charset\":\"\",\"content\":\"{seomatic.meta.ogDescription}\",\"httpEquiv\":\"\",\"name\":\"\",\"property\":\"og:description\",\"include\":true,\"key\":\"og:description\",\"environment\":null,\"dependencies\":null,\"tagAttrs\":[]},\"og:image\":{\"charset\":\"\",\"content\":\"{seomatic.meta.ogImage}\",\"httpEquiv\":\"\",\"name\":\"\",\"property\":\"og:image\",\"include\":true,\"key\":\"og:image\",\"environment\":null,\"dependencies\":null,\"tagAttrs\":[]},\"og:image:width\":{\"charset\":\"\",\"content\":\"{seomatic.meta.ogImageWidth}\",\"httpEquiv\":\"\",\"name\":\"\",\"property\":\"og:image:width\",\"include\":true,\"key\":\"og:image:width\",\"environment\":null,\"dependencies\":{\"tag\":[\"og:image\"]},\"tagAttrs\":[]},\"og:image:height\":{\"charset\":\"\",\"content\":\"{seomatic.meta.ogImageHeight}\",\"httpEquiv\":\"\",\"name\":\"\",\"property\":\"og:image:height\",\"include\":true,\"key\":\"og:image:height\",\"environment\":null,\"dependencies\":{\"tag\":[\"og:image\"]},\"tagAttrs\":[]},\"og:image:alt\":{\"charset\":\"\",\"content\":\"{seomatic.meta.ogImageDescription}\",\"httpEquiv\":\"\",\"name\":\"\",\"property\":\"og:image:alt\",\"include\":true,\"key\":\"og:image:alt\",\"environment\":null,\"dependencies\":{\"tag\":[\"og:image\"]},\"tagAttrs\":[]},\"og:see_also\":{\"charset\":\"\",\"content\":\"\",\"httpEquiv\":\"\",\"name\":\"\",\"property\":\"og:see_also\",\"include\":true,\"key\":\"og:see_also\",\"environment\":null,\"dependencies\":null,\"tagAttrs\":[]},\"facebook-site-verification\":{\"charset\":\"\",\"content\":\"{seomatic.site.facebookSiteVerification}\",\"httpEquiv\":\"\",\"name\":\"facebook-domain-verification\",\"property\":null,\"include\":true,\"key\":\"facebook-site-verification\",\"environment\":null,\"dependencies\":{\"site\":[\"facebookSiteVerification\"]},\"tagAttrs\":[]}},\"name\":\"Facebook\",\"description\":\"Facebook OpenGraph Meta Tags\",\"class\":\"nystudio107\\\\seomatic\\\\models\\\\MetaTagContainer\",\"handle\":\"opengraph\",\"include\":true,\"dependencies\":[],\"clearCache\":false},\"MetaTagContainertwitter\":{\"data\":{\"twitter:card\":{\"charset\":\"\",\"content\":\"{seomatic.meta.twitterCard}\",\"httpEquiv\":\"\",\"name\":\"twitter:card\",\"property\":null,\"include\":true,\"key\":\"twitter:card\",\"environment\":null,\"dependencies\":null,\"tagAttrs\":[]},\"twitter:site\":{\"charset\":\"\",\"content\":\"@{seomatic.site.twitterHandle}\",\"httpEquiv\":\"\",\"name\":\"twitter:site\",\"property\":null,\"include\":true,\"key\":\"twitter:site\",\"environment\":null,\"dependencies\":{\"site\":[\"twitterHandle\"]},\"tagAttrs\":[]},\"twitter:creator\":{\"charset\":\"\",\"content\":\"@{seomatic.meta.twitterCreator}\",\"httpEquiv\":\"\",\"name\":\"twitter:creator\",\"property\":null,\"include\":true,\"key\":\"twitter:creator\",\"environment\":null,\"dependencies\":{\"meta\":[\"twitterCreator\"]},\"tagAttrs\":[]},\"twitter:title\":{\"siteName\":\"{seomatic.site.siteName}\",\"siteNamePosition\":\"{seomatic.meta.twitterSiteNamePosition}\",\"separatorChar\":\"{seomatic.config.separatorChar}\",\"charset\":\"\",\"content\":\"{seomatic.meta.twitterTitle}\",\"httpEquiv\":\"\",\"name\":\"twitter:title\",\"property\":null,\"include\":true,\"key\":\"twitter:title\",\"environment\":null,\"dependencies\":null,\"tagAttrs\":[]},\"twitter:description\":{\"charset\":\"\",\"content\":\"{seomatic.meta.twitterDescription}\",\"httpEquiv\":\"\",\"name\":\"twitter:description\",\"property\":null,\"include\":true,\"key\":\"twitter:description\",\"environment\":null,\"dependencies\":null,\"tagAttrs\":[]},\"twitter:image\":{\"charset\":\"\",\"content\":\"{seomatic.meta.twitterImage}\",\"httpEquiv\":\"\",\"name\":\"twitter:image\",\"property\":null,\"include\":true,\"key\":\"twitter:image\",\"environment\":null,\"dependencies\":null,\"tagAttrs\":[]},\"twitter:image:width\":{\"charset\":\"\",\"content\":\"{seomatic.meta.twitterImageWidth}\",\"httpEquiv\":\"\",\"name\":\"twitter:image:width\",\"property\":null,\"include\":true,\"key\":\"twitter:image:width\",\"environment\":null,\"dependencies\":{\"tag\":[\"twitter:image\"]},\"tagAttrs\":[]},\"twitter:image:height\":{\"charset\":\"\",\"content\":\"{seomatic.meta.twitterImageHeight}\",\"httpEquiv\":\"\",\"name\":\"twitter:image:height\",\"property\":null,\"include\":true,\"key\":\"twitter:image:height\",\"environment\":null,\"dependencies\":{\"tag\":[\"twitter:image\"]},\"tagAttrs\":[]},\"twitter:image:alt\":{\"charset\":\"\",\"content\":\"{seomatic.meta.twitterImageDescription}\",\"httpEquiv\":\"\",\"name\":\"twitter:image:alt\",\"property\":null,\"include\":true,\"key\":\"twitter:image:alt\",\"environment\":null,\"dependencies\":{\"tag\":[\"twitter:image\"]},\"tagAttrs\":[]}},\"name\":\"Twitter\",\"description\":\"Twitter Card Meta Tags\",\"class\":\"nystudio107\\\\seomatic\\\\models\\\\MetaTagContainer\",\"handle\":\"twitter\",\"include\":true,\"dependencies\":{\"site\":[\"twitterHandle\"]},\"clearCache\":false},\"MetaTagContainermiscellaneous\":{\"data\":{\"google-site-verification\":{\"charset\":\"\",\"content\":\"{seomatic.site.googleSiteVerification}\",\"httpEquiv\":\"\",\"name\":\"google-site-verification\",\"property\":null,\"include\":true,\"key\":\"google-site-verification\",\"environment\":null,\"dependencies\":{\"site\":[\"googleSiteVerification\"]},\"tagAttrs\":[]},\"bing-site-verification\":{\"charset\":\"\",\"content\":\"{seomatic.site.bingSiteVerification}\",\"httpEquiv\":\"\",\"name\":\"msvalidate.01\",\"property\":null,\"include\":true,\"key\":\"bing-site-verification\",\"environment\":null,\"dependencies\":{\"site\":[\"bingSiteVerification\"]},\"tagAttrs\":[]},\"pinterest-site-verification\":{\"charset\":\"\",\"content\":\"{seomatic.site.pinterestSiteVerification}\",\"httpEquiv\":\"\",\"name\":\"p:domain_verify\",\"property\":null,\"include\":true,\"key\":\"pinterest-site-verification\",\"environment\":null,\"dependencies\":{\"site\":[\"pinterestSiteVerification\"]},\"tagAttrs\":[]}},\"name\":\"Miscellaneous\",\"description\":\"Miscellaneous Meta Tags\",\"class\":\"nystudio107\\\\seomatic\\\\models\\\\MetaTagContainer\",\"handle\":\"miscellaneous\",\"include\":true,\"dependencies\":[],\"clearCache\":false},\"MetaLinkContainergeneral\":{\"data\":{\"canonical\":{\"crossorigin\":\"\",\"href\":\"{seomatic.meta.canonicalUrl}\",\"hreflang\":\"\",\"media\":\"\",\"rel\":\"canonical\",\"sizes\":\"\",\"type\":\"\",\"include\":true,\"key\":\"canonical\",\"environment\":null,\"dependencies\":null,\"tagAttrs\":[]},\"home\":{\"crossorigin\":\"\",\"href\":\"{{ seomatic.helper.siteUrl(\\\"/\\\") }}\",\"hreflang\":\"\",\"media\":\"\",\"rel\":\"home\",\"sizes\":\"\",\"type\":\"\",\"include\":true,\"key\":\"home\",\"environment\":null,\"dependencies\":null,\"tagAttrs\":[]},\"author\":{\"crossorigin\":\"\",\"href\":\"{{ seomatic.helper.siteUrl(\\\"/humans.txt\\\") }}\",\"hreflang\":\"\",\"media\":\"\",\"rel\":\"author\",\"sizes\":\"\",\"type\":\"text/plain\",\"include\":true,\"key\":\"author\",\"environment\":null,\"dependencies\":{\"frontend_template\":[\"humans\"]},\"tagAttrs\":[]},\"publisher\":{\"crossorigin\":\"\",\"href\":\"{seomatic.site.googlePublisherLink}\",\"hreflang\":\"\",\"media\":\"\",\"rel\":\"publisher\",\"sizes\":\"\",\"type\":\"\",\"include\":true,\"key\":\"publisher\",\"environment\":null,\"dependencies\":{\"site\":[\"googlePublisherLink\"]},\"tagAttrs\":[]}},\"name\":\"General\",\"description\":\"Link Tags\",\"class\":\"nystudio107\\\\seomatic\\\\models\\\\MetaLinkContainer\",\"handle\":\"general\",\"include\":true,\"dependencies\":[],\"clearCache\":false},\"MetaScriptContainergeneral\":{\"data\":{\"gtag\":{\"name\":\"Google gtag.js\",\"description\":\"The global site tag (gtag.js) is a JavaScript tagging framework and API that allows you to send event data to AdWords, DoubleClick, and Google Analytics. Instead of having to manage multiple tags for different products, you can use gtag.js and more easily benefit from the latest tracking features and integrations as they become available. [Learn More](https://developers.google.com/gtagjs/)\",\"templatePath\":\"_frontend/scripts/gtagHead.twig\",\"templateString\":\"{% set gtagProperty = googleAnalyticsId.value ??? googleAdWordsId.value ??? dcFloodlightId.value ??? null %}\\n{% if gtagProperty %}\\nwindow.dataLayer = window.dataLayer || [{% if dataLayer is defined and dataLayer %}{{ dataLayer |json_encode() |raw }}{% endif %}];\\nfunction gtag(){dataLayer.push(arguments)};\\ngtag(\'js\', new Date());\\n{% set pageView = (sendPageView.value and not seomatic.helper.isPreview) %}\\n{% if googleAnalyticsId.value %}\\n{%- set gtagConfig = \\\"{\\\"\\n    ~ \\\"\'send_page_view\': #{pageView ? \'true\' : \'false\'},\\\"\\n    ~ \\\"\'anonymize_ip\': #{ipAnonymization.value ? \'true\' : \'false\'},\\\"\\n    ~ \\\"\'link_attribution\': #{enhancedLinkAttribution.value ? \'true\' : \'false\'},\\\"\\n    ~ \\\"\'allow_display_features\': #{displayFeatures.value ? \'true\' : \'false\'}\\\"\\n    ~ \\\"}\\\"\\n-%}\\ngtag(\'config\', \'{{ googleAnalyticsId.value }}\', {{ gtagConfig }});\\n{% endif %}\\n{% if googleAdWordsId.value %}\\n{%- set gtagConfig = \\\"{\\\"\\n    ~ \\\"\'send_page_view\': #{pageView ? \'true\' : \'false\'}\\\"\\n    ~ \\\"}\\\"\\n-%}\\ngtag(\'config\', \'{{ googleAdWordsId.value }}\', {{ gtagConfig }});\\n{% endif %}\\n{% if dcFloodlightId.value %}\\n{%- set gtagConfig = \\\"{\\\"\\n    ~ \\\"\'send_page_view\': #{pageView ? \'true\' : \'false\'}\\\"\\n    ~ \\\"}\\\"\\n-%}\\ngtag(\'config\', \'{{ dcFloodlightId.value }}\', {{ gtagConfig }});\\n{% endif %}\\n{% endif %}\\n\",\"position\":1,\"bodyTemplatePath\":\"_frontend/scripts/gtagBody.twig\",\"bodyTemplateString\":\"{% set gtagProperty = googleAnalyticsId.value ??? googleAdWordsId.value ??? dcFloodlightId.value ??? null %}\\n{% if gtagProperty %}\\n<script async src=\\\"{{ gtagScriptUrl.value }}?id={{ gtagProperty }}\\\"></script>\\n{% endif %}\\n\",\"bodyPosition\":2,\"vars\":{\"googleAnalyticsId\":{\"title\":\"Google Analytics Measurement/Tracking ID\",\"instructions\":\"Only enter the ID, e.g.: `G-XXXXXXXXXX` or `UA-XXXXXX-XX`, not the entire script code. [Learn More](https://support.google.com/analytics/answer/1032385?hl=e)\",\"type\":\"string\",\"value\":\"\"},\"googleAdWordsId\":{\"title\":\"AdWords Conversion ID\",\"instructions\":\"Only enter the ID, e.g.: `AW-XXXXXXXX`, not the entire script code. [Learn More](https://developers.google.com/adwords-remarketing-tag/)\",\"type\":\"string\",\"value\":\"\"},\"dcFloodlightId\":{\"title\":\"DoubleClick Floodlight ID\",\"instructions\":\"Only enter the ID, e.g.: `DC-XXXXXXXX`, not the entire script code. [Learn More](https://support.google.com/dcm/partner/answer/7568534)\",\"type\":\"string\",\"value\":\"\"},\"sendPageView\":{\"title\":\"Automatically send PageView\",\"instructions\":\"Controls whether the `gtag.js` script automatically sends a PageView to Google Analytics, AdWords, and DoubleClick Floodlight when your pages are loaded.\",\"type\":\"bool\",\"value\":true},\"ipAnonymization\":{\"title\":\"Google Analytics IP Anonymization\",\"instructions\":\"In some cases, you might need to anonymize the IP addresses of hits sent to Google Analytics. [Learn More](https://developers.google.com/analytics/devguides/collection/gtagjs/ip-anonymization)\",\"type\":\"bool\",\"value\":false},\"displayFeatures\":{\"title\":\"Google Analytics Display Features\",\"instructions\":\"The display features plugin for gtag.js can be used to enable Advertising Features in Google Analytics, such as Remarketing, Demographics and Interest Reporting, and more. [Learn More](https://developers.google.com/analytics/devguides/collection/gtagjs/display-features)\",\"type\":\"bool\",\"value\":false},\"enhancedLinkAttribution\":{\"title\":\"Google Analytics Enhanced Link Attribution\",\"instructions\":\"Enhanced link attribution improves click track reporting by automatically differentiating between multiple link clicks that have the same URL on a given page. [Learn More](https://developers.google.com/analytics/devguides/collection/gtagjs/enhanced-link-attribution)\",\"type\":\"bool\",\"value\":false},\"gtagScriptUrl\":{\"title\":\"Google gtag.js Script URL\",\"instructions\":\"The URL to the Google gtag.js tracking script. Normally this should not be changed, unless you locally cache it. The JavaScript `dataLayer` will automatically be set to the `dataLayer` Twig template variable.\",\"type\":\"string\",\"value\":\"https://www.googletagmanager.com/gtag/js\"}},\"dataLayer\":[],\"include\":false,\"key\":\"gtag\",\"environment\":{\"staging\":{\"include\":false},\"local\":{\"include\":false}},\"dependencies\":null,\"tagAttrs\":[],\"nonce\":null},\"googleTagManager\":{\"name\":\"Google Tag Manager\",\"description\":\"Google Tag Manager is a tag management system that allows you to quickly and easily update tags and code snippets on your website. Once the Tag Manager snippet has been added to your website or mobile app, you can configure tags via a web-based user interface without having to alter and deploy additional code. [Learn More](https://support.google.com/tagmanager/answer/6102821?hl=en)\",\"templatePath\":\"_frontend/scripts/googleTagManagerHead.twig\",\"templateString\":\"{% if googleTagManagerId.value is defined and googleTagManagerId.value and not seomatic.helper.isPreview %}\\n{{ dataLayerVariableName.value }} = [{% if dataLayer is defined and dataLayer %}{{ dataLayer |json_encode() |raw }}{% endif %}];\\n(function(w,d,s,l,i){w[l]=w[l]||[];w[l].push({\'gtm.start\':\\nnew Date().getTime(),event:\'gtm.js\'});var f=d.getElementsByTagName(s)[0],\\nj=d.createElement(s),dl=l!=\'dataLayer\'?\'&l=\'+l:\'\';j.async=true;j.src=\\n\'{{ googleTagManagerUrl.value }}?id=\'+i+dl;f.parentNode.insertBefore(j,f);\\n})(window,document,\'script\',\'{{ dataLayerVariableName.value }}\',\'{{ googleTagManagerId.value }}\');\\n{% endif %}\\n\",\"position\":1,\"bodyTemplatePath\":\"_frontend/scripts/googleTagManagerBody.twig\",\"bodyTemplateString\":\"{% if googleTagManagerId.value is defined and googleTagManagerId.value and not seomatic.helper.isPreview %}\\n<noscript><iframe src=\\\"{{ googleTagManagerNoScriptUrl.value }}?id={{ googleTagManagerId.value }}\\\"\\nheight=\\\"0\\\" width=\\\"0\\\" style=\\\"display:none;visibility:hidden\\\"></iframe></noscript>\\n{% endif %}\\n\",\"bodyPosition\":2,\"vars\":{\"googleTagManagerId\":{\"title\":\"Google Tag Manager ID\",\"instructions\":\"Only enter the ID, e.g.: `GTM-XXXXXX`, not the entire script code. [Learn More](https://developers.google.com/tag-manager/quickstart)\",\"type\":\"string\",\"value\":\"\"},\"dataLayerVariableName\":{\"title\":\"DataLayer Variable Name\",\"instructions\":\"The name to use for the JavaScript DataLayer variable. The value of this variable will be set to the `dataLayer` Twig template variable.\",\"type\":\"string\",\"value\":\"dataLayer\"},\"googleTagManagerUrl\":{\"title\":\"Google Tag Manager Script URL\",\"instructions\":\"The URL to the Google Tag Manager script. Normally this should not be changed, unless you locally cache it.\",\"type\":\"string\",\"value\":\"https://www.googletagmanager.com/gtm.js\"},\"googleTagManagerNoScriptUrl\":{\"title\":\"Google Tag Manager Script &lt;noscript&gt; URL\",\"instructions\":\"The URL to the Google Tag Manager `&lt;noscript&gt;`. Normally this should not be changed, unless you locally cache it.\",\"type\":\"string\",\"value\":\"https://www.googletagmanager.com/ns.html\"}},\"dataLayer\":[],\"include\":false,\"key\":\"googleTagManager\",\"environment\":{\"staging\":{\"include\":false},\"local\":{\"include\":false}},\"dependencies\":null,\"tagAttrs\":[],\"nonce\":null},\"facebookPixel\":{\"name\":\"Facebook Pixel\",\"description\":\"The Facebook pixel is an analytics tool that helps you measure the effectiveness of your advertising. You can use the Facebook pixel to understand the actions people are taking on your website and reach audiences you care about. [Learn More](https://www.facebook.com/business/help/651294705016616)\",\"templatePath\":\"_frontend/scripts/facebookPixelHead.twig\",\"templateString\":\"{% if facebookPixelId.value is defined and facebookPixelId.value %}\\n!function(f,b,e,v,n,t,s){if(f.fbq)return;n=f.fbq=function(){n.callMethod?\\nn.callMethod.apply(n,arguments):n.queue.push(arguments)};if(!f._fbq)f._fbq=n;\\nn.push=n;n.loaded=!0;n.version=\'2.0\';n.queue=[];t=b.createElement(e);t.async=!0;\\nt.src=v;s=b.getElementsByTagName(e)[0];s.parentNode.insertBefore(t,s)}(window,\\ndocument,\'script\',\'{{ facebookPixelUrl.value }}\');\\nfbq(\'init\', \'{{ facebookPixelId.value }}\');\\n{% set pageView = (sendPageView.value and not seomatic.helper.isPreview) %}\\n{% if pageView %}\\nfbq(\'track\', \'PageView\');\\n{% endif %}\\n{% endif %}\\n\",\"position\":1,\"bodyTemplatePath\":\"_frontend/scripts/facebookPixelBody.twig\",\"bodyTemplateString\":\"{% if facebookPixelId.value is defined and facebookPixelId.value %}\\n<noscript><img height=\\\"1\\\" width=\\\"1\\\" style=\\\"display:none\\\"\\nsrc=\\\"{{ facebookPixelNoScriptUrl.value }}?id={{ facebookPixelId.value }}&ev=PageView&noscript=1\\\" /></noscript>\\n{% endif %}\\n\",\"bodyPosition\":2,\"vars\":{\"facebookPixelId\":{\"title\":\"Facebook Pixel ID\",\"instructions\":\"Only enter the ID, e.g.: `XXXXXXXXXX`, not the entire script code. [Learn More](https://developers.facebook.com/docs/facebook-pixel/api-reference)\",\"type\":\"string\",\"value\":\"\"},\"sendPageView\":{\"title\":\"Automatically send Facebook Pixel PageView\",\"instructions\":\"Controls whether the Facebook Pixel script automatically sends a PageView to Facebook Analytics when your pages are loaded.\",\"type\":\"bool\",\"value\":true},\"facebookPixelUrl\":{\"title\":\"Facebook Pixel Script URL\",\"instructions\":\"The URL to the Facebook Pixel script. Normally this should not be changed, unless you locally cache it.\",\"type\":\"string\",\"value\":\"https://connect.facebook.net/en_US/fbevents.js\"},\"facebookPixelNoScriptUrl\":{\"title\":\"Facebook Pixel Script &lt;noscript&gt; URL\",\"instructions\":\"The URL to the Facebook Pixel `&lt;noscript&gt;`. Normally this should not be changed, unless you locally cache it.\",\"type\":\"string\",\"value\":\"https://www.facebook.com/tr\"}},\"dataLayer\":[],\"include\":false,\"key\":\"facebookPixel\",\"environment\":{\"staging\":{\"include\":false},\"local\":{\"include\":false}},\"dependencies\":null,\"tagAttrs\":[],\"nonce\":null},\"linkedInInsight\":{\"name\":\"LinkedIn Insight\",\"description\":\"The LinkedIn Insight Tag is a lightweight JavaScript tag that powers conversion tracking, retargeting, and web analytics for LinkedIn ad campaigns.\",\"templatePath\":\"_frontend/scripts/linkedInInsightHead.twig\",\"templateString\":\"{% if dataPartnerId.value is defined and dataPartnerId.value %}\\n_linkedin_data_partner_id = \\\"{{ dataPartnerId.value }}\\\";\\n{% endif %}\\n\",\"position\":1,\"bodyTemplatePath\":\"_frontend/scripts/linkedInInsightBody.twig\",\"bodyTemplateString\":\"{% if dataPartnerId.value is defined and dataPartnerId.value %}\\n<script type=\\\"text/javascript\\\">\\n(function(){var s = document.getElementsByTagName(\\\"script\\\")[0];\\n    var b = document.createElement(\\\"script\\\");\\n    b.type = \\\"text/javascript\\\";b.async = true;\\n    b.src = \\\"{{ linkedInInsightUrl.value }}\\\";\\n    s.parentNode.insertBefore(b, s);})();\\n</script>\\n<noscript>\\n<img height=\\\"1\\\" width=\\\"1\\\" style=\\\"display:none;\\\" alt=\\\"\\\" src=\\\"{{ linkedInInsightNoScriptUrl.value }}?pid={{ dataPartnerId.value }}&fmt=gif\\\" />\\n</noscript>\\n{% endif %}\\n\",\"bodyPosition\":3,\"vars\":{\"dataPartnerId\":{\"title\":\"LinkedIn Data Partner ID\",\"instructions\":\"Only enter the ID, e.g.: `XXXXXXXXXX`, not the entire script code. [Learn More](https://www.linkedin.com/help/lms/answer/65513/adding-the-linkedin-insight-tag-to-your-website?lang=en)\",\"type\":\"string\",\"value\":\"\"},\"linkedInInsightUrl\":{\"title\":\"LinkedIn Insight Script URL\",\"instructions\":\"The URL to the LinkedIn Insight script. Normally this should not be changed, unless you locally cache it.\",\"type\":\"string\",\"value\":\"https://snap.licdn.com/li.lms-analytics/insight.min.js\"},\"linkedInInsightNoScriptUrl\":{\"title\":\"LinkedIn Insight &lt;noscript&gt; URL\",\"instructions\":\"The URL to the LinkedIn Insight `&lt;noscript&gt;`. Normally this should not be changed, unless you locally cache it.\",\"type\":\"string\",\"value\":\"https://dc.ads.linkedin.com/collect/\"}},\"dataLayer\":[],\"include\":false,\"key\":\"linkedInInsight\",\"environment\":{\"staging\":{\"include\":false},\"local\":{\"include\":false}},\"dependencies\":null,\"tagAttrs\":[],\"nonce\":null},\"hubSpot\":{\"name\":\"HubSpot\",\"description\":\"If you\'re not hosting your entire website on HubSpot, or have pages on your website that are not hosted on HubSpot, you\'ll need to install the HubSpot tracking code on your non-HubSpot pages in order to capture those analytics.\",\"templatePath\":null,\"templateString\":null,\"position\":1,\"bodyTemplatePath\":\"_frontend/scripts/hubSpotBody.twig\",\"bodyTemplateString\":\"{% if hubSpotId.value is defined and hubSpotId.value %}\\n<script type=\\\"text/javascript\\\" id=\\\"hs-script-loader\\\" async defer src=\\\"{{ hubSpotUrl.value }}{{ hubSpotId.value }}.js\\\"></script>\\n{% endif %}\\n\",\"bodyPosition\":3,\"vars\":{\"hubSpotId\":{\"title\":\"HubSpot ID\",\"instructions\":\"Only enter the ID, e.g.: `XXXXXXXXXX`, not the entire script code. [Learn More](https://knowledge.hubspot.com/articles/kcs_article/reports/install-the-hubspot-tracking-code)\",\"type\":\"string\",\"value\":\"\"},\"hubSpotUrl\":{\"title\":\"HubSpot Script URL\",\"instructions\":\"The URL to the HubSpot script. Normally this should not be changed, unless you locally cache it.\",\"type\":\"string\",\"value\":\"//js.hs-scripts.com/\"}},\"dataLayer\":[],\"include\":false,\"key\":\"hubSpot\",\"environment\":{\"staging\":{\"include\":false},\"local\":{\"include\":false}},\"dependencies\":null,\"tagAttrs\":[],\"nonce\":null},\"pinterestTag\":{\"name\":\"Pinterest Tag\",\"description\":\"The Pinterest tag allows you to track actions people take on your website after viewing your Promoted Pin. You can use this information to measure return on ad spend (RoAS) and create audiences to target on your Promoted Pins. [Learn More](https://help.pinterest.com/en/business/article/track-conversions-with-pinterest-tag)\",\"templatePath\":\"_frontend/scripts/pinterestTagHead.twig\",\"templateString\":\"{% if pinterestTagId.value is defined and pinterestTagId.value %}\\n!function(e){if(!window.pintrk){window.pintrk=function(){window.pintrk.queue.push(\\nArray.prototype.slice.call(arguments))};var\\nn=window.pintrk;n.queue=[],n.version=\\\"3.0\\\";var\\nt=document.createElement(\\\"script\\\");t.async=!0,t.src=e;var\\nr=document.getElementsByTagName(\\\"script\\\")[0];r.parentNode.insertBefore(t,r)}}(\\\"{{ pinterestTagUrl.value }}\\\");\\npintrk(\'load\', \'{{ pinterestTagId.value }}\');\\n{% set pageView = (sendPageView.value and not seomatic.helper.isPreview) %}\\n{% if pageView %}\\npintrk(\'page\');\\n{% endif %}\\n{% endif %}\\n\",\"position\":1,\"bodyTemplatePath\":\"_frontend/scripts/pinterestTagBody.twig\",\"bodyTemplateString\":\"{% if pinterestTagId.value is defined and pinterestTagId.value %}\\n<noscript><img height=\\\"1\\\" width=\\\"1\\\" style=\\\"display:none;\\\" alt=\\\"\\\" src=\\\"{{ pinterestTagNoScriptUrl.value }}?tid={{ pinterestTagId.value }}&noscript=1\\\" /></noscript>\\n{% endif %}\\n\",\"bodyPosition\":2,\"vars\":{\"pinterestTagId\":{\"title\":\"Pinterest Tag ID\",\"instructions\":\"Only enter the ID, e.g.: `XXXXXXXXXX`, not the entire script code. [Learn More](https://developers.pinterest.com/docs/ad-tools/conversion-tag/)\",\"type\":\"string\",\"value\":\"\"},\"sendPageView\":{\"title\":\"Automatically send Pinterest Tag PageView\",\"instructions\":\"Controls whether the Pinterest Tag script automatically sends a PageView to when your pages are loaded.\",\"type\":\"bool\",\"value\":true},\"pinterestTagUrl\":{\"title\":\"Pinterest Tag Script URL\",\"instructions\":\"The URL to the Pinterest Tag script. Normally this should not be changed, unless you locally cache it.\",\"type\":\"string\",\"value\":\"https://s.pinimg.com/ct/core.js\"},\"pinterestTagNoScriptUrl\":{\"title\":\"Pinterest Tag Script &lt;noscript&gt; URL\",\"instructions\":\"The URL to the Pinterest Tag `&lt;noscript&gt;`. Normally this should not be changed, unless you locally cache it.\",\"type\":\"string\",\"value\":\"https://ct.pinterest.com/v3/\"}},\"dataLayer\":[],\"include\":false,\"key\":\"pinterestTag\",\"environment\":{\"staging\":{\"include\":false},\"local\":{\"include\":false}},\"dependencies\":null,\"tagAttrs\":[],\"nonce\":null},\"fathom\":{\"name\":\"Fathom\",\"description\":\"Fathom is a simple, light-weight, privacy-first alternative to Google Analytics. So, stop scrolling through pages of reports and collecting gobs of personal data about your visitors, both of which you probably dont need. [Learn More](https://usefathom.com/)\",\"templatePath\":\"_frontend/scripts/fathomAnalytics.twig\",\"templateString\":\"{% if siteId.value is defined and siteId.value %}\\n(function() {\\nvar tag = document.createElement(\'script\');\\ntag.src = \\\"{{ scriptUrl.value }}\\\";\\ntag.defer = true;\\ntag.setAttribute(\\\"data-site\\\", \\\"{{ siteId.value | raw }}\\\");\\n{% if honorDnt.value %}\\ntag.setAttribute(\\\"data-honor-dnt\\\", \\\"true\\\");\\n{% endif %}\\n{% if disableAutoTracking.value %}\\ntag.setAttribute(\\\"data-auto\\\", \\\"false\\\");\\n{% endif %}\\n{% if ignoreCanonicals.value %}\\ntag.setAttribute(\\\"data-canonical\\\", \\\"false\\\");\\n{% endif %}\\n{% if excludedDomains.value | length %}\\ntag.setAttribute(\\\"data-excluded-domains\\\", \\\"{{ excludedDomains.value | raw }}\\\");\\n{% endif %}\\n{% if includedDomains.value | length %}\\ntag.setAttribute(\\\"data-included-domains\\\", \\\"{{ includedDomains.value | raw }}\\\");\\n{% endif %}\\nvar firstScriptTag = document.getElementsByTagName(\'script\')[0];\\nfirstScriptTag.parentNode.insertBefore(tag, firstScriptTag);\\n})();\\n{% endif %}\\n\",\"position\":1,\"bodyTemplatePath\":null,\"bodyTemplateString\":null,\"bodyPosition\":2,\"vars\":{\"siteId\":{\"title\":\"Site ID\",\"instructions\":\"Only enter the Site ID, not the entire script code. [Learn More](https://usefathom.com/support/tracking)\",\"type\":\"string\",\"value\":\"\"},\"honorDnt\":{\"title\":\"Honoring Do Not Track (DNT)\",\"instructions\":\"By default we track every visitor to your website, regardless of them having DNT turned on or not. [Learn More](https://usefathom.com/support/tracking-advanced)\",\"type\":\"bool\",\"value\":false},\"disableAutoTracking\":{\"title\":\"Disable automatic tracking\",\"instructions\":\"By default, we track a page view every time a visitor to your website loads a page with our script on it. [Learn More](https://usefathom.com/support/tracking-advanced)\",\"type\":\"bool\",\"value\":false},\"ignoreCanonicals\":{\"title\":\"Ignore canonicals\",\"instructions\":\"If theres a canonical URL in place, then by default we use it instead of the current URL. [Learn More](https://usefathom.com/support/tracking-advanced)\",\"type\":\"bool\",\"value\":false},\"excludedDomains\":{\"title\":\"Excluded Domains\",\"instructions\":\"You exclude one or several domains, so our tracker will track things on every domain, except the ones excluded. [Learn More](https://usefathom.com/support/tracking-advanced)\",\"type\":\"string\",\"value\":\"\"},\"includedDomains\":{\"title\":\"Included Domains\",\"instructions\":\"If you want to go in the opposite direction and only track stats on a specific domain. [Learn More](https://usefathom.com/support/tracking-advanced)\",\"type\":\"string\",\"value\":\"\"},\"scriptUrl\":{\"title\":\"Fathom Script URL\",\"instructions\":\"The URL to the Fathom tracking script. Normally this should not be changed, unless you locally cache it.\",\"type\":\"string\",\"value\":\"https://cdn.usefathom.com/script.js\"}},\"dataLayer\":[],\"include\":false,\"key\":\"fathom\",\"environment\":{\"staging\":{\"include\":false},\"local\":{\"include\":false}},\"dependencies\":null,\"tagAttrs\":[],\"nonce\":null},\"matomo\":{\"name\":\"Matomo\",\"description\":\"Matomo is a Google Analytics alternative that protects your data and your customers\' privacy [Learn More](https://matomo.org/)\",\"templatePath\":\"_frontend/scripts/matomoAnalytics.twig\",\"templateString\":\"{% if siteId.value is defined and siteId.value and scriptUrl.value is defined and scriptUrl.value | length %}\\nvar _paq = window._paq = window._paq || [];\\n{% if sendPageView.value %}\\n_paq.push([\'trackPageView\']);\\n{% endif %}\\n{% if sendPageView.value %}\\n_paq.push([\'enableLinkTracking\']);\\n{% endif %}\\n(function() {\\nvar u=\\\"{{ scriptUrl.value }}\\\";\\n_paq.push([\'setTrackerUrl\', u+\'matomo.php\']);\\n_paq.push([\'setSiteId\', {{ siteId.value }}]);\\nvar d=document, g=d.createElement(\'script\'), s=d.getElementsByTagName(\'script\')[0];\\ng.type=\'text/javascript\'; g.async=true; g.src=u+\'matomo.js\'; s.parentNode.insertBefore(g,s);\\n})();\\n{% endif %}\\n\",\"position\":1,\"bodyTemplatePath\":null,\"bodyTemplateString\":null,\"bodyPosition\":2,\"vars\":{\"siteId\":{\"title\":\"Site ID\",\"instructions\":\"Only enter the Site ID, not the entire script code. [Learn More](https://developer.matomo.org/guides/tracking-javascript-guide)\",\"type\":\"string\",\"value\":\"\"},\"sendPageView\":{\"title\":\"Automatically send Matomo PageView\",\"instructions\":\"Controls whether the Matomo script automatically sends a PageView when your pages are loaded. [Learn More](https://developer.matomo.org/api-reference/tracking-javascript)\",\"type\":\"bool\",\"value\":true},\"enableLinkTracking\":{\"title\":\"Enable Link Tracking\",\"instructions\":\"Install link tracking on all applicable link elements. [Learn More](https://developer.matomo.org/api-reference/tracking-javascript)\",\"type\":\"bool\",\"value\":true},\"scriptUrl\":{\"title\":\"Matomo Script URL\",\"instructions\":\"The URL to the Matomo tracking script. This will vary depending on whether you are using Matomo Cloud or Matomo On-Premise. [Learn More](https://developer.matomo.org/guides/tracking-javascript-guide)\",\"type\":\"string\",\"value\":\"\"}},\"dataLayer\":[],\"include\":false,\"key\":\"matomo\",\"environment\":{\"staging\":{\"include\":false},\"local\":{\"include\":false}},\"dependencies\":null,\"tagAttrs\":[],\"nonce\":null},\"plausible\":{\"name\":\"Plausible\",\"description\":\"Plausible is a lightweight and open-source website analytics tool. No cookies and fully compliant with GDPR, CCPA and PECR. [Learn More](https://plausible.io/)\",\"templatePath\":\"_frontend/scripts/plausibleAnalytics.twig\",\"templateString\":\"{% if siteDomain.value is defined and siteDomain.value %}\\n(function() {\\nvar tag = document.createElement(\'script\');\\ntag.src = \\\"{{ scriptUrl.value }}\\\";\\ntag.defer = true;\\ntag.setAttribute(\\\"data-domain\\\", \\\"{{ siteDomain.value | raw }}\\\");\\nvar firstScriptTag = document.getElementsByTagName(\'script\')[0];\\nfirstScriptTag.parentNode.insertBefore(tag, firstScriptTag);\\n})();\\n{% endif %}\\n\",\"position\":1,\"bodyTemplatePath\":null,\"bodyTemplateString\":null,\"bodyPosition\":2,\"vars\":{\"siteDomain\":{\"title\":\"Site Domain\",\"instructions\":\"Only enter the site domain, not the entire script code. [Learn More](https://plausible.io/docs/plausible-script)\",\"type\":\"string\",\"value\":\"\"},\"scriptUrl\":{\"title\":\"Plausible Script URL\",\"instructions\":\"The URL to the Plausible tracking script. Normally this should not be changed, unless you locally cache it.\",\"type\":\"string\",\"value\":\"https://plausible.io/js/plausible.js\"}},\"dataLayer\":[],\"include\":false,\"key\":\"plausible\",\"environment\":{\"staging\":{\"include\":false},\"local\":{\"include\":false}},\"dependencies\":null,\"tagAttrs\":[],\"nonce\":null},\"googleAnalytics\":{\"name\":\"Google Analytics (old)\",\"description\":\"Google Analytics gives you the digital analytics tools you need to analyze data from all touchpoints in one place, for a deeper understanding of the customer experience. You can then share the insights that matter with your whole organization. [Learn More](https://www.google.com/analytics/analytics/)\",\"templatePath\":\"_frontend/scripts/googleAnalytics.twig\",\"templateString\":\"{% if trackingId.value is defined and trackingId.value %}\\n(function(i,s,o,g,r,a,m){i[\'GoogleAnalyticsObject\']=r;i[r]=i[r]||function(){\\n(i[r].q=i[r].q||[]).push(arguments)},i[r].l=1*new Date();a=s.createElement(o),\\nm=s.getElementsByTagName(o)[0];a.async=1;a.src=g;m.parentNode.insertBefore(a,m)\\n})(window,document,\'script\',\'{{ analyticsUrl.value }}\',\'ga\');\\nga(\'create\', \'{{ trackingId.value |raw }}\', \'auto\'{% if linker.value %}, {allowLinker: true}{% endif %});\\n{% if ipAnonymization.value %}\\nga(\'set\', \'anonymizeIp\', true);\\n{% endif %}\\n{% if displayFeatures.value %}\\nga(\'require\', \'displayfeatures\');\\n{% endif %}\\n{% if ecommerce.value %}\\nga(\'require\', \'ecommerce\');\\n{% endif %}\\n{% if enhancedEcommerce.value %}\\nga(\'require\', \'ec\');\\n{% endif %}\\n{% if enhancedLinkAttribution.value %}\\nga(\'require\', \'linkid\');\\n{% endif %}\\n{% if enhancedLinkAttribution.value %}\\nga(\'require\', \'linker\');\\n{% endif %}\\n{% set pageView = (sendPageView.value and not seomatic.helper.isPreview) %}\\n{% if pageView %}\\nga(\'send\', \'pageview\');\\n{% endif %}\\n{% endif %}\\n\",\"position\":1,\"bodyTemplatePath\":null,\"bodyTemplateString\":null,\"bodyPosition\":2,\"vars\":{\"trackingId\":{\"title\":\"Google Analytics Tracking ID\",\"instructions\":\"Only enter the ID, e.g.: `UA-XXXXXX-XX`, not the entire script code. [Learn More](https://support.google.com/analytics/answer/1032385?hl=e)\",\"type\":\"string\",\"value\":\"\"},\"sendPageView\":{\"title\":\"Automatically send Google Analytics PageView\",\"instructions\":\"Controls whether the Google Analytics script automatically sends a PageView to Google Analytics when your pages are loaded.\",\"type\":\"bool\",\"value\":true},\"ipAnonymization\":{\"title\":\"Google Analytics IP Anonymization\",\"instructions\":\"When a customer of Analytics requests IP address anonymization, Analytics anonymizes the address as soon as technically feasible at the earliest possible stage of the collection network.\",\"type\":\"bool\",\"value\":false},\"displayFeatures\":{\"title\":\"Display Features\",\"instructions\":\"The display features plugin for analytics.js can be used to enable Advertising Features in Google Analytics, such as Remarketing, Demographics and Interest Reporting, and more. [Learn More](https://developers.google.com/analytics/devguides/collection/analyticsjs/display-features)\",\"type\":\"bool\",\"value\":false},\"ecommerce\":{\"title\":\"Ecommerce\",\"instructions\":\"Ecommerce tracking allows you to measure the number of transactions and revenue that your website generates. [Learn More](https://developers.google.com/analytics/devguides/collection/analyticsjs/ecommerce)\",\"type\":\"bool\",\"value\":false},\"enhancedEcommerce\":{\"title\":\"Enhanced Ecommerce\",\"instructions\":\"The enhanced ecommerce plug-in for analytics.js enables the measurement of user interactions with products on ecommerce websites across the user\'s shopping experience, including: product impressions, product clicks, viewing product details, adding a product to a shopping cart, initiating the checkout process, transactions, and refunds. [Learn More](https://developers.google.com/analytics/devguides/collection/analyticsjs/enhanced-ecommerce)\",\"type\":\"bool\",\"value\":false},\"enhancedLinkAttribution\":{\"title\":\"Enhanced Link Attribution\",\"instructions\":\"Enhanced Link Attribution improves the accuracy of your In-Page Analytics report by automatically differentiating between multiple links to the same URL on a single page by using link element IDs. [Learn More](https://developers.google.com/analytics/devguides/collection/analyticsjs/enhanced-link-attribution)\",\"type\":\"bool\",\"value\":false},\"linker\":{\"title\":\"Linker\",\"instructions\":\"The linker plugin simplifies the process of implementing cross-domain tracking as described in the Cross-domain Tracking guide for analytics.js. [Learn More](https://developers.google.com/analytics/devguides/collection/analyticsjs/linker)\",\"type\":\"bool\",\"value\":false},\"analyticsUrl\":{\"title\":\"Google Analytics Script URL\",\"instructions\":\"The URL to the Google Analytics tracking script. Normally this should not be changed, unless you locally cache it.\",\"type\":\"string\",\"value\":\"https://www.google-analytics.com/analytics.js\"}},\"dataLayer\":[],\"include\":false,\"key\":\"googleAnalytics\",\"environment\":{\"staging\":{\"include\":false},\"local\":{\"include\":false}},\"dependencies\":null,\"tagAttrs\":[],\"nonce\":null}},\"position\":1,\"name\":\"General\",\"description\":\"Script Tags\",\"class\":\"nystudio107\\\\seomatic\\\\models\\\\MetaScriptContainer\",\"handle\":\"general\",\"include\":true,\"dependencies\":[],\"clearCache\":false},\"MetaJsonLdContainergeneral\":{\"data\":{\"mainEntityOfPage\":{\"issn\":null,\"about\":null,\"abstract\":null,\"accessMode\":null,\"accessModeSufficient\":null,\"accessibilityAPI\":null,\"accessibilityControl\":null,\"accessibilityFeature\":null,\"accessibilityHazard\":null,\"accessibilitySummary\":null,\"accountablePerson\":null,\"acquireLicensePage\":null,\"aggregateRating\":null,\"alternativeHeadline\":null,\"associatedMedia\":null,\"audience\":null,\"audio\":null,\"author\":{\"id\":\"{parseEnv(seomatic.site.identity.genericUrl)}#identity\"},\"award\":null,\"character\":null,\"citation\":null,\"comment\":null,\"commentCount\":null,\"conditionsOfAccess\":null,\"contentLocation\":null,\"contentRating\":null,\"contentReferenceTime\":null,\"contributor\":null,\"copyrightHolder\":{\"id\":\"{parseEnv(seomatic.site.identity.genericUrl)}#identity\"},\"copyrightYear\":null,\"correction\":null,\"creativeWorkStatus\":null,\"creator\":{\"id\":\"{parseEnv(seomatic.site.creator.genericUrl)}#creator\"},\"dateCreated\":null,\"dateModified\":null,\"datePublished\":null,\"discussionUrl\":null,\"editor\":null,\"educationalAlignment\":null,\"educationalUse\":null,\"encoding\":null,\"encodingFormat\":null,\"exampleOfWork\":null,\"expires\":null,\"funder\":null,\"genre\":null,\"hasPart\":null,\"headline\":null,\"inLanguage\":\"{seomatic.meta.language}\",\"interactionStatistic\":null,\"interactivityType\":null,\"isAccessibleForFree\":null,\"isBasedOn\":null,\"isFamilyFriendly\":null,\"isPartOf\":null,\"keywords\":null,\"learningResourceType\":null,\"license\":null,\"locationCreated\":null,\"mainEntity\":null,\"maintainer\":null,\"material\":null,\"materialExtent\":null,\"mentions\":null,\"offers\":null,\"position\":null,\"producer\":null,\"provider\":null,\"publication\":null,\"publisher\":null,\"publisherImprint\":null,\"publishingPrinciples\":null,\"recordedAt\":null,\"releasedEvent\":null,\"review\":null,\"schemaVersion\":null,\"sdDatePublished\":null,\"sdLicense\":null,\"sdPublisher\":null,\"sourceOrganization\":null,\"spatial\":null,\"spatialCoverage\":null,\"sponsor\":null,\"temporal\":null,\"temporalCoverage\":null,\"text\":null,\"thumbnailUrl\":null,\"timeRequired\":null,\"translationOfWork\":null,\"translator\":null,\"typicalAgeRange\":null,\"usageInfo\":null,\"version\":null,\"video\":null,\"workExample\":null,\"workTranslation\":null,\"additionalType\":null,\"alternateName\":null,\"description\":\"{seomatic.meta.seoDescription}\",\"disambiguatingDescription\":null,\"identifier\":null,\"image\":{\"type\":\"ImageObject\",\"url\":\"{seomatic.meta.seoImage}\"},\"mainEntityOfPage\":\"{seomatic.meta.canonicalUrl}\",\"name\":\"{seomatic.meta.seoTitle}\",\"potentialAction\":{\"type\":\"SearchAction\",\"target\":{\"type\":\"EntryPoint\",\"urlTemplate\":\"{seomatic.site.siteLinksSearchTarget}\"},\"query-input\":\"{seomatic.helper.siteLinksQueryInput()}\"},\"sameAs\":null,\"subjectOf\":null,\"url\":\"{seomatic.meta.canonicalUrl}\",\"context\":\"http://schema.org\",\"type\":\"{seomatic.meta.mainEntityOfPage}\",\"id\":null,\"graph\":null,\"include\":true,\"key\":\"mainEntityOfPage\",\"environment\":null,\"dependencies\":null,\"tagAttrs\":[],\"nonce\":null},\"identity\":{\"actionableFeedbackPolicy\":null,\"address\":{\"type\":\"PostalAddress\",\"streetAddress\":\"{seomatic.site.identity.genericStreetAddress}\",\"addressLocality\":\"{seomatic.site.identity.genericAddressLocality}\",\"addressRegion\":\"{seomatic.site.identity.genericAddressRegion}\",\"postalCode\":\"{seomatic.site.identity.genericPostalCode}\",\"addressCountry\":\"{seomatic.site.identity.genericAddressCountry}\"},\"aggregateRating\":null,\"alumni\":null,\"areaServed\":null,\"award\":null,\"brand\":null,\"contactPoint\":null,\"correctionsPolicy\":null,\"department\":null,\"dissolutionDate\":null,\"diversityPolicy\":null,\"diversityStaffingReport\":null,\"duns\":\"{seomatic.site.identity.organizationDuns}\",\"email\":\"{seomatic.site.identity.genericEmail}\",\"employee\":null,\"ethicsPolicy\":null,\"event\":null,\"faxNumber\":null,\"founder\":\"{seomatic.site.identity.organizationFounder}\",\"foundingDate\":\"{seomatic.site.identity.organizationFoundingDate}\",\"foundingLocation\":\"{seomatic.site.identity.organizationFoundingLocation}\",\"funder\":null,\"globalLocationNumber\":null,\"hasCredential\":null,\"hasMerchantReturnPolicy\":null,\"hasOfferCatalog\":null,\"hasPOS\":null,\"interactionStatistic\":null,\"isicV4\":null,\"knowsAbout\":null,\"knowsLanguage\":null,\"legalName\":null,\"leiCode\":null,\"location\":null,\"logo\":{\"type\":\"ImageObject\",\"url\":\"{seomatic.helper.socialTransform(seomatic.site.identity.genericImageIds[0], \\\"schema-logo\\\")}\",\"width\":\"{seomatic.helper.socialTransformWidth(seomatic.site.identity.genericImageIds[0], \\\"schema-logo\\\")}\",\"height\":\"{seomatic.helper.socialTransformHeight(seomatic.site.identity.genericImageIds[0], \\\"schema-logo\\\")}\"},\"makesOffer\":null,\"member\":null,\"memberOf\":null,\"naics\":null,\"numberOfEmployees\":null,\"ownershipFundingInfo\":null,\"owns\":null,\"parentOrganization\":null,\"publishingPrinciples\":null,\"review\":null,\"seeks\":null,\"slogan\":null,\"sponsor\":null,\"subOrganization\":null,\"taxID\":null,\"telephone\":\"{seomatic.site.identity.genericTelephone}\",\"unnamedSourcesPolicy\":null,\"vatID\":null,\"additionalType\":null,\"alternateName\":\"{seomatic.site.identity.genericAlternateName}\",\"description\":\"{seomatic.site.identity.genericDescription}\",\"disambiguatingDescription\":null,\"identifier\":null,\"image\":{\"type\":\"ImageObject\",\"url\":\"{seomatic.site.identity.genericImage}\",\"width\":\"{seomatic.site.identity.genericImageWidth}\",\"height\":\"{seomatic.site.identity.genericImageHeight}\"},\"mainEntityOfPage\":null,\"name\":\"{seomatic.site.identity.genericName}\",\"potentialAction\":null,\"sameAs\":null,\"subjectOf\":null,\"url\":\"{seomatic.site.identity.genericUrl}\",\"context\":\"http://schema.org\",\"type\":\"{seomatic.site.identity.computedType}\",\"id\":\"{parseEnv(seomatic.site.identity.genericUrl)}#identity\",\"graph\":null,\"include\":true,\"key\":\"identity\",\"environment\":null,\"dependencies\":null,\"tagAttrs\":[],\"nonce\":null},\"creator\":{\"actionableFeedbackPolicy\":null,\"address\":{\"type\":\"PostalAddress\",\"streetAddress\":\"{seomatic.site.creator.genericStreetAddress}\",\"addressLocality\":\"{seomatic.site.creator.genericAddressLocality}\",\"addressRegion\":\"{seomatic.site.creator.genericAddressRegion}\",\"postalCode\":\"{seomatic.site.creator.genericPostalCode}\",\"addressCountry\":\"{seomatic.site.creator.genericAddressCountry}\"},\"aggregateRating\":null,\"alumni\":null,\"areaServed\":null,\"award\":null,\"brand\":null,\"contactPoint\":null,\"correctionsPolicy\":null,\"department\":null,\"dissolutionDate\":null,\"diversityPolicy\":null,\"diversityStaffingReport\":null,\"duns\":\"{seomatic.site.creator.organizationDuns}\",\"email\":\"{seomatic.site.creator.genericEmail}\",\"employee\":null,\"ethicsPolicy\":null,\"event\":null,\"faxNumber\":null,\"founder\":\"{seomatic.site.creator.organizationFounder}\",\"foundingDate\":\"{seomatic.site.creator.organizationFoundingDate}\",\"foundingLocation\":\"{seomatic.site.creator.organizationFoundingLocation}\",\"funder\":null,\"globalLocationNumber\":null,\"hasCredential\":null,\"hasMerchantReturnPolicy\":null,\"hasOfferCatalog\":null,\"hasPOS\":null,\"interactionStatistic\":null,\"isicV4\":null,\"knowsAbout\":null,\"knowsLanguage\":null,\"legalName\":null,\"leiCode\":null,\"location\":null,\"logo\":{\"type\":\"ImageObject\",\"url\":\"{seomatic.helper.socialTransform(seomatic.site.creator.genericImageIds[0], \\\"schema-logo\\\")}\",\"width\":\"{seomatic.helper.socialTransformWidth(seomatic.site.creator.genericImageIds[0], \\\"schema-logo\\\")}\",\"height\":\"{seomatic.helper.socialTransformHeight(seomatic.site.creator.genericImageIds[0], \\\"schema-logo\\\")}\"},\"makesOffer\":null,\"member\":null,\"memberOf\":null,\"naics\":null,\"numberOfEmployees\":null,\"ownershipFundingInfo\":null,\"owns\":null,\"parentOrganization\":null,\"publishingPrinciples\":null,\"review\":null,\"seeks\":null,\"slogan\":null,\"sponsor\":null,\"subOrganization\":null,\"taxID\":null,\"telephone\":\"{seomatic.site.creator.genericTelephone}\",\"unnamedSourcesPolicy\":null,\"vatID\":null,\"additionalType\":null,\"alternateName\":\"{seomatic.site.creator.genericAlternateName}\",\"description\":\"{seomatic.site.creator.genericDescription}\",\"disambiguatingDescription\":null,\"identifier\":null,\"image\":{\"type\":\"ImageObject\",\"url\":\"{seomatic.site.creator.genericImage}\",\"width\":\"{seomatic.site.creator.genericImageWidth}\",\"height\":\"{seomatic.site.creator.genericImageHeight}\"},\"mainEntityOfPage\":null,\"name\":\"{seomatic.site.creator.genericName}\",\"potentialAction\":null,\"sameAs\":null,\"subjectOf\":null,\"url\":\"{seomatic.site.creator.genericUrl}\",\"context\":\"http://schema.org\",\"type\":\"{seomatic.site.creator.computedType}\",\"id\":\"{parseEnv(seomatic.site.creator.genericUrl)}#creator\",\"graph\":null,\"include\":true,\"key\":\"creator\",\"environment\":null,\"dependencies\":null,\"tagAttrs\":[],\"nonce\":null}},\"name\":\"General\",\"description\":\"JsonLd Tags\",\"class\":\"nystudio107\\\\seomatic\\\\models\\\\MetaJsonLdContainer\",\"handle\":\"general\",\"include\":true,\"dependencies\":[],\"clearCache\":false},\"MetaTitleContainergeneral\":{\"data\":{\"title\":{\"title\":\"{seomatic.meta.seoTitle}\",\"siteName\":\"{seomatic.site.siteName}\",\"siteNamePosition\":\"{seomatic.meta.siteNamePosition}\",\"separatorChar\":\"{seomatic.config.separatorChar}\",\"include\":true,\"key\":\"title\",\"environment\":null,\"dependencies\":null,\"tagAttrs\":[]}},\"name\":\"General\",\"description\":\"Meta Title Tag\",\"class\":\"nystudio107\\\\seomatic\\\\models\\\\MetaTitleContainer\",\"handle\":\"general\",\"include\":true,\"dependencies\":[],\"clearCache\":false}}', '[]', '{\"data\":{\"humans\":{\"templateVersion\":\"1.0.0\",\"templateString\":\"/* TEAM */\\n\\nCreator: {{ seomatic.site.creator.genericName ?? \\\"n/a\\\" }}\\nURL: {{ seomatic.site.creator.genericUrl ?? \\\"n/a\\\" }}\\nDescription: {{ seomatic.site.creator.genericDescription ?? \\\"n/a\\\" }}\\n\\n/* THANKS */\\n\\nCraft CMS - https://craftcms.com\\nPixel & Tonic - https://pixelandtonic.com\\n\\n/* SITE */\\n\\nStandards: HTML5, CSS3\\nComponents: Craft CMS 3, Yii2, PHP, JavaScript, SEOmatic\\n\",\"siteId\":null,\"include\":true,\"handle\":\"humans\",\"path\":\"humans.txt\",\"template\":\"_frontend/pages/humans.twig\",\"controller\":\"frontend-template\",\"action\":\"humans\"},\"robots\":{\"templateVersion\":\"1.0.0\",\"templateString\":\"# robots.txt for {{ siteUrl }}\\n\\n{{ seomatic.helper.sitemapIndex() }}\\n{% switch seomatic.config.environment %}\\n\\n{% case \\\"live\\\" %}\\n\\n# live - don\'t allow web crawlers to index cpresources/ or vendor/\\n\\nUser-agent: *\\nDisallow: /cpresources/\\nDisallow: /vendor/\\nDisallow: /.env\\nDisallow: /cache/\\n\\n{% case \\\"staging\\\" %}\\n\\n# staging - disallow all\\n\\nUser-agent: *\\nDisallow: /\\n\\n{% case \\\"local\\\" %}\\n\\n# local - disallow all\\n\\nUser-agent: *\\nDisallow: /\\n\\n{% default %}\\n\\n# default - don\'t allow web crawlers to index cpresources/ or vendor/\\n\\nUser-agent: *\\nDisallow: /cpresources/\\nDisallow: /vendor/\\nDisallow: /.env\\nDisallow: /cache/\\n\\n{% endswitch %}\\n\",\"siteId\":null,\"include\":true,\"handle\":\"robots\",\"path\":\"robots.txt\",\"template\":\"_frontend/pages/robots.twig\",\"controller\":\"frontend-template\",\"action\":\"robots\"},\"ads\":{\"templateVersion\":\"1.0.0\",\"templateString\":\"# ads.txt file for {{ siteUrl }}\\n# More info: https://support.google.com/admanager/answer/7441288?hl=en\\n{{ siteUrl }},123,DIRECT\\n\",\"siteId\":null,\"include\":true,\"handle\":\"ads\",\"path\":\"ads.txt\",\"template\":\"_frontend/pages/ads.twig\",\"controller\":\"frontend-template\",\"action\":\"ads\"},\"security\":{\"templateVersion\":\"1.0.0\",\"templateString\":\"# security.txt file for {{ siteUrl }} - more info: https://securitytxt.org/\\n# (required) Contact email address for security issues\\nContact: {% set adminUser = craft.app.getUsers().userById(1) %}{{ adminUser.email ?? \'user@example.com\' }}\\n\\n# (required) Expiration date for the security information herein\\nExpiration: {{ date(\'1year\')|atom }}\\n\\n# (optional) OpenPGP key:\\nEncryption: {{ siteUrl }}pgp-key.txt\\n\\n# (optional) Security policy page:\\nPolicy: {{ siteUrl }}security-policy\\n\\n# (optional) Security acknowledgements page:\\nAcknowledgements: {{ siteUrl }}hall-of-fame\\n\",\"siteId\":null,\"include\":true,\"handle\":\"security\",\"path\":\"security.txt\",\"template\":\"_frontend/pages/security.twig\",\"controller\":\"frontend-template\",\"action\":\"security\"}},\"name\":\"Frontend Templates\",\"description\":\"Templates that are rendered on the frontend\",\"class\":\"nystudio107\\\\seomatic\\\\models\\\\FrontendTemplateContainer\",\"handle\":\"SeomaticEditableTemplate\",\"include\":true,\"dependencies\":null,\"clearCache\":false}', '{\"siteType\":\"CreativeWork\",\"siteSubType\":\"WebSite\",\"siteSpecificType\":\"\",\"seoTitleSource\":\"fromCustom\",\"seoTitleField\":\"\",\"siteNamePositionSource\":\"fromCustom\",\"seoDescriptionSource\":\"fromCustom\",\"seoDescriptionField\":\"\",\"seoKeywordsSource\":\"fromCustom\",\"seoKeywordsField\":\"\",\"seoImageIds\":[],\"seoImageSource\":\"fromAsset\",\"seoImageField\":\"\",\"seoImageTransform\":true,\"seoImageTransformMode\":\"crop\",\"seoImageDescriptionSource\":\"fromCustom\",\"seoImageDescriptionField\":\"\",\"twitterCreatorSource\":\"sameAsSite\",\"twitterCreatorField\":\"\",\"twitterTitleSource\":\"sameAsSeo\",\"twitterTitleField\":\"\",\"twitterSiteNamePositionSource\":\"fromCustom\",\"twitterDescriptionSource\":\"sameAsSeo\",\"twitterDescriptionField\":\"\",\"twitterImageIds\":[],\"twitterImageSource\":\"sameAsSeo\",\"twitterImageField\":\"\",\"twitterImageTransform\":true,\"twitterImageTransformMode\":\"crop\",\"twitterImageDescriptionSource\":\"sameAsSeo\",\"twitterImageDescriptionField\":\"\",\"ogTitleSource\":\"sameAsSeo\",\"ogTitleField\":\"\",\"ogSiteNamePositionSource\":\"fromCustom\",\"ogDescriptionSource\":\"sameAsSeo\",\"ogDescriptionField\":\"\",\"ogImageIds\":[],\"ogImageSource\":\"sameAsSeo\",\"ogImageField\":\"\",\"ogImageTransform\":true,\"ogImageTransformMode\":\"crop\",\"ogImageDescriptionSource\":\"sameAsSeo\",\"ogImageDescriptionField\":\"\"}');

INSERT INTO `sessions` (`id`, `userId`, `token`, `dateCreated`, `dateUpdated`, `uid`) VALUES
(2, 3, 'pV2gCoICPXsDCSv3CFEkGdDMoUbse2bc3BEViS_OIcn74xu0oZlI7XJG4sEE1IWH605J7r9z26E61rSjd9nVPiAFs2Ii5Fk8w0Ux', '2022-06-30 19:58:37', '2022-06-30 19:58:42', '4175d02e-7b73-45ec-9947-5dd2f9d4695f'),
(3, 3, 'PWAjp9osKB00SsfHGyFdXBt-cRpT5Q3BitydI3ImJnY52OWLbV1E_VeSvwyS3DLxSxiGWIK-V2JLa8U7frNvbcGYPP-WtlfVet83', '2022-07-01 06:17:50', '2022-07-01 11:13:22', '60c3f3bd-2034-4082-a863-c1cb36253846'),
(4, 3, 'itbWj2NxRwqdjRX9-4j6S3TuL5YTTTPc0CW0KTuUGXGXOYKSdMqrTK23TfKFKIoCpJ4G-7Kpb_2V79QNTA3tM3V-fjxhv3_vvaBu', '2022-07-01 11:13:22', '2022-07-01 11:13:23', '86ee7eeb-c08c-45ca-89a8-6435d9c3dfc5'),
(6, 3, 'gVs2PDpAr9vQkqhssl8k1HbKjtJox0CIpV_7Yh4oOGUrYVAuzB9OTO6N5NbWdFpbXXlvOz6Rt5e7II5xrEeYwNncwIbQMJhQelJY', '2022-07-11 14:11:58', '2022-07-12 16:32:28', 'ba23e70c-e234-4fc9-adc4-b359b67d02bb'),
(7, 3, 'cmBDZowJM0IG4hvzB7QOD4HVQ3AlqDZvTiwSf5Ed5jY0REZzCzBZ2bMJwPHCOxhoaZxtz7ItQrf3XF2O-5JYY1VAo2Y8YsxtI1Nx', '2022-07-13 07:00:37', '2022-07-13 09:45:49', '664e9127-7f6d-4765-a41e-91ed2bbec01c'),
(10, 3, 'b8Y0duul0D139RiYHWu-X4mmDqIQwCw-valHueP-bRlvX2LOtDqK1yGBXiOIjaCLyMk4KllwpQyAM91F4pOZtoHzO1rWQxd3DpJT', '2022-07-14 09:21:48', '2022-07-14 14:08:57', 'b4a4ffb5-993c-47eb-b322-dcfca0d2e13a'),
(11, 3, 'eBjqbM7bZ-R2G5lfALJ5yBgceH8O8RMDSNeBM9r7gSCXaUIcbufN-57OfX3hdoF1fZGDsVFJVJP120_vizBoI__sSgd7yADyJgbk', '2022-07-14 16:44:28', '2022-07-14 17:31:10', '069279c0-9d9d-40fa-893b-ce492e3b6c26'),
(12, 3, 'C8FutY_Z4c5_XXpB4bLZnUGGzD-2aA_TWuCm_SkIjUhlv-BHjdQ9N8yPM6T7UCG_n1DNZRkDKF0BVomkzmBDbN0BX09bVn3YCWgg', '2022-07-14 17:31:10', '2022-07-14 17:59:56', '6600ef07-e9b9-4f13-b463-4d0386f11ae0'),
(15, 3, 'MGM1dpR8g3ZrEA4TYlKLhaDmjtBdCFbsP8OiXyncrbZ6pyKkruZlCqkwK_eb6LWWSUqAa7lLAOsuuztBjhQBpUv7WtP51rmKTBcN', '2022-07-16 10:14:28', '2022-07-16 11:15:53', '07ecc600-140d-49c3-b18c-e0e7bb67dffe'),
(16, 3, 'ieS2K0Ti4uaoQqqlhixwVP91MrshjSvnbz7dmn_dtMEkxl_CH7_ekvzSbECriXmkwYX1bKIy5ijQTzsDFdH36jpi6gNLblUEAeTs', '2022-07-16 11:16:14', '2022-07-16 11:16:18', '494f1466-202b-4fdd-8155-8783a8ac8c5a'),
(17, 3, 'OuwCTQpjVygnTXnJemAFAtMJVlP7-ABJyDFgcfjDB_58ViYAOsgLDFuhsHzwPxqMJo-7nGhJSEdw1oOBfHcNIjQaotbAv6klpH2S', '2022-07-16 11:16:34', '2022-07-16 12:03:10', '836cb132-bf33-4306-8f20-56dc90051d7a'),
(21, 3, 'TT3VjaKbcukBwmbzeXS5Czg90fdF-GEmwVrEcqwfjvvaYpGlxkoT694gH_XpEOl3Mw7zuIU0-0rhHGizaV01K9vNRvOacfWb74-2', '2022-07-18 22:07:04', '2022-07-18 22:32:05', 'c86c6859-ce67-4bdb-9312-6ff46032a95f'),
(24, 3, '3IB6yJCIQI3fQYX8d9-iXgN6Tee5Ny87DIa0-pBi3fvHS2vw7duybQ2U9jTeZuMzEYGhWXGvkXgHsmfxksCXBdfFIhGcVjQTG_dQ', '2022-07-20 20:19:45', '2022-07-20 20:33:08', '7db3b911-613b-4df0-9630-94bdefafd161'),
(25, 3, 'fPAdc-WTomYvk7o59WiyiIn67FTpURehQ7pZyBk9nCmkOFs_Z3aVrbc87d3rCBUUPzDLvlCKgHC45Niaq9dzMqmB8LkV70JaaTNt', '2022-07-24 19:38:20', '2022-07-24 19:49:04', '3542b49e-3cd9-4872-beb8-7fb4f0fdf8ab'),
(29, 3, 'MR1JAQxKRxWJIGwHfeFk5lCPqAR3Wa7OGR7o_F4DIWjLN9_f0h0f9jloIPSWC3cME5dHmTVkXG6Jo9OZbOpqGuspXUXalgLo0oCW', '2022-07-25 12:14:36', '2022-07-25 13:12:50', '6b584621-4eca-4ff9-909b-39fe9d527035'),
(32, 3, '3jxjGw79XxtqxK0GS1J36ObjAfoCPwF3Qsp65uCNtHnVrTLSWFhxzWoLm5nx4IAjpmRFGYf33Pnqhz8ehh5_LYr52pU3jYo7sfi-', '2022-07-26 08:48:09', '2022-07-26 09:29:10', '756cb54b-6636-4019-81d2-365113e3d56f');

INSERT INTO `sitegroups` (`id`, `name`, `dateCreated`, `dateUpdated`, `dateDeleted`, `uid`) VALUES
(1, 'Default', '2022-06-25 12:57:32', '2022-06-25 12:57:32', NULL, '2c9430af-5272-4806-a33f-9364d065ac83');

INSERT INTO `sites` (`id`, `groupId`, `primary`, `enabled`, `name`, `handle`, `language`, `hasUrls`, `baseUrl`, `sortOrder`, `dateCreated`, `dateUpdated`, `dateDeleted`, `uid`) VALUES
(1, 1, 1, 1, 'voi-entspannt', 'default', 'de-DE', 1, '$PRIMARY_SITE_URL', 1, '2022-06-25 12:57:32', '2022-06-25 12:57:40', NULL, 'd0b81f54-9f0b-47ff-8b70-ede217a82e9d');

INSERT INTO `structureelements` (`id`, `structureId`, `elementId`, `root`, `lft`, `rgt`, `level`, `dateCreated`, `dateUpdated`, `uid`) VALUES
(1, 2, NULL, 1, 1, 2, 0, '2022-07-01 06:24:25', '2022-07-11 14:20:58', 'c62fcf8d-44ba-4129-933a-96b984cd47f4'),
(3, 3, NULL, 3, 1, 4, 0, '2022-07-11 14:33:12', '2022-07-11 14:33:12', 'c2ff49c6-d10f-4951-a252-0fff900981cc'),
(4, 3, 14, 3, 2, 3, 1, '2022-07-11 14:33:12', '2022-07-11 14:33:12', '73f5f23b-4d91-4603-bb45-74e5d37c9124');

INSERT INTO `structures` (`id`, `maxLevels`, `dateCreated`, `dateUpdated`, `dateDeleted`, `uid`) VALUES
(1, 1, '2022-06-25 12:57:38', '2022-06-25 12:57:38', '2022-07-14 17:18:38', '9a58750b-02a0-464e-9ea0-d0b1c387b182'),
(2, 1, '2022-06-25 12:57:38', '2022-06-25 12:57:38', '2022-07-11 14:20:58', '266b3a40-dc9c-4787-a0c1-6a533e8b2755'),
(3, 2, '2022-07-11 14:32:39', '2022-07-11 14:32:39', '2022-07-18 06:19:42', 'e901259f-4616-43af-ae73-f1749fb3e749');

INSERT INTO `usergroups` (`id`, `name`, `handle`, `description`, `dateCreated`, `dateUpdated`, `uid`) VALUES
(1, 'Editors', 'editors', '', '2022-06-25 12:57:37', '2022-06-25 12:57:37', '5502ecc3-271c-47e8-99ff-d06fe1a603a2');

INSERT INTO `userpermissions` (`id`, `name`, `dateCreated`, `dateUpdated`, `uid`) VALUES
(1, 'accesscp', '2022-06-25 12:57:37', '2022-06-25 12:57:37', '184edc2c-54dc-4698-8ec5-aa9470acc3b1'),
(2, 'createentries:a94c302a-1da9-4e98-96b1-36d23ce0235b', '2022-06-25 12:57:37', '2022-06-25 12:57:37', '4036f9fa-63e1-45df-8de2-16f6a182464b'),
(3, 'createentries:cc6d2bf8-1e58-42b4-a6fd-530931643cc5', '2022-06-25 12:57:37', '2022-06-25 12:57:37', '3e48321b-c03a-400a-8e6a-72abc88c7891'),
(4, 'createentries:dffb8692-e75f-4079-b9b6-00ffb0d73d37', '2022-06-25 12:57:37', '2022-06-25 12:57:37', 'a1c6ede0-03f3-4384-9c7c-3a66ac1f70ca'),
(5, 'createfoldersinvolume:5cce6b80-a35c-4207-82e0-3940c9091376', '2022-06-25 12:57:37', '2022-06-25 12:57:37', '01ef2aa7-8104-4a8e-9909-00d55e2adc5a'),
(6, 'createfoldersinvolume:c5b55746-9b95-40a4-9e04-178618e02cff', '2022-06-25 12:57:37', '2022-06-25 12:57:37', '5d04c775-4776-430d-a4b1-6bd08f8570c6'),
(7, 'deleteentries:a94c302a-1da9-4e98-96b1-36d23ce0235b', '2022-06-25 12:57:37', '2022-06-25 12:57:37', 'e26197df-d241-465c-b3d8-915ea8b9fa3d'),
(8, 'deleteentries:cc6d2bf8-1e58-42b4-a6fd-530931643cc5', '2022-06-25 12:57:37', '2022-06-25 12:57:37', '35d8a593-8108-41e7-96a7-2fa865434066'),
(9, 'deleteentries:dffb8692-e75f-4079-b9b6-00ffb0d73d37', '2022-06-25 12:57:37', '2022-06-25 12:57:37', '61123c50-c1f8-410d-8cf1-a8ce93923001'),
(10, 'deletefilesandfoldersinvolume:5cce6b80-a35c-4207-82e0-3940c9091376', '2022-06-25 12:57:37', '2022-06-25 12:57:37', '512f744f-03e9-4738-a507-94ef525b5520'),
(11, 'deletefilesandfoldersinvolume:c5b55746-9b95-40a4-9e04-178618e02cff', '2022-06-25 12:57:37', '2022-06-25 12:57:37', '8cd1a625-1682-499e-a12e-307393be96b1'),
(12, 'deletepeerentries:a94c302a-1da9-4e98-96b1-36d23ce0235b', '2022-06-25 12:57:37', '2022-06-25 12:57:37', 'a27eb6af-26af-40cb-94f2-9c5408fcbdce'),
(13, 'deletepeerentries:cc6d2bf8-1e58-42b4-a6fd-530931643cc5', '2022-06-25 12:57:37', '2022-06-25 12:57:37', '6c780be1-35ec-4f4f-a871-526c20b3eedc'),
(14, 'deletepeerentries:dffb8692-e75f-4079-b9b6-00ffb0d73d37', '2022-06-25 12:57:37', '2022-06-25 12:57:37', 'b7016a15-77f8-4e29-92e7-f640c16247c2'),
(15, 'deletepeerentrydrafts:745244db-cd1b-4b14-ab0f-07d6ddcf070f', '2022-06-25 12:57:37', '2022-06-25 12:57:37', 'ca850101-809f-42cc-a460-655a4e27ee40'),
(16, 'deletepeerentrydrafts:a94c302a-1da9-4e98-96b1-36d23ce0235b', '2022-06-25 12:57:37', '2022-06-25 12:57:37', '10cab590-ad0f-4bf4-a786-6ea8e9be7734'),
(17, 'deletepeerentrydrafts:cc6d2bf8-1e58-42b4-a6fd-530931643cc5', '2022-06-25 12:57:37', '2022-06-25 12:57:37', '6b24ae43-7a08-4a72-8076-b440fa925a63'),
(18, 'deletepeerentrydrafts:dffb8692-e75f-4079-b9b6-00ffb0d73d37', '2022-06-25 12:57:37', '2022-06-25 12:57:37', '3669ccf7-ddfb-4e5c-ad32-6f26352b4107'),
(19, 'deletepeerfilesinvolume:5cce6b80-a35c-4207-82e0-3940c9091376', '2022-06-25 12:57:37', '2022-06-25 12:57:37', '9da20ec0-39a7-492c-adff-bc1e12924757'),
(20, 'deletepeerfilesinvolume:c5b55746-9b95-40a4-9e04-178618e02cff', '2022-06-25 12:57:37', '2022-06-25 12:57:37', '6e19ec2d-6ebb-4af9-b372-4e6235b6471f'),
(21, 'editentries:1854f3be-cac9-430d-bde8-9093b969668c', '2022-06-25 12:57:37', '2022-06-25 12:57:37', '5427dea2-4aab-4ad8-8de3-879038e33bef'),
(22, 'editentries:745244db-cd1b-4b14-ab0f-07d6ddcf070f', '2022-06-25 12:57:37', '2022-06-25 12:57:37', '18874da5-d63c-4086-a0f4-3bc58463d1b4'),
(23, 'editentries:a94c302a-1da9-4e98-96b1-36d23ce0235b', '2022-06-25 12:57:37', '2022-06-25 12:57:37', '2ae56bae-f26a-40a9-8af7-54f1931295ea'),
(24, 'editentries:cc6d2bf8-1e58-42b4-a6fd-530931643cc5', '2022-06-25 12:57:37', '2022-06-25 12:57:37', 'f8ad0c91-95cb-422f-ab30-dec22454ec59'),
(25, 'editentries:dffb8692-e75f-4079-b9b6-00ffb0d73d37', '2022-06-25 12:57:37', '2022-06-25 12:57:37', '83c815dc-cc10-4b45-9dee-b9797dcd5e96'),
(26, 'editimagesinvolume:5cce6b80-a35c-4207-82e0-3940c9091376', '2022-06-25 12:57:37', '2022-06-25 12:57:37', '9dd28288-bc0d-4465-b6c1-19b2dbe6a0b0'),
(27, 'editimagesinvolume:c5b55746-9b95-40a4-9e04-178618e02cff', '2022-06-25 12:57:37', '2022-06-25 12:57:37', '7865d1af-c7e8-4e20-ac56-cc327e1822b2'),
(28, 'editpeerentries:1854f3be-cac9-430d-bde8-9093b969668c', '2022-06-25 12:57:37', '2022-06-25 12:57:37', 'f2a07185-4b3d-47b3-b514-1eae5ef12959'),
(29, 'editpeerentries:a94c302a-1da9-4e98-96b1-36d23ce0235b', '2022-06-25 12:57:37', '2022-06-25 12:57:37', '53c2f2d0-cd57-4dc4-bd04-43b83698c245'),
(30, 'editpeerentries:cc6d2bf8-1e58-42b4-a6fd-530931643cc5', '2022-06-25 12:57:37', '2022-06-25 12:57:37', 'f11b9f85-1388-47ab-8cdb-24b5e0e77b57'),
(31, 'editpeerentries:dffb8692-e75f-4079-b9b6-00ffb0d73d37', '2022-06-25 12:57:37', '2022-06-25 12:57:37', '46196576-baa0-467d-ae95-e440866c9f14'),
(32, 'editpeerentrydrafts:1854f3be-cac9-430d-bde8-9093b969668c', '2022-06-25 12:57:37', '2022-06-25 12:57:37', '2bb7359f-cd01-4eb2-be6e-0fddbb84c9cc'),
(33, 'editpeerentrydrafts:745244db-cd1b-4b14-ab0f-07d6ddcf070f', '2022-06-25 12:57:37', '2022-06-25 12:57:37', '5f2dbe69-236b-4d8f-91ca-89625965f7d5'),
(34, 'editpeerentrydrafts:a94c302a-1da9-4e98-96b1-36d23ce0235b', '2022-06-25 12:57:37', '2022-06-25 12:57:37', 'f53edb7f-3a5c-4efb-8c90-38588bf74c5e'),
(35, 'editpeerentrydrafts:cc6d2bf8-1e58-42b4-a6fd-530931643cc5', '2022-06-25 12:57:37', '2022-06-25 12:57:37', 'd54560c5-596c-48ac-bb0e-2801cfd2df81'),
(36, 'editpeerentrydrafts:dffb8692-e75f-4079-b9b6-00ffb0d73d37', '2022-06-25 12:57:37', '2022-06-25 12:57:37', '299fb8bb-0b65-4933-bd5f-2d756440c4b3'),
(37, 'editpeerfilesinvolume:5cce6b80-a35c-4207-82e0-3940c9091376', '2022-06-25 12:57:37', '2022-06-25 12:57:37', 'c27f4a5e-2e21-4ca2-92e8-2208379de8d9'),
(38, 'editpeerfilesinvolume:c5b55746-9b95-40a4-9e04-178618e02cff', '2022-06-25 12:57:37', '2022-06-25 12:57:37', '932e9e77-6583-4bac-886a-a5531f705dba'),
(39, 'editpeerimagesinvolume:5cce6b80-a35c-4207-82e0-3940c9091376', '2022-06-25 12:57:37', '2022-06-25 12:57:37', '444e3095-d6ea-4027-83d4-c8b1069e69c9'),
(40, 'editpeerimagesinvolume:c5b55746-9b95-40a4-9e04-178618e02cff', '2022-06-25 12:57:37', '2022-06-25 12:57:37', '09e1e8ef-e02f-4c9c-be56-c9cc5018aaff'),
(41, 'publishentries:1854f3be-cac9-430d-bde8-9093b969668c', '2022-06-25 12:57:37', '2022-06-25 12:57:37', 'de258f68-a4f4-43b6-abe4-31c92aea00d7'),
(42, 'publishentries:745244db-cd1b-4b14-ab0f-07d6ddcf070f', '2022-06-25 12:57:37', '2022-06-25 12:57:37', '889c1868-a79b-458b-a9ce-d9ebb6f4c507'),
(43, 'publishentries:a94c302a-1da9-4e98-96b1-36d23ce0235b', '2022-06-25 12:57:37', '2022-06-25 12:57:37', '5923beb3-09f2-473b-b628-fdfab15feeb3'),
(44, 'publishentries:cc6d2bf8-1e58-42b4-a6fd-530931643cc5', '2022-06-25 12:57:37', '2022-06-25 12:57:37', 'ff7c2211-36bd-40bd-89b2-9064166cd2db'),
(45, 'publishentries:dffb8692-e75f-4079-b9b6-00ffb0d73d37', '2022-06-25 12:57:37', '2022-06-25 12:57:37', '4ccd513c-c5ec-45b3-b35c-6153c27eade0'),
(46, 'publishpeerentries:1854f3be-cac9-430d-bde8-9093b969668c', '2022-06-25 12:57:37', '2022-06-25 12:57:37', 'ec19cc53-7264-4c2d-8852-f45286733b8b'),
(47, 'publishpeerentries:a94c302a-1da9-4e98-96b1-36d23ce0235b', '2022-06-25 12:57:37', '2022-06-25 12:57:37', 'b6bd47f0-3025-4b89-b878-fe399fe1fcc9'),
(48, 'publishpeerentries:cc6d2bf8-1e58-42b4-a6fd-530931643cc5', '2022-06-25 12:57:37', '2022-06-25 12:57:37', '91a46737-e01e-45d3-8a12-1d0f718fbdf7'),
(49, 'publishpeerentries:dffb8692-e75f-4079-b9b6-00ffb0d73d37', '2022-06-25 12:57:37', '2022-06-25 12:57:37', '1cf2a9df-f79a-44cf-b19b-a5d7a0aa6ff8'),
(50, 'publishpeerentrydrafts:1854f3be-cac9-430d-bde8-9093b969668c', '2022-06-25 12:57:37', '2022-06-25 12:57:37', '6731bc77-3bb8-4e8a-aac6-0d579931934e'),
(51, 'publishpeerentrydrafts:745244db-cd1b-4b14-ab0f-07d6ddcf070f', '2022-06-25 12:57:37', '2022-06-25 12:57:37', '683ccbf6-55cb-456f-bc86-e59d996b6bb1'),
(52, 'publishpeerentrydrafts:a94c302a-1da9-4e98-96b1-36d23ce0235b', '2022-06-25 12:57:37', '2022-06-25 12:57:37', 'e6f374c6-be11-4171-a3b3-4f1c9bd42954'),
(53, 'publishpeerentrydrafts:cc6d2bf8-1e58-42b4-a6fd-530931643cc5', '2022-06-25 12:57:37', '2022-06-25 12:57:37', '5f28b398-0fd8-452a-8ca2-693c7bdc3163'),
(54, 'publishpeerentrydrafts:dffb8692-e75f-4079-b9b6-00ffb0d73d37', '2022-06-25 12:57:37', '2022-06-25 12:57:37', '658517bd-3a76-4005-bb0f-665f00d60db1'),
(55, 'replacefilesinvolume:5cce6b80-a35c-4207-82e0-3940c9091376', '2022-06-25 12:57:37', '2022-06-25 12:57:37', 'e2f4921a-f5c7-4c3c-a22e-8151f7678dd6'),
(56, 'replacefilesinvolume:c5b55746-9b95-40a4-9e04-178618e02cff', '2022-06-25 12:57:38', '2022-06-25 12:57:38', '0fe06548-e211-4d25-97bd-47cf0d016467'),
(57, 'replacepeerfilesinvolume:5cce6b80-a35c-4207-82e0-3940c9091376', '2022-06-25 12:57:38', '2022-06-25 12:57:38', '994e1055-ecb6-4248-ada8-eab45f300421'),
(58, 'replacepeerfilesinvolume:c5b55746-9b95-40a4-9e04-178618e02cff', '2022-06-25 12:57:38', '2022-06-25 12:57:38', '93439438-1d43-4d92-95d4-74d6500b2c04'),
(59, 'saveassetinvolume:5cce6b80-a35c-4207-82e0-3940c9091376', '2022-06-25 12:57:38', '2022-06-25 12:57:38', '76ca1126-68ec-4f11-b1ee-6f245f609665'),
(60, 'saveassetinvolume:c5b55746-9b95-40a4-9e04-178618e02cff', '2022-06-25 12:57:38', '2022-06-25 12:57:38', 'c63d2c2c-20df-49af-ac5f-ae435a8a785e'),
(61, 'viewpeerfilesinvolume:5cce6b80-a35c-4207-82e0-3940c9091376', '2022-06-25 12:57:38', '2022-06-25 12:57:38', '769b8d52-439e-4beb-9bf3-e1db9d9139c8'),
(62, 'viewpeerfilesinvolume:c5b55746-9b95-40a4-9e04-178618e02cff', '2022-06-25 12:57:38', '2022-06-25 12:57:38', '4f59309a-e75d-4b21-b1cf-cbeedd202ada'),
(63, 'viewvolume:5cce6b80-a35c-4207-82e0-3940c9091376', '2022-06-25 12:57:38', '2022-06-25 12:57:38', '37f95750-e568-453f-a0d9-0506cdca3a68'),
(64, 'viewvolume:c5b55746-9b95-40a4-9e04-178618e02cff', '2022-06-25 12:57:38', '2022-06-25 12:57:38', '19d1613b-efa5-4db0-ac1a-feaff9030f41');

INSERT INTO `userpermissions_usergroups` (`id`, `permissionId`, `groupId`, `dateCreated`, `dateUpdated`, `uid`) VALUES
(1, 1, 1, '2022-06-25 12:57:38', '2022-06-25 12:57:38', '793d17d5-3235-4b68-99a4-f4ba29e18a0b'),
(2, 2, 1, '2022-06-25 12:57:38', '2022-06-25 12:57:38', '1123aefa-a8e8-4786-8ea4-9c01da1a6cf2'),
(3, 3, 1, '2022-06-25 12:57:38', '2022-06-25 12:57:38', 'e3355639-7fc6-46fc-a3b9-a54a4c053e04'),
(4, 4, 1, '2022-06-25 12:57:38', '2022-06-25 12:57:38', '26b3dee5-ad4e-4e02-8408-287675ce0a6b'),
(5, 5, 1, '2022-06-25 12:57:38', '2022-06-25 12:57:38', 'd21554a7-4f9c-4062-99e5-9a6dd6a0f0c5'),
(6, 6, 1, '2022-06-25 12:57:38', '2022-06-25 12:57:38', '57f10bf5-0001-4e82-a489-05f57b902b18'),
(7, 7, 1, '2022-06-25 12:57:38', '2022-06-25 12:57:38', '7a6c73d6-cc54-468b-aa9f-86ae57269d7d'),
(8, 8, 1, '2022-06-25 12:57:38', '2022-06-25 12:57:38', '2ae6a153-340b-4131-b58b-d03746b68c81'),
(9, 9, 1, '2022-06-25 12:57:38', '2022-06-25 12:57:38', '1b13b827-4e36-4cb2-8e4b-cba746702a2c'),
(10, 10, 1, '2022-06-25 12:57:38', '2022-06-25 12:57:38', '38ee1024-0ee5-47fc-93c2-5f6c3ceb153f'),
(11, 11, 1, '2022-06-25 12:57:38', '2022-06-25 12:57:38', '24894044-f8fd-432b-8237-53a2cd043922'),
(12, 12, 1, '2022-06-25 12:57:38', '2022-06-25 12:57:38', '4b9ef793-0eb6-455e-ac93-ef30e1fae3d1'),
(13, 13, 1, '2022-06-25 12:57:38', '2022-06-25 12:57:38', 'f9ba00b2-d749-4eca-bf2a-1ccde45f45c4'),
(14, 14, 1, '2022-06-25 12:57:38', '2022-06-25 12:57:38', '497c687e-9101-4e19-87b2-87ba737cbbc6'),
(15, 15, 1, '2022-06-25 12:57:38', '2022-06-25 12:57:38', '41468f3a-53cf-4b83-8ef7-40cea45f1b35'),
(16, 16, 1, '2022-06-25 12:57:38', '2022-06-25 12:57:38', 'b17653bd-f146-4ba9-914d-9c72ddc65dcf'),
(17, 17, 1, '2022-06-25 12:57:38', '2022-06-25 12:57:38', '2136df85-2b8b-4f35-ac76-4d29d0002a8e'),
(18, 18, 1, '2022-06-25 12:57:38', '2022-06-25 12:57:38', '1a292006-d50a-40fb-9928-aa81f32d9596'),
(19, 19, 1, '2022-06-25 12:57:38', '2022-06-25 12:57:38', '70d71958-1e0a-4ff8-8d3a-1fe4224db4d9'),
(20, 20, 1, '2022-06-25 12:57:38', '2022-06-25 12:57:38', '9d19530f-cf14-4c9f-8a22-5c41b521056b'),
(21, 21, 1, '2022-06-25 12:57:38', '2022-06-25 12:57:38', 'e64f1422-1ded-401f-b8b1-a8770ca853b3'),
(22, 22, 1, '2022-06-25 12:57:38', '2022-06-25 12:57:38', '562a78bd-04e2-4e9e-afb1-b3d7cc1b8f9a'),
(23, 23, 1, '2022-06-25 12:57:38', '2022-06-25 12:57:38', 'e5e569f2-5312-40d4-94c1-9ddc6d9685f5'),
(24, 24, 1, '2022-06-25 12:57:38', '2022-06-25 12:57:38', '588bfc20-d656-4d82-b36b-540c6a83eccf'),
(25, 25, 1, '2022-06-25 12:57:38', '2022-06-25 12:57:38', 'f9b156cd-0b24-4a88-a512-380022b0a363'),
(26, 26, 1, '2022-06-25 12:57:38', '2022-06-25 12:57:38', 'a7ed6a54-fcff-41a8-8ee1-1dd702c25105'),
(27, 27, 1, '2022-06-25 12:57:38', '2022-06-25 12:57:38', '6c09bc40-7076-478e-aa1f-8158665b6b9f'),
(28, 28, 1, '2022-06-25 12:57:38', '2022-06-25 12:57:38', 'e465e3cd-7c23-497d-b297-aae94fff83a3'),
(29, 29, 1, '2022-06-25 12:57:38', '2022-06-25 12:57:38', '8f4246b4-6052-4200-8fee-b4cc4b3337c0'),
(30, 30, 1, '2022-06-25 12:57:38', '2022-06-25 12:57:38', '5f21a099-933e-401e-858f-786fcfc20746'),
(31, 31, 1, '2022-06-25 12:57:38', '2022-06-25 12:57:38', '95ccdeee-c4a2-47af-a900-5f7ad1198f3c'),
(32, 32, 1, '2022-06-25 12:57:38', '2022-06-25 12:57:38', 'c10f7a28-11a9-41b1-bfbb-943838efc3b8'),
(33, 33, 1, '2022-06-25 12:57:38', '2022-06-25 12:57:38', 'e06ee425-90e8-44e4-bb80-4d6587c342c7'),
(34, 34, 1, '2022-06-25 12:57:38', '2022-06-25 12:57:38', '0d21e119-ca35-4ecf-aed0-3408cd83133e'),
(35, 35, 1, '2022-06-25 12:57:38', '2022-06-25 12:57:38', 'fccfcafb-7316-4f16-847a-d02cf5dc025a'),
(36, 36, 1, '2022-06-25 12:57:38', '2022-06-25 12:57:38', 'b50fb55a-5c58-447f-b156-2baba0daab89'),
(37, 37, 1, '2022-06-25 12:57:38', '2022-06-25 12:57:38', '439831f0-021c-4dd4-8d80-dce183214838'),
(38, 38, 1, '2022-06-25 12:57:38', '2022-06-25 12:57:38', '697036f3-7796-4115-be04-0eeefad7b7b3'),
(39, 39, 1, '2022-06-25 12:57:38', '2022-06-25 12:57:38', '5c2d2955-c3b7-44a9-854b-fe37f6399344'),
(40, 40, 1, '2022-06-25 12:57:38', '2022-06-25 12:57:38', '1b86a007-3e37-4f73-9ef0-b9fde62ecb9c'),
(41, 41, 1, '2022-06-25 12:57:38', '2022-06-25 12:57:38', '6e126aba-0bc6-4b6c-85fe-607ba78bc1ee'),
(42, 42, 1, '2022-06-25 12:57:38', '2022-06-25 12:57:38', 'fcb062d3-ab3c-40e8-bdb5-f6df14a52447'),
(43, 43, 1, '2022-06-25 12:57:38', '2022-06-25 12:57:38', '38c93699-79c9-4dd4-9e7a-264b67d886ab'),
(44, 44, 1, '2022-06-25 12:57:38', '2022-06-25 12:57:38', 'cf8592ee-3f63-4a52-8048-811411f03170'),
(45, 45, 1, '2022-06-25 12:57:38', '2022-06-25 12:57:38', '242417d3-301c-4c35-a3ac-c3b783d0b3d3'),
(46, 46, 1, '2022-06-25 12:57:38', '2022-06-25 12:57:38', '9f12ab19-37ac-4e42-b235-c5b09c40be52'),
(47, 47, 1, '2022-06-25 12:57:38', '2022-06-25 12:57:38', '69f719e6-e25f-480b-b489-9754573eef74'),
(48, 48, 1, '2022-06-25 12:57:38', '2022-06-25 12:57:38', 'e24ddefd-dfdc-40da-91c8-cba84ee7054b'),
(49, 49, 1, '2022-06-25 12:57:38', '2022-06-25 12:57:38', 'f6ca9e59-8153-4482-8cd6-0753934d3f96'),
(50, 50, 1, '2022-06-25 12:57:38', '2022-06-25 12:57:38', '69e4ec1d-e061-4125-ac7b-b8845d082918'),
(51, 51, 1, '2022-06-25 12:57:38', '2022-06-25 12:57:38', '21126ba7-9d18-4b0f-918e-304c0c69609d'),
(52, 52, 1, '2022-06-25 12:57:38', '2022-06-25 12:57:38', '29863cd5-b5e8-4b1a-9b50-29952786966a'),
(53, 53, 1, '2022-06-25 12:57:38', '2022-06-25 12:57:38', 'dcfb38a1-3aa4-44b8-a5c4-8961838c38bb'),
(54, 54, 1, '2022-06-25 12:57:38', '2022-06-25 12:57:38', '200ce60a-1c8c-413b-b1fa-ed38a1e21bdf'),
(55, 55, 1, '2022-06-25 12:57:38', '2022-06-25 12:57:38', 'd2fa08bf-00dc-40c8-9492-6edec04acc00'),
(56, 56, 1, '2022-06-25 12:57:38', '2022-06-25 12:57:38', '59103263-6d1b-4780-992e-7e7222c11027'),
(57, 57, 1, '2022-06-25 12:57:38', '2022-06-25 12:57:38', '2ccf4909-3454-4b5c-8a5e-3c76cac002a0'),
(58, 58, 1, '2022-06-25 12:57:38', '2022-06-25 12:57:38', '63c06a35-f206-4fc4-8209-b32425872f33'),
(59, 59, 1, '2022-06-25 12:57:38', '2022-06-25 12:57:38', 'cb3664fa-1e98-4c7c-9966-b8310e2cbd65'),
(60, 60, 1, '2022-06-25 12:57:38', '2022-06-25 12:57:38', '049cfb83-2dcb-494b-b5cd-99db9ec9de17'),
(61, 61, 1, '2022-06-25 12:57:38', '2022-06-25 12:57:38', 'd279ea0d-5849-41dd-8258-7645969d7b0f'),
(62, 62, 1, '2022-06-25 12:57:38', '2022-06-25 12:57:38', 'ad14091b-6408-489f-a7ef-20e27fb1473a'),
(63, 63, 1, '2022-06-25 12:57:38', '2022-06-25 12:57:38', 'e6f7a160-1ea1-419c-af0a-f4cb59a05885'),
(64, 64, 1, '2022-06-25 12:57:38', '2022-06-25 12:57:38', 'ef177277-5389-4243-838b-e2a7b705df3c');

INSERT INTO `userpreferences` (`userId`, `preferences`) VALUES
(3, '{\"language\":\"de\",\"locale\":null,\"weekStartDay\":\"1\",\"alwaysShowFocusRings\":false,\"useShapes\":false,\"underlineLinks\":false,\"showFieldHandles\":false,\"enableDebugToolbarForSite\":false,\"enableDebugToolbarForCp\":false,\"showExceptionView\":false,\"profileTemplates\":true}');

INSERT INTO `users` (`id`, `username`, `photoId`, `firstName`, `lastName`, `email`, `password`, `admin`, `locked`, `suspended`, `pending`, `lastLoginDate`, `lastLoginAttemptIp`, `invalidLoginWindowStart`, `invalidLoginCount`, `lastInvalidLoginDate`, `lockoutDate`, `hasDashboard`, `verificationCode`, `verificationCodeIssuedDate`, `unverifiedEmail`, `passwordResetRequired`, `lastPasswordChangeDate`, `dateCreated`, `dateUpdated`, `uid`) VALUES
(3, 'admin', NULL, '', '', 'sami.reichoer@gmail.com', '$2y$13$966Yblq6Kn1dU81BLajW6eiCMH4uVZ3VjywCV3V4cEiZ0kx/xPPUK', 1, 0, 0, 0, '2022-07-26 08:48:09', NULL, NULL, NULL, NULL, NULL, 1, NULL, NULL, NULL, 0, '2022-06-25 12:57:41', '2022-06-25 12:57:41', '2022-07-26 08:48:09', '5f843b63-bfb1-4646-ac04-67924430932e');

INSERT INTO `volumefolders` (`id`, `parentId`, `volumeId`, `name`, `path`, `dateCreated`, `dateUpdated`, `uid`) VALUES
(1, NULL, 1, 'Graphics', '', '2022-06-25 12:57:36', '2022-06-25 12:57:36', '1cd7bcbe-9a23-44b0-a981-3defecaca27c'),
(2, NULL, 2, 'Template Images', '', '2022-06-25 12:57:36', '2022-06-25 12:57:36', 'c77cb33b-b8d3-403f-bd8a-0359be9206d8'),
(3, NULL, 3, 'Images', '', '2022-06-25 12:57:37', '2022-06-25 12:57:37', 'cefd7594-60e6-4052-bed3-8e0f3d054de8'),
(4, NULL, NULL, 'Temporre Quelle', NULL, '2022-07-01 06:40:56', '2022-07-01 06:40:56', 'fa4ae20b-8cd6-4a8d-a462-da21a88a6722'),
(5, 4, NULL, 'user_3', 'user_3/', '2022-07-01 06:40:56', '2022-07-01 06:40:56', 'a596c482-894c-464f-b998-28febac20b73');

INSERT INTO `volumes` (`id`, `fieldLayoutId`, `name`, `handle`, `type`, `hasUrls`, `url`, `titleTranslationMethod`, `titleTranslationKeyFormat`, `settings`, `sortOrder`, `dateCreated`, `dateUpdated`, `dateDeleted`, `uid`) VALUES
(1, 2, 'Graphics', 'graphics', 'craft\\volumes\\Local', 1, '@web/assets/graphics', 'site', NULL, '{\"path\":\"@webroot/assets/graphics\"}', 3, '2022-06-25 12:57:36', '2022-06-25 12:57:36', NULL, 'c5b55746-9b95-40a4-9e04-178618e02cff'),
(2, 5, 'Template Images', 'templateImages', 'craft\\volumes\\Local', 1, '@web/assets/templateImages', 'site', NULL, '{\"path\":\"@webroot/assets/templateImages\"}', 2, '2022-06-25 12:57:36', '2022-06-25 12:57:36', NULL, '8352538e-0d17-48be-bf6d-c03a439cb40a'),
(3, 6, 'Images', 'images', 'craft\\volumes\\Local', 1, '@web/assets/images', 'site', NULL, '{\"path\":\"@webroot/assets/images\"}', 1, '2022-06-25 12:57:37', '2022-06-25 12:57:37', NULL, '5cce6b80-a35c-4207-82e0-3940c9091376');

INSERT INTO `widgets` (`id`, `userId`, `type`, `sortOrder`, `colspan`, `settings`, `enabled`, `dateCreated`, `dateUpdated`, `uid`) VALUES
(1, 3, 'craft\\widgets\\RecentEntries', 1, NULL, '{\"siteId\":1,\"section\":\"*\",\"limit\":10}', 1, '2022-06-30 14:06:24', '2022-06-30 14:06:24', '00477759-5181-46a0-a142-895b182c74de'),
(2, 3, 'craft\\widgets\\CraftSupport', 2, NULL, '[]', 1, '2022-06-30 14:06:24', '2022-06-30 14:06:24', '0ead589a-47c8-4752-a699-99aaf23fca9f'),
(3, 3, 'craft\\widgets\\Updates', 3, NULL, '[]', 1, '2022-06-30 14:06:24', '2022-06-30 14:06:24', '4cbf92b4-f1e2-4b03-bf26-18b80123fe68'),
(4, 3, 'craft\\widgets\\Feed', 4, NULL, '{\"url\":\"https://craftcms.com/news.rss\",\"title\":\"Craft News\",\"limit\":5}', 1, '2022-06-30 14:06:24', '2022-06-30 14:06:24', '8caee5e4-68f6-47af-b663-39f251f2028f');



/*!40101 SET SQL_MODE=@OLD_SQL_MODE */;
/*!40014 SET FOREIGN_KEY_CHECKS=@OLD_FOREIGN_KEY_CHECKS */;
/*!40014 SET UNIQUE_CHECKS=@OLD_UNIQUE_CHECKS */;
/*!40101 SET CHARACTER_SET_CLIENT=@OLD_CHARACTER_SET_CLIENT */;
/*!40101 SET CHARACTER_SET_RESULTS=@OLD_CHARACTER_SET_RESULTS */;
/*!40101 SET COLLATION_CONNECTION=@OLD_COLLATION_CONNECTION */;
/*!40111 SET SQL_NOTES=@OLD_SQL_NOTES */;